307 232 2 67 -12 45 183 76 -221 -237 165 253 -51 237 -139 67 -441 243 -382 -281 152 -233 199 -447 -71 74 102 234 75 325 -189 -509 -68 -361 -207 -141 208 146 151 -340 -87 136 -101 226 -101 160 -275 319 63 -173
-35 -279 450 498 226 282 145 207 90 64 -26 -106 -163 -67 84 -1 -391 -152 358 -337 112 -140 134 -24 -230 6 181 106 561 -180 47 428 -485 -109 31 389 -30 177 127 22 81 108 -166 53 -61 220 -140 -172 -3 386
452 351 -137 -360 346 -82 -123 -73 -123 -377 137 -271 198 -120 -289 -191 409 -294 -257 120 193 -139 37 715 196 -507 -103 -354 148 290 113 409 146 -2 226 -113 302 410 -289 243 -232 62 153 7 -453 -336 471 215 164 287
414 -111 -75 145 -93 150 22 -235 63 301 -33 -89 -221 -48 244 -213 -60 518 -102 -373 350 426 123 -221 -434 -327 -225 360 201 -7 70 -594 523 246 -417 -478 268 285 -452 183 -99 145 -234 126 -299 212 227 -119 -424 -206
-244 466 49 -245 98 222 114 405 -313 157 16 -336 -8 -89 13 -68 152 -313 -80 -540 -434 -176 220 -176 265 -61 -21 -51 -229 134 13 42 -159 108 470 239 -233 -486 706 -84 -523 64 -79 160 77 -311 557 84 -14 86
-180 -143 -398 -82 -269 -130 22 269 -154 121 166 -203 -52 -267 -148 -33 58 74 -111 326 -275 -54 -228 607 102 231 -56 174 128 74 192 413 235 28 322 169 -60 29 -209 -188 294 366 518 -317 -152 107 347 -74 540 -182
507 -264 -176 54 -191 -129 148 59 -648 -353 162 -317 264 222 13 51 -170 62 -269 -293 -92 264 228 174 -304 426 -95 15 206 43 95 -258 -548 137 377 74 238 541 -114 137 -586 -228 -1 170 161 -104 -110 -43 -303 59
139 -251 -232 64 158 146 608 667 120 166 278 -169 -46 74 -25 1 -11 -169 -13 -75 111 -388 185 -56 54 200 -318 -109 183 -357 310 -63 -176 -186 8 -3 -270 300 -137 -407 -180 -97 -207 -261 -210 -142 -137 -4 576 186
798 172 87 38 -212 148 210 227 -250 -719 -13 118 -113 146 451 76 -45 34 4 -410 -140 -467 581 -146 122 -368 -223 141 273 -46 253 25 -101 -192 -151 -247 606 81 129 281 -297 -123 136 217 -260 -256 33 -187 -69 36
145 192 277 168 503 -158 95 -236 -447 310 -351 -109 -223 -95 165 141 -171 -68 -206 -466 218 -2 367 -285 -221 3 114 51 340 320 28 -92 120 160 -140 38 432 -446 129 88 99 14 232 80 -69 -35 -192 -155 -197 -318
332 154 -400 297 -219 64 168 -130 -238 -192 65 -58 -432 98 -91 -143 -19 312 -436 -468 150 -75 362 -565 96 199 -501 -31 96 -131 224 -257 497 155 -114 -86 203 -506 -345 303 -276 39 -203 -46 -137 -130 143 -195 -14 -136
-213 127 -381 251 -220 -115 -247 -27 -156 239 -44 -358 49 267 -84 320 -251 235 -160 -287 -209 168 517 46 109 -401 209 193 354 154 100 116 239 17 107 433 23 124 46 -377 -236 216 46 -130 -354 188 313 -277 361 171
-68 360 238 -424 -100 -121 -79 -122 13 -53 400 122 269 122 -11 -81 -65 173 190 -482 125 349 -41 240 203 -450 209 75 24 78 122 325 -347 -66 60 205 160 -327 131 -517 -365 367 84 175 154 23 -73 -125 332 -509
-106 171 411 -372 223 -138 -84 -408 651 -157 -196 -56 187 144 13 -101 72 26 206 21 -45 729 -57 -114 208 -215 10 -506 -148 -518 32 597 361 -132 591 54 89 396 99 -80 -318 160 -471 139 -79 59 324 242 502 55
120 -43 -113 -122 418 139 512 -99 -310 90 289 -331 -326 -436 93 -22 384 2 59 39 -204 -480 -15 -57 -108 69 -76 280 1 -191 308 95 -116 95 55 -123 -265 -66 -69 20 164 -332 182 -284 -166 -447 -227 -133 -388 309
351 336 -632 359 123 52 15 193 -192 -29 409 -114 -411 375 -104 152 -248 -436 -295 -90 138 -673 301 -443 328 -12 -228 39 269 533 -44 143 43 -59 100 104 -383 -210 -250 320 118 -2 -395 127 -44 -64 -156 228 149 329
174 -158 352 148 -320 -139 -105 -256 233 -292 -544 53 231 -30 74 36 -404 41 -84 63 139 407 249 -110 2 43 316 389 108 -248 69 321 7 -65 -57 87 304 -23 35 167 373 263 -540 -11 153 21 -203 10 -431 -256
166 -240 -196 508 -57 -89 -506 -251 14 -220 -42 -104 481 625 373 4 -81 261 -102 174 67 -305 -105 -264 -374 316 45 444 -189 14 -21 -197 -199 16 -14 338 127 525 103 140 268 -228 75 310 59 -500 -821 -217 -541 103
145 20 -306 405 442 -217 -155 146 389 182 -431 -222 30 -93 -120 -48 261 -203 -162 -43 257 -283 160 -91 -646 37 -34 -152 47 141 -85 -196 49 96 -69 -124 33 307 -109 113 -233 -190 36 -187 -177 -133 -37 -40 130 189
163 -304 -386 192 -142 591 372 93 -497 -280 224 66 435 -53 9 -351 379 -269 -76 -428 200 209 -360 -290 -232 -35 -127 -413 431 56 -111 -192 -256 -124 119 -473 234 305 10 -29 -703 113 -163 713 99 -549 441 -197 -335 342
-178 -112 -290 159 389 293 39 241 129 382 -441 -342 -556 -110 -139 87 89 283 136 -150 560 659 -158 45 -529 -271 -154 103 291 -1 -184 333 333 99 58 -277 344 342 -601 214 -154 298 -422 -239 -112 296 296 -10 261 -9
-402 -75 257 225 -153 148 -35 -119 59 249 -367 46 353 -365 -410 -214 -205 -269 80 44 232 787 110 275 -309 -57 533 -191 542 -87 -602 -5 203 262 353 -21 236 -211 -67 -210 168 480 -168 141 239 -98 85 -84 11 -355
329 -273 249 398 81 407 391 -84 323 -28 -335 198 -122 -132 332 -109 -132 -181 111 -8 343 33 456 -68 183 -32 -118 -374 181 -35 184 -85 12 -297 -274 -415 138 68 -11 -204 -134 114 -336 58 34 -56 230 -422 -35 413
-208 -191 -477 -367 625 -235 -92 204 -180 645 66 -1 -187 220 196 221 -85 44 -329 -146 82 -38 -220 175 -141 -472 -225 170 -327 383 75 386 -18 136 316 -109 150 547 5 -385 -218 -282 169 103 196 480 -298 82 143 110
-140 31 301 228 149 101 219 -103 -365 -293 341 -187 -318 -10 75 297 -187 -75 -12 -204 -46 -174 105 -310 374 188 57 71 165 0 -12 80 -226 -50 116 615 -406 -24 -139 52 190 -227 -110 -268 -257 331 54 -76 -257 44
-73 -67 -171 -449 -1 -126 84 -420 91 -83 -161 35 107 -207 133 115 88 169 -158 87 -560 236 -730 -146 232 -52 -137 9 -102 -504 188 400 633 -150 108 -35 -71 582 -49 -58 74 -24 -95 -169 -82 41 442 -426 -172 -92
667 319 -112 -197 675 -480 -155 342 -357 -524 92 -68 -217 93 6 -85 135 -448 -365 -377 210 -199 24 -303 71 201 -211 -544 -119 404 -40 -57 -122 188 29 124 -74 284 182 -27 -49 -134 -135 145 -299 111 140 296 -125 20
-107 -127 -209 -291 -106 -265 -190 -60 -193 439 46 -69 192 -147 86 154 -386 172 -155 -157 350 111 -282 242 -191 -326 -261 -205 -225 199 120 -232 211 136 -151 53 29 31 -301 -355 309 -247 360 -237 -2 555 -180 -83 155 -237
97 63 -86 52 113 -170 374 -202 95 -241 -260 168 -189 128 164 411 -51 -20 231 88 209 323 116 -462 -206 349 -34 -72 62 -76 250 -164 28 -240 -152 -158 -17 -4 -451 59 7 159 -255 -187 -160 247 5 -129 -81 -489
-136 -324 297 -287 206 -189 6 -57 29 58 156 149 106 -35 218 223 -125 22 136 -100 -349 -84 -54 -51 -31 -136 139 124 -54 -398 -410 90 -175 216 324 54 122 -379 140 153 -229 -627 -78 -236 421 -13 -398 71 -196 118
-119 -260 -89 -357 166 -180 -130 -85 -16 289 -373 -38 415 -498 -55 -99 -139 125 -256 -17 464 415 -188 265 -472 -155 -213 -246 -526 -94 141 -49 313 203 103 -249 295 -45 -94 -344 32 -81 -160 11 195 327 -293 218 435 -443
138 580 413 209 -221 -207 -95 -275 46 -235 -99 -267 -254 -184 -341 -139 219 31 195 -61 -425 -247 -636 15 -306 305 252 139 229 -394 -116 -277 318 -178 -447 -377 473 -380 -213 356 30 476 292 58 236 -69 351 -4 12 -179
-329 848 272 135 -126 333 18 -130 -150 -163 -26 -216 -467 -313 14 260 37 -155 178 247 -167 46 -279 -100 56 458 -242 198 -319 -206 393 203 -341 -421 172 255 -285 -261 278 -78 410 659 315 56 63 218 212 72 -270 -185
152 -383 -119 -238 -416 -459 -162 -273 49 25 184 5 401 222 -294 -841 90 447 -540 241 45 -27 300 83 212 203 180 158 -535 249 161 0 461 22 -321 -312 140 -420 27 -136 -35 114 346 -130 635 -545 -364 116 187 -421
44 200 -486 195 77 -230 -42 280 90 40 295 -258 127 474 -452 -198 430 -171 118 124 172 -175 -264 240 -264 -235 -315 -247 -53 309 168 20 51 306 -406 366 -210 357 -165 93 -359 125 -329 -33 -609 -120 455 -225 141 -59
519 376 -54 -205 132 -365 17 29 -322 -261 -102 -74 -346 284 -154 266 40 17 133 -487 -148 -41 151 -560 252 46 -381 -355 396 469 45 211 -384 21 -235 28 347 -147 249 206 -316 -8 -326 -116 -98 247 252 194 40 251
130 -280 -175 312 10 249 -13 144 247 -156 -253 229 164 140 431 68 -21 -14 -523 -51 355 -28 152 -341 -3 180 -288 -311 -228 -170 23 -226 -339 21 287 -86 -50 310 -303 -329 -466 -470 -305 -147 -193 18 4 133 -180 631
231 -21 462 103 -177 105 719 267 95 -169 -29 274 -178 143 162 -229 -25 450 213 406 -175 -266 518 -280 298 424 279 259 270 -168 106 -86 -187 -275 -136 -371 -127 59 186 158 278 370 300 248 235 -448 -270 14 297 133
142 195 107 -547 304 552 208 -198 134 -263 309 237 -29 450 364 -318 497 417 281 -77 -298 193 227 -504 297 -25 -172 73 -208 71 114 775 44 -299 98 -228 132 -423 378 364 -27 51 -235 413 -287 -317 -213 -48 -50 -73
-213 396 269 -30 -14 139 -89 -10 451 -98 -54 -149 450 49 -344 -707 130 195 -199 85 70 135 -445 -216 -165 71 78 13 -204 -28 -475 66 -84 95 -149 10 -150 -48 -84 72 -21 -1 147 -452 423 -602 -442 -111 182 -289
382 -359 -379 485 -116 297 -394 -50 420 -14 -47 105 -328 390 204 -217 77 -43 69 -115 275 -332 242 14 -167 -51 -452 209 371 -29 69 -449 150 -9 -399 -342 91 147 -297 237 -55 -208 19 -213 -63 -84 -15 -397 -358 59
3 -105 429 -378 54 -233 -53 -109 14 144 250 -117 521 -112 259 -206 -155 132 544 228 -438 308 -388 193 241 -227 95 174 -13 164 128 100 -205 -31 -196 312 -247 408 304 -26 560 44 154 -70 -44 188 -217 -369 -189 -217
50 -361 58 410 115 -156 -131 -424 424 96 -328 -69 55 -71 309 -127 138 277 -144 43 402 611 -9 -610 -300 396 219 59 266 -364 101 -206 222 -30 -401 -177 -23 4 -376 7 376 363 -32 -160 42 -97 -213 -219 -454 -5
283 -34 65 -226 -99 137 -70 -278 -49 -189 566 54 649 244 808 -43 163 441 -54 -517 261 244 463 -293 -19 -775 -106 116 -198 163 242 -27 -323 136 83 73 -37 145 -56 175 -738 -198 -43 578 -118 -174 -183 -164 -26 -169
148 299 174 -78 -35 -34 140 -38 -495 -311 -445 -240 -132 -411 70 -150 280 -138 -108 92 271 -97 31 73 115 -123 118 276 -140 92 570 -89 -21 -12 -418 -26 -414 100 136 -192 -46 413 -30 -47 -125 -246 292 77 -70 -369
-140 157 177 67 -59 -12 -166 -405 -70 -52 -495 -305 -200 69 -231 96 24 -27 328 521 169 255 388 -87 -79 266 229 326 -27 158 200 -164 -39 -361 -193 22 -74 -1 386 133 410 255 -295 185 222 -44 -263 168 -354 -269
348 132 -362 -9 540 173 174 -70 148 -21 189 -483 -696 18 160 31 97 -335 197 -60 301 64 -40 -449 -374 352 -379 38 152 -98 104 15 148 -24 109 -363 -133 70 -200 408 194 159 -362 2 168 -232 -139 177 -267 24
31 -89 -274 -24 -150 328 76 72 106 257 390 87 -121 524 218 -196 -32 -125 410 -129 -210 59 -235 -178 -141 53 -105 94 702 -51 -221 356 333 -214 -33 -183 259 64 -410 6 23 624 151 262 73 -80 33 -530 200 -269
299 451 14 -126 288 6 -274 435 37 -334 34 -183 -446 -188 366 99 333 -89 -239 -87 253 -196 203 152 74 -512 -318 294 -442 565 -197 100 -124 -145 112 -105 352 93 160 269 -277 -128 -32 104 -24 67 -48 268 -334 -157
228 202 -182 197 291 407 -80 236 -97 -164 -383 -296 -763 35 300 258 106 251 532 34 -116 -99 365 -183 -469 287 -261 414 389 -81 -189 186 -261 80 138 -184 75 219 -14 442 368 82 15 -364 -327 82 -101 -201 -243 88
93 -147 -377 627 -66 -557 -420 -127 171 -245 -188 294 279 -39 -60 -84 96 -77 -237 222 568 -567 25 14 -122 167 -35 -424 -281 116 -185 -331 227 -2 -412 -208 184 -373 -16 254 -312 -123 147 -97 134 -500 16 0 159 -60
-130 264 125 262 102 471 -78 298 254 -51 -547 261 -112 -393 -265 -441 419 -157 -402 -151 538 -62 318 72 -425 66 -196 -93 350 -590 -337 -83 -177 284 169 -173 100 -370 -20 -249 -386 -39 259 -390 -253 -496 -114 131 75 -32
-127 -453 -256 -284 -156 152 288 453 3 186 25 326 219 -144 393 -180 -118 230 -20 -324 20 299 125 129 173 -278 -306 -263 254 -319 -72 245 110 -29 200 -266 197 -28 -126 -468 -277 -144 198 -287 -80 188 -192 -457 484 -143
393 385 216 335 -473 215 263 -165 117 -492 240 186 -367 382 -9 170 -111 -376 -90 -191 51 21 496 -448 56 -112 94 112 518 -243 134 -469 188 -441 -238 -375 299 -450 -454 56 -321 451 -18 385 185 -22 224 121 -185 -193
-631 479 629 -1 368 268 105 272 376 263 -254 -104 -108 -596 81 -269 -122 -254 105 -129 -200 -44 -215 -170 73 13 -42 76 -221 -53 -477 -337 -158 240 116 266 -437 -71 545 193 -131 94 432 -2 366 -21 202 -369 535 -136
409 -434 -469 153 134 124 -432 15 358 14 -118 103 -266 355 419 -241 414 -135 272 354 45 -439 430 0 -32 -38 -207 -126 137 451 -91 14 140 -70 52 -383 23 383 241 315 161 -264 -34 375 -35 -163 -130 -103 -273 527
-133 335 179 380 -53 29 48 -186 112 426 259 -382 -233 304 242 -14 -436 426 231 -228 -185 416 39 -314 -234 111 -322 479 42 -146 405 22 -31 245 -128 396 -335 -58 -125 -90 100 317 175 -322 80 388 -263 -179 -49 -83
321 207 -48 -52 380 -84 205 -184 -116 226 82 119 -161 -189 -230 302 25 -384 298 -71 271 130 -19 -155 -564 26 -308 -595 419 188 -130 -208 -214 95 74 -88 296 -196 -154 110 24 -7 -52 151 -236 56 -204 134 -18 -5
246 -49 -557 -187 -320 -452 -35 101 -317 97 24 -126 208 -244 -75 322 53 -6 128 -8 -79 -282 -274 397 -59 -294 -87 -408 57 -123 256 -38 7 251 87 -32 -331 216 62 -149 -34 -329 -413 233 -6 87 177 -69 122 359
-81 15 -459 407 40 -338 -88 198 37 279 32 37 -243 119 92 383 -342 -481 -504 -493 186 -474 378 -5 182 -111 80 -316 -51 -147 11 -65 266 -44 310 18 -63 -137 -29 -453 -321 -136 50 -153 -92 83 90 95 306 44
36 -426 -35 305 135 176 -104 -184 535 -78 -45 431 77 -101 0 -414 160 192 -457 335 568 -82 -10 -353 7 455 188 4 -255 198 -411 -415 295 -102 -306 -529 2 60 -8 -2 568 134 -11 190 299 -174 -108 51 -3 -286
-51 -197 81 94 -33 248 113 -279 501 -23 -368 48 746 554 65 -297 -71 238 6 394 74 529 427 -291 183 121 200 -83 334 -69 -86 507 197 -243 192 81 140 -86 -195 -36 345 -57 -466 65 -177 -196 -710 -235 525 200
182 7 -384 -5 494 -108 137 120 -487 51 546 -175 -19 113 -353 60 -35 195 -230 -127 294 -20 5 105 -238 225 -208 -146 -25 517 -158 -69 -238 15 -54 141 367 291 -246 -121 -536 -100 -381 248 -379 200 25 79 90 185
-684 263 69 87 -226 388 -392 -415 555 96 -107 -181 146 83 -22 -52 6 180 314 590 -410 341 -431 85 121 -290 192 257 -246 -192 5 483 339 -321 276 156 -377 230 8 -118 449 311 277 -168 147 -14 105 -121 83 222
208 672 266 29 315 63 -105 -128 -38 -157 -11 -122 48 -72 -13 241 117 2 -422 -400 8 127 29 -128 213 -314 -161 -32 80 -209 117 85 150 291 -38 141 259 -93 -239 80 20 199 -23 92 -226 244 209 79 364 -57
99 -383 -57 -32 49 -10 174 95 -71 86 366 -204 248 55 27 -187 -113 208 -134 -39 -82 132 467 79 -202 202 616 223 281 -186 50 352 77 -275 182 -164 351 -234 -276 248 44 522 -53 295 -92 -208 -162 32 141 -71
634 -455 160 -277 -174 -421 -498 8 167 -542 329 263 -105 10 109 76 238 -246 386 -171 -310 -567 98 260 548 -434 510 132 -162 412 27 74 -262 -284 -482 -85 190 -275 379 430 -110 -274 -325 309 472 -221 166 41 -557 221
11 -109 63 -242 129 185 238 27 -260 294 8 366 -298 264 159 300 98 -71 420 182 -467 -230 105 105 372 -27 -11 208 43 443 261 472 -30 -236 -210 16 -119 82 322 -23 592 -126 437 122 -262 49 -144 -214 -116 -33
-50 -258 276 71 260 -400 -395 -192 321 -140 533 -228 -56 -25 190 -66 97 -64 95 150 279 143 -143 103 272 -35 151 231 -115 -84 -36 45 40 -113 -332 426 89 -373 -393 386 -85 -56 -132 -220 66 -69 -75 -81 -322 -46
169 104 -502 -265 -604 -40 187 -36 -546 -289 -183 -533 615 -467 97 -449 -188 124 -523 -200 139 474 483 -3 427 -350 -199 11 -57 -102 580 168 -166 95 534 -179 -106 468 -36 -94 -249 181 -137 100 125 -279 23 -112 -8 100
179 -17 -112 -272 344 -68 -214 -79 -156 440 -16 -7 46 -223 208 312 77 -311 236 -318 -203 107 -295 31 -246 47 -148 -266 278 -5 168 24 -62 254 42 -146 -149 66 -15 3 216 344 159 142 -61 372 434 13 35 -2
-130 133 -35 85 -18 -406 -235 105 -277 -3 335 -526 130 287 90 265 -27 122 -380 148 -477 194 215 154 206 197 351 443 -528 489 193 490 -334 -240 407 398 -184 -44 427 -166 -120 35 216 -36 280 -7 -179 491 -264 155
-220 260 131 106 -33 250 -4 -393 296 -79 80 -83 71 48 -77 -102 -234 -275 -241 -65 23 215 181 -375 43 56 237 82 -32 -158 -164 -796 205 -373 -125 -302 -1 -91 263 45 -346 -106 -269 466 539 -146 -174 47 -372 -127
307 72 691 -377 233 151 -342 -672 866 -98 -523 110 89 -123 469 22 28 -259 120 124 -221 387 13 -30 -114 -306 1 -29 75 -225 301 289 262 -373 131 -514 524 119 164 -38 457 259 360 48 286 137 -178 255 -59 -81
-247 236 -339 -17 -405 347 62 -66 -340 -52 -347 200 -98 -275 -695 217 -356 -220 -266 -26 -164 -237 -592 -5 -215 -105 34 -338 -93 328 -407 41 402 54 322 28 67 57 -332 16 166 -194 -77 -35 26 15 515 78 -136 119
44 -130 -404 178 -46 154 300 -126 187 39 29 5 523 387 -224 -199 -487 -16 -293 -118 -158 189 -124 -482 62 102 -113 -611 175 345 -115 -252 459 -247 52 -142 -194 162 -225 -17 -302 -438 -357 369 -63 110 10 -162 677 716
262 -291 172 70 -523 -11 -198 4 215 -186 -471 353 226 -6 -69 -505 116 -148 193 113 85 -86 -93 208 -84 -187 -407 -413 310 -81 66 -241 76 207 -132 77 245 389 156 -267 52 -12 348 -177 -268 -58 -29 -68 31 93
-193 -309 262 53 40 -337 470 130 -176 54 -200 158 266 -266 38 402 -154 -72 -118 -86 -245 -18 -430 76 -28 59 123 231 50 -332 604 -67 -338 -395 -228 350 -156 130 272 -337 -402 -303 209 -11 316 152 -158 -311 173 -105
65 -163 -216 -139 -378 -25 -174 360 122 -526 286 156 206 -121 8 -259 -92 2 -173 -347 -55 -71 123 -77 232 -127 -61 -73 176 154 61 470 -465 -326 -57 84 -46 -204 79 -26 -532 -114 70 -300 49 -58 126 -1 -152 89
-78 63 -59 -93 -372 -119 62 -314 148 -140 82 111 121 -65 318 43 49 30 -40 674 23 -6 -60 -15 233 -5 -204 259 -417 -136 305 146 284 -170 238 -71 -39 -7 -572 138 357 -151 397 145 249 -78 -642 213 -38 76
187 -67 145 405 82 508 -511 -568 11 88 -358 -254 -79 47 -136 -434 72 157 155 -74 385 232 -209 86 -734 130 -298 16 486 80 -210 108 -115 79 48 107 560 184 -345 438 -41 -13 98 150 -83 -223 -193 -355 -446 368
-550 -191 -318 -486 -21 396 386 -255 -254 350 -190 48 168 -636 70 0 -229 195 57 99 -500 147 -105 -276 -253 426 -163 -44 -323 27 -64 60 258 165 513 -108 10 -321 387 291 455 -142 178 252 -41 51 116 -368 -82 -88
405 -347 -129 77 84 387 210 -205 701 -189 311 266 273 587 98 -301 -128 307 -51 262 -130 -21 -25 -380 -239 174 -397 308 433 -235 -79 197 152 -236 -234 -131 318 734 -287 289 350 -264 191 -292 -288 -257 -628 -237 -236 253
248 141 595 -129 415 -57 -35 -27 153 -369 404 30 -38 -12 259 -112 737 131 341 -224 253 -24 -107 39 -94 -325 -82 -30 81 -448 58 29 -309 -158 -283 6 200 -16 -5 167 -590 -31 -121 68 -120 -88 -47 -25 -122 -422
184 356 -155 185 -280 -29 -260 -222 -206 -39 59 94 146 163 -258 673 -113 -350 -140 156 65 62 -684 148 -472 -305 -472 -104 204 -82 12 -340 -21 68 -57 251 402 17 -505 -76 62 181 264 118 29 210 -20 104 22 98
214 532 566 -54 -73 -609 -191 318 -47 -133 233 221 -63 117 -103 -267 495 -184 -40 396 -130 -360 -577 133 337 -175 -38 23 -90 -94 -270 -195 211 54 -512 -42 435 -725 92 270 388 261 227 240 383 -66 -527 311 -136 -443
-44 675 -15 109 -113 -81 235 356 -204 77 -346 -262 -319 20 -252 -56 176 130 -43 -102 32 80 -88 -1 77 -177 -266 138 189 -78 171 357 17 39 -140 95 185 -197 60 -144 -196 630 -73 -453 -236 -152 201 27 61 -159
-119 671 -489 -25 -234 -159 -10 183 -430 226 250 33 -257 -153 -97 468 -20 -265 -570 -134 -299 -904 -543 -88 -153 72 -472 241 -414 108 -107 -304 -243 434 360 211 43 -475 -140 -33 140 -222 735 -83 90 -228 -289 173 -176 127
-278 37 -105 342 133 -222 -69 -173 -18 64 -41 -69 171 -164 -102 223 241 -360 -174 146 -176 -285 -347 68 168 -132 -126 -227 -233 36 -9 -256 269 -139 86 91 43 -686 117 23 -215 -425 263 4 377 -217 -81 -138 161 347
-73 514 -187 -321 180 77 315 -37 299 -317 176 -64 44 -46 -28 88 173 -177 162 -147 25 -90 -343 -580 -190 -73 -220 -350 -278 -144 64 -179 161 48 -201 -4 -533 -76 112 66 -60 -268 -399 73 -168 -1 311 -199 170 -303
167 -244 85 -87 277 29 114 379 -210 -18 -394 138 -148 283 255 -133 378 383 93 -195 -24 35 -86 -28 162 69 -419 240 -149 148 427 325 -385 36 -414 48 -93 162 403 -74 -499 -181 -44 -350 -133 1 309 -209 -146 118
83 -25 102 -194 123 -378 -122 466 2 -12 40 316 -50 -31 132 17 -27 -7 -239 -6 -193 -496 -72 127 160 204 -561 -260 -217 359 -402 -324 -296 362 103 272 170 -97 324 83 -256 -823 267 -152 185 399 -205 -70 82 -35
-86 9 229 -200 87 -440 -392 -213 422 -264 94 82 431 -410 -53 -261 60 -396 3 289 299 319 -196 71 -40 -252 -16 -291 -488 -266 82 -146 223 -259 -169 -72 86 -272 428 -208 294 104 -18 335 243 65 -478 263 48 -353
-94 -52 16 68 457 67 225 133 -157 154 126 -92 -120 -157 -388 211 491 -14 -102 -262 21 140 -69 -39 -56 457 344 23 530 -383 -503 -382 21 58 193 -129 249 -214 -151 104 -276 75 -322 78 -174 -130 216 236 264 -112
149 -164 -103 -28 65 -694 27 -264 52 181 -280 143 12 -35 -161 -60 -180 91 155 222 720 293 -43 -62 -223 107 -14 -897 98 -8 61 411 336 171 -183 -102 -70 -187 -623 -3 418 172 -308 -225 -381 362 32 96 345 -9
-390 -264 -197 -9 -27 -34 -382 -210 426 16 281 245 540 47 331 416 -78 107 -291 112 344 458 18 -123 116 44 404 -56 -506 33 -568 -176 -144 -255 350 -129 -10 293 -165 -301 -64 -135 -188 273 216 313 -323 337 170 -63
190 263 -269 79 60 138 -121 3 -414 -212 -48 -141 -254 -115 5 95 5 -696 -162 -15 -271 -414 -259 -357 180 265 -144 -18 224 550 2 -158 381 -203 -295 -34 -242 -160 227 -61 481 401 406 19 -230 -215 686 1 -300 89
152 -320 -78 -166 54 96 228 546 -330 -19 119 202 -125 -113 87 -25 303 352 -245 -25 311 32 -49 615 -39 -83 -169 196 -329 -22 316 211 -576 104 -10 -124 -152 272 83 -709 -368 -57 -248 -223 -69 337 35 188 -178 -80
-100 68 -307 -121 -465 99 -22 52 -478 -169 646 143 388 73 -7 88 153 251 -210 143 -576 -581 -275 -88 339 410 -170 173 -59 280 -167 138 -302 4 198 368 31 -153 -66 153 163 -323 574 189 -165 -272 -303 32 -46 271
269 -77 -572 67 -14 -230 234 107 -254 393 356 -344 24 572 34 -149 -319 107 -56 139 380 68 -334 -38 162 -169 -827 -608 -164 362 629 -82 343 -124 -202 72 -315 375 -90 -582 128 -345 -432 40 -285 298 -281 -6 229 400
38 276 -8 271 281 -180 -196 -504 -65 244 -151 -478 124 303 -378 -257 -24 174 -408 -157 172 127 -439 -248 -37 -147 -47 -249 405 237 259 350 321 360 -257 394 -75 -26 -448 133 495 93 77 -82 -446 155 245 -274 342 453
64 -218 193 -22 -98 -500 -59 130 220 -118 -87 48 333 110 21 -469 239 120 283 434 77 130 235 69 349 168 379 -602 31 -172 -251 1 347 286 -58 -111 -300 -355 89 168 246 -15 -518 112 29 -240 85 -10 182 -20
264 374 373 132 166 140 370 -31 68 219 -552 -105 -465 167 132 -223 -84 45 -131 221 -36 -45 344 -216 -286 352 -415 130 300 -81 48 16 146 148 -85 -190 471 -182 -498 395 140 174 612 -384 145 -158 -543 -263 205 -71
-419 253 573 -101 -110 -62 63 125 1 18 -53 -171 214 -493 -269 -350 -359 -592 44 -81 -20 -16 498 598 -27 -75 631 162 251 -221 -102 -262 -272 -145 19 194 -243 -571 259 -194 -309 197 589 -164 352 -150 4 -189 121 -291
345 -275 341 -149 228 206 -152 -137 -58 -178 -151 4 46 39 420 17 -64 -422 281 33 -351 27 129 154 -101 -117 -170 148 153 -46 28 65 99 25 288 -7 325 135 22 464 245 -202 328 80 251 -9 -150 -267 -233 -228
318 193 -50 80 538 -426 167 530 -272 291 68 -223 -265 114 54 264 206 -249 36 -626 -255 -456 236 -14 233 -176 152 -156 103 229 -331 -273 -104 393 11 -11 164 -158 219 272 -612 -320 -97 -76 60 -361 271 -113 246 172
-125 510 -346 265 67 34 -164 229 152 -55 471 -637 -244 -202 147 154 -306 120 -232 -398 -73 -172 -117 -285 -249 -168 -95 317 -370 -311 69 -138 317 -130 -206 96 115 -243 55 91 89 242 -306 54 -38 271 -117 -196 52 -277
325 113 165 191 227 -249 96 -124 -458 74 -144 45 -192 127 8 400 16 -41 -280 443 -25 22 -55 -165 -203 568 48 -5 51 187 58 319 -176 94 154 115 339 -277 -528 192 929 269 410 -43 -299 105 -391 364 -374 287
-197 207 -20 306 54 382 28 -160 185 -5 -328 -23 289 155 -228 -132 -217 -68 -355 -100 421 581 -273 -240 -18 -205 -335 -133 -6 -119 -395 149 172 208 212 160 124 199 -469 68 -135 -88 -302 -326 -37 -166 93 -182 -117 273
10 -263 -78 -288 101 421 -26 86 -195 78 5 -480 595 237 259 -439 227 -262 87 150 -467 -18 505 188 -13 -80 334 259 205 683 107 326 -164 -223 144 143 -528 225 559 78 -78 -311 87 118 -112 -534 -77 -332 -179 -28
-131 127 239 -262 -207 -508 51 124 271 -205 86 123 306 -186 -156 152 372 -586 -237 523 -328 -60 -328 420 671 -336 291 -296 -191 -204 -95 -197 330 -328 110 -8 -174 474 239 -395 -171 -54 206 267 512 -274 281 67 174 -101
-91 309 393 -136 279 499 112 235 -438 -299 127 214 -122 -554 -189 -46 502 129 -257 -547 -191 -278 -269 -95 227 82 -211 202 -40 -190 -12 146 -448 -128 184 51 341 -419 348 23 -440 -220 185 287 -260 -40 204 438 -22 292
34 450 -82 -144 -232 -307 17 445 -88 -468 272 -96 239 -123 -60 -198 -134 -423 -101 23 -321 -414 -43 244 119 -156 -173 -156 -184 -151 -116 -348 181 123 20 118 -317 -168 231 286 -340 -297 467 -178 97 -338 75 -4 102 -225
-47 120 -524 -192 21 293 0 77 56 8 128 -47 -160 -223 -111 100 -202 -321 219 116 -190 -317 -473 170 -624 -44 -483 48 -331 208 65 -147 -81 80 0 78 -111 577 199 -109 96 -57 -143 46 -197 328 -84 -170 -220 -178
403 25 160 -161 -351 97 -99 -185 -76 -274 213 257 -107 -137 -116 -155 225 191 50 117 -123 -431 -83 196 146 196 -141 207 53 -82 -242 94 149 323 -272 104 394 -217 71 249 531 -28 -48 65 -260 -378 -65 -90 -362 -187
-427 -131 -130 -13 -387 129 251 22 58 305 203 180 447 -216 -219 -490 155 423 -76 522 -57 25 -340 473 -176 -48 -14 -222 -59 -162 51 137 408 196 132 -108 -50 124 -366 -99 -43 190 469 67 -281 -107 407 -37 228 185
369 -263 88 -449 342 -220 41 -228 168 -263 290 -229 2 136 386 -423 735 44 674 271 -185 -462 229 192 -95 283 167 107 -47 -71 555 176 -208 -383 -130 -361 -127 424 663 86 -253 365 467 526 31 -699 260 -114 94 140
12 -60 287 -288 297 -247 241 -10 -320 157 42 172 48 -447 -207 389 215 417 -232 -148 -379 -34 -441 -13 19 343 603 -27 -279 91 -157 -327 -193 187 -135 -224 -75 -107 20 96 210 -69 23 107 5 290 262 408 126 39
-483 34 150 154 110 422 -139 -226 -210 182 -160 -51 -15 128 -181 401 -262 161 489 236 -73 233 203 395 -412 163 259 225 -142 -26 -273 -139 -23 -88 348 70 154 -66 -165 274 -159 -251 -103 176 -195 404 36 231 207 29
-261 -6 -231 348 -665 415 -75 144 416 -372 331 32 494 -53 -224 -343 126 60 335 60 226 103 88 279 -69 -110 -168 -145 676 -456 -364 -256 63 91 203 366 -96 -52 -75 -70 -230 -298 -456 279 -555 -80 -21 -269 150 211
147 -37 -41 621 -210 -27 -106 -59 222 75 110 224 -623 244 -135 596 -99 -2 166 -258 785 24 -395 -34 -68 -717 -365 -13 299 -20 375 27 57 -61 -530 184 15 -345 -843 92 -66 -164 -600 -169 -104 643 246 168 -289 189
-446 163 -118 323 -300 214 109 -292 181 722 -45 -29 -229 -132 10 -75 -254 305 161 162 280 538 -227 -83 -600 189 -56 250 42 183 -132 -439 507 140 -275 -177 -89 -525 -574 -63 319 414 276 -74 -70 434 -12 -163 94 -330
-97 -404 -488 -152 -384 261 -168 -268 -225 281 -133 -226 69 -115 34 -135 -248 184 359 42 -90 39 286 114 -516 382 319 94 -33 72 -26 265 103 98 5 -174 -54 -96 -71 195 355 -54 -335 59 -99 -154 -202 -249 -523 -121
460 293 235 204 8 42 -151 89 -340 -60 -522 -108 262 444 205 42 -159 23 -346 -193 -193 144 296 -283 26 152 -365 -390 441 117 -32 -169 46 152 85 287 575 -115 -23 181 172 -328 -60 250 -476 304 -346 -148 95 350
-58 -138 -63 31 -224 52 457 302 39 241 580 260 124 40 -66 14 -419 275 9 -443 -308 -397 4 226 88 70 -11 -90 -19 -305 294 -49 -206 -4 -13 268 -80 30 33 -213 -528 -184 160 153 -320 106 150 -225 552 350
-38 53 20 377 -117 225 307 202 224 -28 -177 -132 -6 -281 207 -210 -308 60 -20 -96 485 518 31 -202 -240 -82 -9 104 151 -189 91 85 128 137 -324 24 -45 -184 -602 375 181 334 -362 -4 -169 159 119 -535 -172 -88
-115 -24 47 315 -105 -29 -505 -194 614 -167 -41 -62 48 -385 -156 -139 361 390 -301 120 90 -9 -338 163 -17 -96 242 174 -61 -236 19 430 -21 27 98 3 80 407 -98 194 131 455 -157 -66 -76 106 452 359 -220 236
33 170 187 124 68 3 67 -111 -155 426 418 -60 -254 637 -129 -139 -140 597 -447 1 -124 186 355 -345 -17 608 -91 496 -33 78 -81 -165 132 113 -400 285 612 -643 -234 190 187 271 206 82 -248 197 -401 -5 -203 53
63 155 117 -443 7 -111 23 -314 -611 43 279 62 40 183 71 252 78 -55 436 -60 -644 150 -109 421 -175 -469 -48 440 17 41 551 435 -101 51 -75 490 238 -407 321 247 -219 10 386 222 -163 -125 4 -498 -528 -379
-73 -308 -128 54 -404 19 386 139 -885 -52 -24 74 71 -358 33 170 -335 -135 134 -100 313 100 379 231 -86 23 358 -220 91 119 256 174 -726 -40 498 12 -68 340 -17 -276 38 237 -345 478 -453 431 105 308 -533 221
83 176 -58 -89 509 192 17 1 -132 51 -174 2 -484 6 247 241 733 30 -10 -329 240 365 -149 -96 -40 -825 -287 -95 140 164 183 391 18 69 49 -333 228 138 -120 61 -272 -44 241 -201 -428 50 424 230 -447 253
-451 -18 405 -291 27 200 -92 -137 205 -93 324 371 213 349 -43 34 253 -245 198 308 -150 -199 130 48 508 111 403 151 -27 -34 -351 -164 -318 -271 12 291 -213 -350 248 -229 16 -278 202 30 -91 -306 -111 20 -87 -95
309 139 -303 -70 -3 -435 -101 -201 -713 -166 -323 -296 -18 -203 -202 96 131 115 -408 -340 176 114 308 173 -371 113 26 -212 52 56 457 211 -69 355 179 -154 226 -227 -304 12 -115 145 267 -273 -303 172 219 353 -52 -121
132 176 234 197 -294 -258 -54 36 -1 -479 -339 -149 -16 250 -377 -1 221 -37 286 -11 109 186 659 76 89 -453 639 -102 526 118 207 358 -126 -256 -29 336 234 -323 98 295 -112 394 -444 91 -420 -118 288 75 -205 -15
2 544 -264 -125 -45 82 -580 -166 -115 28 -25 -219 -113 211 -61 -205 -142 5 -629 -304 -303 -321 -332 -73 201 38 -710 119 -193 493 -88 -2 69 217 269 542 189 307 24 120 -173 -263 618 -161 8 115 125 -329 43 95
-182 -181 -266 -23 -410 68 -198 273 84 -435 136 619 -113 55 -360 27 90 127 -418 -430 50 -261 -288 -33 120 -329 -16 -56 -183 -118 -188 210 -306 -85 85 50 40 -113 -97 -122 -798 -322 -184 -93 259 228 109 157 172 -125
-224 157 108 -134 -437 -514 202 91 -308 310 -319 6 181 -450 -418 63 -512 -478 -306 -136 203 358 116 602 96 -420 298 -697 67 135 -84 -185 -96 347 286 46 -36 -395 -481 -378 -457 -78 175 -421 217 224 464 -47 289 -53
18 -8 -19 -525 342 35 198 -16 -209 462 187 -320 202 180 211 -182 -195 282 262 77 -451 442 337 -152 235 377 105 -106 -250 222 15 152 380 85 194 -218 -257 239 618 -12 453 -5 -300 410 -159 53 -80 211 201 -23
-55 -569 -7 -297 97 462 25 -103 320 415 -527 487 -174 -231 215 -423 -241 31 46 379 -85 -78 396 -161 -18 502 -211 60 -15 241 -131 -122 128 -94 -208 -474 -231 409 437 -191 553 -146 202 -346 -65 231 -71 -87 -369 22
120 191 -123 221 155 122 25 50 -327 -178 -28 191 -482 79 146 274 200 -311 19 -264 331 -97 14 -350 -359 27 -156 -36 234 -5 -126 -437 -59 14 -350 -85 128 -377 -122 148 -374 -117 -160 294 -14 28 -36 -161 -455 -230
-383 -66 20 318 13 600 -11 -348 293 -48 -100 274 249 482 5 -300 184 325 -168 563 449 117 53 -498 -48 34 289 15 27 267 -263 131 258 -228 -60 8 -156 -95 -250 46 301 162 -266 479 -128 -158 -237 16 86 219
-398 -254 -240 419 -37 241 -41 301 338 -36 4 308 62 -66 10 375 18 48 -236 187 40 -238 -402 -105 424 -102 159 -11 -369 19 -209 -122 146 -467 -264 -205 -170 186 25 -222 -36 -134 -70 22 551 -15 179 -95 304 262
297 -393 171 92 162 309 -91 -374 427 -64 -123 457 -38 -145 6 -17 -174 -24 625 352 171 -272 -214 153 -334 224 -177 -212 -19 99 -158 206 -168 -265 -247 -315 377 380 -21 -223 386 -265 -198 19 127 12 -729 9 94 187
133 -2 -115 -500 -28 -115 -442 -193 244 -152 399 -78 418 163 269 80 104 207 118 -188 -323 34 -62 -142 308 -82 -95 -30 -184 89 -247 413 -199 127 309 157 -36 366 256 -218 -16 -246 169 -39 172 -287 -197 123 279 268
-189 -194 82 178 -587 339 -1 309 63 -323 -150 530 -23 191 29 250 54 -26 231 445 -281 -208 -465 87 252 34 -293 151 -80 35 -247 108 -206 -17 134 347 -110 -79 -21 220 118 -506 -313 -166 -83 206 -78 148 -296 97
38 25 -600 536 -598 438 -160 36 179 -200 194 226 175 102 275 186 -341 44 -18 -80 379 -263 178 -397 -264 -18 -157 39 280 386 -515 -227 138 -23 -195 -38 176 -234 -376 81 201 -88 -254 68 -347 43 -272 -86 -18 -19
-191 -442 86 -129 418 -177 -101 -105 188 -180 183 180 23 395 145 126 233 -147 973 90 -381 -356 149 256 304 -257 404 180 -37 327 312 136 -141 -460 -329 218 -501 1 795 36 -576 -379 82 206 -52 -303 182 -221 411 193
264 -167 263 -381 -142 -9 675 153 -436 168 0 263 -180 35 222 192 172 -87 364 63 -432 149 35 232 417 -350 -327 -56 482 -61 723 -7 -103 -135 -61 52 25 338 -53 -28 -86 285 524 197 -163 105 362 -433 -73 129
-31 102 447 168 -197 273 217 159 9 -182 -39 36 -228 325 -73 332 39 170 104 112 -293 111 -1 106 -37 57 400 688 249 48 -308 -164 93 -17 -24 109 205 43 -26 41 127 133 -75 34 -3 -4 31 327 -293 -170
-138 371 55 -37 231 43 -54 161 -188 8 -167 16 -239 -316 73 250 406 -120 -101 62 110 -59 19 -69 -274 315 28 -177 -222 -90 -367 -13 -230 394 350 -218 40 106 -47 -249 88 323 -80 105 -239 183 62 582 -80 -122
117 185 478 101 934 128 58 318 -166 161 -150 142 -317 130 392 550 -89 -115 -50 -339 208 -322 -27 -524 -2 227 -348 -213 29 147 -463 -202 -562 164 246 362 356 109 181 142 14 -124 -173 209 -196 372 -45 -19 304 156
-343 -364 -244 421 -94 193 -41 434 46 277 470 225 476 560 120 43 84 -86 -54 179 -144 -257 -562 74 135 -21 94 191 -193 414 -234 -520 136 -282 -515 211 -207 194 308 -273 -300 -354 -53 605 272 -48 -255 -234 237 23
298 73 -103 -171 97 -168 -409 -381 390 -294 -6 -14 -103 -204 551 194 -88 3 -255 -237 120 -250 770 -229 336 -83 300 65 -510 266 223 211 -162 -178 214 -444 74 -244 287 49 360 -121 74 17 6 23 -344 559 -161 106
-260 219 84 180 -280 -37 377 -159 -247 -39 114 -310 117 126 -68 264 -553 122 16 -324 -142 219 302 -253 -255 -32 406 392 -2 -312 463 -84 -127 -61 42 194 -52 26 -176 -110 -422 57 -239 169 -175 177 -151 343 -86 56
265 -236 -255 -61 89 32 -173 361 -412 -157 317 -11 -378 37 -66 -375 765 52 -154 304 -222 -788 169 539 622 -87 -207 176 -360 294 -25 158 51 -169 -23 -276 78 -108 667 55 -113 -214 481 -50 172 -726 208 123 -382 505
-239 -194 -288 148 -7 282 54 -113 -539 102 -155 -358 -7 -48 179 291 254 37 -142 -248 -222 -257 258 -198 362 22 385 136 39 67 70 147 -346 -52 403 59 -291 -45 212 -59 -122 -180 -361 143 89 -241 252 -217 -463 579
270 -327 215 -224 -396 -629 -146 208 229 -109 515 189 94 238 -34 173 -169 -371 33 119 -173 -216 520 468 452 -237 912 212 109 -26 -75 -16 37 -273 -473 -35 30 -239 7 -56 -83 56 -455 140 108 48 -45 430 -428 -130
-93 370 570 121 586 -27 239 -146 453 26 97 138 32 1 -35 599 188 71 305 -142 163 53 -385 -309 -26 -305 198 -12 15 -554 179 -299 -342 -59 -233 -138 -298 -10 89 -144 210 -127 -559 174 51 584 -110 430 348 -28
377 -201 164 77 114 259 -237 -179 201 -376 168 357 444 687 135 -433 26 -144 50 290 191 -91 -271 -128 -20 -117 -135 -264 229 516 -300 -75 259 -120 -70 283 254 561 -6 289 123 -76 -302 693 -287 0 -185 -73 -57 4
-97 -91 -98 -12 344 93 -339 -474 -162 305 125 58 -154 -200 128 329 -279 -66 291 -461 252 381 -40 -300 -556 53 -139 261 -28 417 -129 -159 47 198 -67 183 197 -375 224 202 280 182 306 220 144 208 -227 -129 163 -777
369 318 -43 -776 116 -472 143 -14 39 202 267 -369 449 -308 286 -336 -123 -153 -221 -293 -75 319 118 -336 -248 262 -24 -134 28 -438 -85 -419 382 221 116 -491 -72 144 -70 94 -228 224 -156 237 99 -109 -61 313 323 -652
-303 249 -100 180 -413 89 132 435 -214 -26 -65 136 42 179 -256 7 -201 270 -418 -54 403 224 92 -468 8 109 336 87 -251 99 -763 31 -117 361 227 13 -102 -413 -208 -30 86 115 -692 38 246 -67 -261 507 -168 -182
-340 -134 -21 -430 -156 -212 -183 350 -313 329 61 76 285 91 -71 522 -448 -211 62 -224 -683 201 -163 631 -161 -57 509 386 -18 413 -197 -17 -100 293 53 532 -74 152 181 -73 -85 -40 324 6 -85 485 514 -176 27 -482
215 296 480 -81 -309 19 244 187 86 -196 34 62 -177 -399 -337 101 212 97 -245 -395 -105 181 59 -27 -343 307 140 257 409 -508 -253 -361 -425 309 -175 -96 420 -509 -276 108 -418 298 39 -242 246 -52 270 204 -282 -263
-413 147 -312 496 382 187 204 272 -341 -38 198 -48 -471 71 30 219 201 220 533 -196 66 -255 555 -162 -161 -11 -114 202 286 -124 119 47 -210 26 51 404 -337 -649 260 188 -366 52 238 -73 -487 -43 -72 -387 466 96
197 -166 -293 348 -95 669 -200 -365 60 -306 -490 106 -297 94 -296 174 153 124 413 149 226 -38 594 -8 -486 217 138 3 222 181 -284 510 -47 -112 334 -286 506 -61 -268 625 318 278 -143 -188 -154 -419 46 85 -215 76
298 119 -75 79 -104 -218 -39 55 -130 82 25 29 -263 -203 -220 -43 -462 -90 -33 -494 -83 -322 -273 -139 -118 70 -541 -771 1 249 -295 144 -8 119 38 -45 554 -14 -235 23 -287 -297 322 -245 170 70 7 -91 257 496
396 -146 5 431 658 102 396 48 -161 -363 101 -146 -358 563 207 230 251 -59 -77 175 163 -207 -528 -571 23 -121 138 331 21 430 -165 -25 194 -388 -223 -123 196 172 -132 489 164 -49 -556 419 416 -313 -297 -114 -345 253
-176 497 395 0 367 -119 -236 80 349 -164 -373 -239 -230 5 209 300 -165 -62 36 -233 281 51 -70 -152 -50 -563 -94 157 -438 -14 -4 325 -117 38 -53 364 218 -324 -205 374 -129 -275 -94 -396 171 193 -349 5 181 -103
209 359 -379 320 -227 -2 104 -14 -417 -95 -212 -400 -550 -153 -738 -64 130 345 -453 -220 -207 -114 14 -163 -337 972 -153 232 300 -115 -180 -174 239 512 -9 41 266 -249 -249 234 -149 268 -272 -273 -331 -186 688 214 -369 302
135 0 129 -206 205 159 -265 -355 -207 -61 -242 -22 -70 -326 -131 45 -286 -182 -24 -611 231 -116 172 52 -311 -509 -44 -92 -12 -68 41 -289 3 102 -67 -14 641 -140 -22 130 -318 -203 -73 44 -158 18 98 -139 -186 -102
345 147 46 247 21 59 57 319 -138 -226 256 -101 -41 41 -102 -81 431 124 -219 -324 -166 -274 -94 -153 -79 -139 -68 -85 669 -138 -347 -353 -203 399 -140 202 182 -246 -237 242 -382 -129 -176 -26 -474 -145 464 -273 -215 497
290 -37 392 -14 23 57 212 -187 -305 -220 277 33 199 542 383 -31 170 137 208 351 -205 179 -247 39 320 100 -416 63 70 120 658 263 -348 -253 -340 269 85 -183 -17 10 207 103 171 312 -84 154 -240 -368 -231 293
227 -14 243 241 281 139 123 553 -1 -78 -29 405 -296 42 424 6 191 -241 -441 125 358 -454 432 -89 468 -5 -3 123 -100 42 -187 -521 -62 -30 -283 -222 -177 -476 -33 32 256 -295 81 26 53 -25 -402 82 -204 0
-705 314 125 -224 149 237 -22 65 100 445 -169 -158 132 -26 -64 -219 -68 -107 140 282 91 498 108 -23 121 -158 132 271 -329 158 -272 125 87 252 333 163 -383 -421 268 12 422 146 -160 -7 -13 151 -70 161 -37 -225
-88 212 -57 -25 -576 74 -248 -457 -272 -214 217 -384 129 57 -59 192 216 359 -331 -24 -516 141 -257 120 245 -15 -295 194 -288 125 30 341 -296 212 520 555 179 123 118 187 -150 -602 10 -40 218 -95 -182 -16 -748 394
324 -185 -251 224 366 -489 -380 -47 -68 181 269 -221 -258 304 70 429 246 144 166 -142 129 -220 448 169 -295 129 109 343 -22 51 251 100 -225 46 -306 207 599 -160 -48 288 76 81 -390 172 -279 189 -306 -134 -467 -289
-125 225 -289 106 -296 123 104 93 -257 346 -387 42 -612 -394 102 116 -112 462 -333 80 97 -82 173 -460 -195 556 -533 227 -298 -156 -146 -136 168 192 388 -350 244 -289 -135 148 217 245 179 -140 107 122 -198 478 -75 47
-387 -162 263 12 -347 -28 -674 -344 319 -385 -46 322 -54 63 -40 416 313 206 440 125 -30 266 37 362 134 -154 442 538 -253 -196 -6 56 -80 -205 -206 161 114 -294 359 -6 69 40 65 136 155 130 133 187 -236 -444
-165 -497 -12 630 -376 -114 -12 -118 -199 -13 -320 -50 -30 -113 -179 -188 -735 180 -92 -27 276 124 548 31 -218 608 497 65 544 -205 -112 227 -60 131 255 104 75 24 -173 -117 385 270 65 -250 -164 88 -36 72 -159 173
131 271 344 242 -151 -114 145 143 -353 -82 -548 -205 -381 515 -192 175 -370 -172 -58 210 91 -69 500 52 104 93 -169 103 -134 240 214 -63 -45 -110 -124 20 199 20 198 -269 186 45 298 -401 215 46 -66 262 -12 -72
95 243 456 37 58 -109 174 73 -266 -69 42 -1 129 -62 -265 89 -415 335 -309 -281 -117 361 28 -106 288 206 300 -181 -54 -51 -338 -396 -172 189 39 39 205 36 70 -264 184 196 -505 -47 -27 637 1 252 288 -230
77 313 -145 217 -33 304 228 -158 -176 2 -444 63 125 -133 -276 -58 -186 -731 -255 201 350 -289 -250 -184 -395 520 -462 -485 -61 343 -147 -97 7 122 324 91 285 -138 -175 -85 146 -91 -103 324 -162 -347 -217 206 10 313
-151 376 92 -184 173 -217 -173 -28 -504 36 175 -131 -116 -59 -69 -132 -77 -13 -268 -47 -49 148 340 -178 401 287 -1 92 -449 63 94 85 22 13 -19 69 145 -334 170 147 318 337 409 42 -107 -42 24 204 -375 -283
-56 66 604 -238 463 -253 -348 -405 -224 193 -82 -156 131 69 93 439 181 -190 98 296 -523 -141 -109 592 41 -190 334 291 -324 -350 253 72 98 -74 -35 -1 353 -24 86 -7 340 -44 629 -46 109 -13 -330 242 -81 -89
276 128 -75 -14 -78 -288 143 207 6 -279 277 363 -2 663 -578 156 360 84 134 136 212 -431 -46 280 -51 -29 124 -204 386 234 -94 193 28 -20 -186 247 -75 -64 -232 -316 -262 -121 -261 -21 -485 -130 -88 444 718 -232
-38 -45 351 -270 297 -305 310 358 -19 -148 -153 7 73 -108 568 -27 277 -479 135 244 340 156 654 146 343 -470 302 0 18 -504 345 449 -176 -149 359 -94 -115 -181 -29 -168 -117 414 143 136 3 -449 -185 -2 103 -166
307 73 96 -399 408 -585 415 65 -242 346 -343 -20 -296 -152 -328 405 -377 -74 -48 221 138 -143 256 226 -412 -119 107 -165 21 126 167 -365 110 142 22 -225 182 366 141 -451 347 179 -179 37 107 515 -187 317 348 -284
-236 829 -12 125 -673 -243 -97 -15 93 -54 397 -383 8 216 -557 -65 -418 244 -515 112 -89 325 -116 105 424 263 103 99 -450 -123 -45 -81 88 120 220 164 -281 -303 -439 32 31 288 -160 -26 295 213 276 457 177 65
-535 144 -443 -408 60 402 36 197 -76 809 322 -102 6 -96 107 257 -70 110 29 -322 -444 362 -712 382 -165 -536 -590 319 -337 29 237 45 466 324 27 222 -232 348 52 -339 -153 43 503 -65 64 336 480 -624 388 -512
228 270 37 -198 433 -191 21 -44 -321 -44 -288 -284 -407 -80 336 219 13 -349 482 -124 139 215 433 72 -90 -676 -14 111 15 -50 363 30 227 15 -102 -210 196 143 53 185 153 546 -31 0 -172 110 67 -223 -306 -505
-196 111 -88 66 31 21 170 384 -106 431 217 -210 -51 71 157 298 112 98 243 -288 -105 352 137 212 -329 -277 241 146 160 93 -183 -244 -322 364 189 -117 -265 -194 -102 -8 -234 -142 154 -42 68 234 23 30 -10 2
187 309 307 -249 -47 -283 -24 -44 -162 -363 356 -70 176 -621 77 211 -150 -235 14 -314 374 43 -92 283 -134 -224 516 -41 -57 -234 -222 -231 -562 47 34 -174 223 94 -209 41 97 255 -6 327 160 190 -85 206 -292 -286
83 -41 145 416 332 151 316 -249 -25 -152 -344 65 -92 575 69 795 -263 -383 543 175 163 89 -93 -318 -371 -288 317 110 62 530 217 -342 52 -816 -406 85 366 343 27 112 99 167 -313 438 -67 185 -31 -225 -155 -138
-110 -247 195 -58 55 188 -47 -336 -49 381 -185 124 159 -96 202 202 -384 18 -55 42 -163 148 402 314 -168 -105 522 378 142 183 198 -305 271 -426 -413 -282 358 175 39 -77 371 299 673 225 -177 316 -3 -316 -8 -367
-28 -23 227 153 -358 -80 325 -439 168 -295 -607 250 -55 -64 -14 1 32 -62 307 766 141 317 123 -521 -23 654 34 -202 110 -88 168 0 251 -415 -216 6 -87 -63 -6 81 493 376 -221 74 -121 -85 -87 3 -186 -142
41 -93 244 196 135 -145 -205 -97 -6 -149 -424 314 -91 56 -455 24 -136 -489 -296 394 256 -244 139 48 -18 311 390 -111 218 426 -470 -79 151 -155 91 9 207 -444 -196 144 251 82 16 -97 89 -148 67 471 -33 -58
-266 298 232 -247 414 -4 258 287 -354 280 -624 195 -355 -208 -14 -102 335 43 -500 196 -135 -117 -547 71 111 -33 -264 152 -153 -242 -156 154 -176 416 279 -33 -266 101 219 -270 91 -130 438 -636 234 26 -78 -38 -154 -60
-434 -9 39 -158 -425 269 -209 351 291 -49 -326 239 -32 -555 181 -191 84 -11 -36 -56 276 -75 295 209 235 164 -69 9 -354 -9 -560 -156 -157 -91 204 -216 -88 -140 488 -288 -463 -75 141 -545 372 -335 297 43 38 -682
62 -13 241 -186 38 -353 287 434 -377 0 -227 -217 -153 -266 -140 -101 -157 48 111 -391 294 401 63 159 -77 -109 354 -153 128 -113 -2 -128 -130 339 -31 -99 -219 475 58 -242 42 648 -90 -125 161 316 374 75 340 -578
215 43 -75 36 432 -200 -79 616 -484 -453 -146 -5 -518 -23 -227 -195 337 145 -146 -151 108 -428 328 -101 509 339 -47 -182 -92 231 -172 577 -340 212 415 113 -141 -600 517 277 -6 -214 -243 -161 66 -189 179 451 237 392
-308 292 155 97 498 322 64 382 203 202 -711 -13 -19 -26 1 -459 360 6 -98 50 385 188 -96 -71 81 -200 -230 -137 -273 -111 -68 289 8 260 193 -27 -458 -143 96 -23 -222 -44 -317 -63 188 -176 -185 -152 677 37
-373 249 277 -275 385 -219 -19 -280 249 119 85 249 91 -252 -305 334 84 -285 116 36 -9 458 -610 77 93 -155 365 -418 -51 -299 -302 -64 220 -168 305 -183 201 7 -1 -225 -2 95 -5 370 -46 162 315 464 309 30
41 184 123 -156 298 110 131 57 -208 83 -192 -3 -331 -507 -151 301 -149 -228 370 -45 78 118 -480 273 -327 -55 -59 26 -147 -208 53 -174 -135 170 49 -146 -76 97 -131 7 308 -109 -279 -109 -2 486 49 246 -237 -35
269 -188 -347 288 -410 -23 -146 414 -338 -604 305 233 -134 169 306 146 210 -111 -45 67 -338 -617 -67 -339 187 319 -5 123 -19 64 -440 -320 -176 197 -139 84 116 -98 -33 388 33 -401 -105 100 -151 -271 -46 69 -961 420
451 225 -544 -263 -317 -33 146 86 -240 -435 260 257 -219 -226 -83 -9 -57 166 -256 142 -15 -495 304 -346 -23 180 -563 -151 -109 363 -63 -131 71 185 110 -236 243 -375 -58 355 325 -218 -32 -21 -356 189 -145 474 -299 108
-32 -205 -108 -129 -322 -86 -229 103 89 307 192 -204 -210 -118 126 -44 231 -29 39 177 -67 197 -100 535 557 -462 163 183 89 -106 400 504 481 -44 -88 -51 -376 96 -328 -446 444 424 -7 -131 -211 67 341 109 -42 103
265 -106 -108 -191 109 -106 -362 26 -87 -195 -146 294 -203 324 -73 372 150 135 -2 -43 -103 -135 90 66 761 -402 -373 54 -331 638 215 352 -215 97 -315 391 -111 -357 67 379 -222 -735 -264 -317 71 126 150 -89 273 309
98 -171 130 -70 244 -339 -203 -15 -101 445 48 -225 -241 280 125 -135 -121 -273 -102 -76 -36 37 428 253 148 217 -29 -99 88 107 160 287 17 49 227 14 253 170 399 -377 107 389 315 87 346 6 -67 34 -119 -131
-243 -27 456 -140 -89 358 440 -79 77 -240 -45 126 324 -394 249 40 -330 -112 260 -133 177 520 -274 -141 -50 -223 70 -405 112 -212 94 81 -532 -392 343 28 -64 -71 -324 -146 -272 -204 -25 110 142 196 104 -317 -121 308
-248 18 591 51 444 248 377 -112 665 133 -794 37 252 53 104 -276 -87 -144 161 211 228 668 -323 -412 -56 -86 -149 -342 147 -269 99 192 -62 -455 87 -73 -15 -16 33 -254 -127 -70 -349 20 337 167 -586 -169 595 493
389 191 64 -295 30 -63 253 360 258 -387 117 -240 262 49 176 -383 25 -649 -4 66 183 -267 176 82 185 -301 -104 -339 117 319 303 -18 -261 -363 -79 -138 -182 202 83 54 20 -17 147 -81 -104 -113 -19 48 129 -22
35 103 -131 132 44 -48 -558 189 -251 -98 330 -202 145 236 189 -175 351 -125 -275 125 6 38 -218 377 41 -74 -337 230 -18 34 -442 -7 226 498 240 302 115 -293 -155 567 -122 -140 302 44 283 -315 -118 -117 -161 -289
-165 -78 79 -523 -145 -110 349 397 -185 222 434 273 -23 -197 87 -228 -351 -161 -280 -66 -29 -311 62 182 257 -48 -30 -2 -222 -333 53 310 -306 111 493 21 -81 -80 212 -290 -3 71 169 362 355 -11 -210 -2 129 -185
29 184 46 235 -455 -106 -182 60 28 -34 251 354 -160 -52 -366 251 -346 -4 -95 -390 324 41 -121 -126 68 70 -264 -400 -407 256 -586 -646 51 434 -64 120 225 -136 -262 160 -359 -270 -398 294 324 281 304 284 96 -207
-2 75 -157 148 313 290 23 109 -511 48 297 -116 -340 813 105 190 -367 305 -69 -659 -39 298 499 -540 96 -165 90 558 62 463 -38 599 -329 -223 374 156 281 -27 365 -99 -336 504 -184 189 17 2 -259 337 -62 45
239 -213 -92 -447 -538 -225 276 157 -124 -71 269 400 327 249 5 59 181 198 199 -1 -642 162 -176 56 211 -288 -225 -1 1 221 121 44 -71 148 -112 133 146 108 323 59 -348 6 51 199 56 -38 154 -202 44 -169
-216 206 182 72 -761 416 -118 137 -129 -173 88 493 157 90 -301 160 -105 -168 126 -34 -310 -145 -207 94 27 26 -304 -133 27 -150 -279 -119 -290 143 99 557 225 -270 -12 -61 -139 -100 33 27 -366 118 176 57 -308 87
-16 -147 -45 -27 205 377 193 295 -11 165 62 -270 -246 -83 258 -482 169 15 13 -115 -244 -7 -95 -497 -272 425 -34 488 131 -128 123 -25 -71 -23 -216 -121 -433 -54 202 -20 23 187 43 -56 79 -309 -96 -114 -510 147
0 232 139 -31 428 -86 39 85 289 92 -309 -123 106 262 250 -11 -46 95 -190 -77 351 574 -136 -205 188 -448 133 -14 134 -216 -128 218 405 337 310 113 -103 394 -558 -43 354 244 -576 -15 -49 476 -116 -114 481 -282
-179 -72 -226 -59 93 -236 -100 -409 38 15 342 28 322 42 -406 -200 194 132 260 108 183 463 11 131 85 -188 324 -369 19 -51 -45 -119 346 106 -100 -152 -69 -356 -51 117 -87 133 -242 341 47 -151 201 -76 281 -56
168 50 -81 246 -12 -279 -420 256 0 -62 150 -97 -209 173 -143 288 486 -195 67 126 -160 -503 -239 -109 -27 432 55 116 40 217 -159 -304 -340 -58 -331 232 147 39 421 30 403 100 -115 132 -48 -43 -100 280 -525 -77
172 18 224 27 -85 -133 254 120 -404 -307 -493 162 -294 -444 -308 692 -120 -429 241 -89 40 185 69 351 -402 -90 478 293 695 -223 154 -141 -241 -45 -36 23 25 -260 -201 -102 225 197 -235 -247 -287 583 312 368 -484 -220
-192 -118 85 -182 -51 -143 98 -85 107 361 226 192 12 -559 185 -240 427 432 289 50 333 427 -312 347 -736 -84 -31 135 30 -767 355 -237 118 169 -365 -443 170 -59 -210 -341 -2 721 547 222 -269 207 -31 -42 20 -540
-86 149 -459 -55 -377 -221 -118 -210 204 186 213 62 18 101 -185 318 50 545 -224 211 -305 -45 111 223 104 -149 61 159 -208 -126 158 84 328 35 128 -158 -236 -62 -80 -310 146 -294 13 -390 -140 240 42 292 52 15
-254 -129 -23 126 143 163 -132 -330 607 -123 -167 193 6 -45 60 229 405 262 308 99 31 -118 -286 -159 48 -549 291 12 -98 -330 167 -166 503 -301 -382 -56 -256 20 77 -20 -90 -60 -448 346 -124 69 235 -256 330 230
54 -20 -216 489 58 79 139 88 -227 -361 615 -219 -83 339 113 616 455 -160 126 -34 -98 -339 -236 -113 -84 128 -135 202 88 121 237 -236 -521 -633 -163 304 194 23 29 84 -496 -273 16 354 -144 -161 -114 -136 -411 232
-272 314 469 -194 -186 95 69 116 220 -26 262 93 100 -168 244 209 -79 -575 -238 63 -11 -138 -572 141 242 -96 -262 -20 -329 -692 59 -326 77 -201 10 -48 4 191 -230 -115 -209 152 451 183 393 -11 268 111 204 -387
378 -87 141 -398 118 251 -116 -43 -521 -226 -330 41 8 240 20 184 -348 -161 398 69 -535 30 1077 -11 -236 540 258 532 322 180 198 147 -302 -215 307 65 180 -192 767 15 546 131 5 270 -337 141 -472 452 -318 -137
-308 -251 -147 342 52 -47 -168 14 155 64 -104 -66 -132 221 -360 170 -132 317 110 159 259 98 -215 -123 -47 -111 591 406 -26 236 -423 311 177 17 -14 -14 -164 209 -162 174 667 54 -548 -193 212 61 -216 332 -168 -196
-339 118 440 348 -250 568 528 -120 -16 -424 -523 77 241 -269 111 -246 20 203 -148 -47 -261 227 34 -508 -53 -67 282 318 433 -329 -260 154 -131 -69 226 -51 254 36 87 201 -220 538 75 -44 35 -307 244 -391 -176 42
-175 36 407 231 -207 436 -12 -136 48 -394 -500 47 530 204 128 -632 -315 -318 -309 -198 -203 -65 -78 -61 232 -271 -200 -73 -93 7 248 -462 186 -208 -131 249 -389 73 431 -72 -648 -559 479 -166 314 -414 222 -623 -173 97
-441 127 -35 1 -490 52 -46 -170 395 84 489 -130 519 219 95 4 66 453 -197 -49 -202 188 -272 334 459 -359 115 -78 -108 -454 157 441 163 -119 330 180 -295 81 -148 -490 -189 -136 97 -279 -31 57 151 -53 453 26
367 -100 68 -203 113 165 265 -418 -391 -124 -264 84 -31 -259 11 -246 79 46 165 173 675 525 -161 12 -343 257 -362 -406 26 199 453 257 -455 -158 55 -323 109 229 -104 -92 112 295 -209 421 75 66 -266 50 -170 -27
-61 -561 -68 506 -212 -48 -228 -359 -4 -448 116 283 150 -331 -62 257 -264 -206 376 49 -402 -156 -136 251 -10 65 449 210 406 179 171 -202 -113 -746 -145 271 337 60 242 301 49 35 513 218 -63 127 79 -459 -195 61
-64 178 -54 70 128 -38 36 266 -623 320 84 -362 -226 -394 -98 -12 -521 -219 26 -540 46 250 35 132 -15 170 319 122 163 130 42 -366 2 163 32 -250 -74 -454 -151 200 61 518 -37 220 178 354 482 134 31 -239
-214 99 321 188 60 -88 -439 -172 181 -53 45 3 18 -136 95 361 262 -171 -100 576 44 -338 -188 383 101 -56 343 40 -202 -473 -170 154 54 78 197 34 52 98 -400 4 729 358 325 -159 -83 55 -203 481 12 -64
383 -117 137 -19 148 41 36 -181 -192 -36 380 -82 174 757 -61 -263 406 222 148 -70 26 59 113 -29 -119 225 58 303 352 139 161 -530 63 -110 -591 87 3 -189 34 166 -266 12 -6 235 -308 -249 126 -195 -201 -213
-528 316 149 241 -148 -396 -707 -47 275 -14 -48 -158 -149 -244 -321 253 198 204 -48 100 281 95 -83 466 242 -142 234 272 -385 -325 149 64 -184 268 -482 318 -161 -118 -168 -284 134 656 71 -568 -129 589 499 287 113 -258
82 -150 -233 671 -340 -353 -356 -185 127 -306 261 -199 -100 100 -426 74 -173 99 57 -130 311 207 189 84 -126 231 260 58 -94 -60 112 223 29 -129 -205 244 182 -39 -134 33 -401 410 -546 -111 -103 -164 249 377 -211 -2
206 -33 320 -402 275 42 295 -152 -405 208 -250 161 -117 -306 218 312 -94 188 82 -125 265 -147 66 -100 137 -32 -421 -327 -379 -4 434 -40 -455 163 -45 -183 163 -39 200 -421 163 -281 -311 150 28 418 -268 258 149 213
380 -31 402 191 3 -102 336 -262 -326 -54 -373 -413 545 189 85 -394 -87 254 -23 144 151 432 482 35 -392 270 137 -12 -11 -208 367 210 -392 159 303 -193 558 429 -224 0 -1 516 34 75 -92 -452 -506 215 -294 261
80 105 -481 495 -449 116 171 41 10 -326 -88 -209 -210 214 -40 -150 226 51 -202 236 24 -255 229 -446 -16 488 -87 -179 -54 232 192 83 -186 -90 97 -174 -187 -62 -72 138 -220 112 -228 138 -34 -426 217 167 -357 652
-244 501 -30 -296 -226 119 287 102 -587 384 -65 -121 -305 80 -319 212 -416 -16 -35 -160 -484 -121 193 14 -196 65 -32 515 -366 376 -138 95 18 475 249 442 -147 -800 300 -106 187 -31 67 -181 314 39 -104 -190 -163 -415
-190 273 343 173 409 214 193 -284 -103 96 -360 -119 -272 -41 141 226 14 -249 -31 -62 366 591 8 -260 134 -409 -4 -210 322 -262 140 663 109 -364 404 -55 136 117 -215 -289 59 456 39 -19 -69 -19 2 67 159 88
-149 -127 83 -96 -100 71 68 167 348 356 334 235 30 59 208 -146 27 -2 -140 -149 191 26 -170 342 44 -467 -291 91 152 -636 -18 114 222 249 210 -112 109 418 -339 -230 -305 135 311 21 132 105 183 -94 184 -173
81 436 421 85 209 428 -405 -61 143 -256 -313 59 -199 -50 245 237 11 -445 190 273 90 -206 333 185 -14 -125 -231 -57 -164 -75 -359 -23 -118 -52 348 -54 425 -181 -4 252 144 -169 167 229 192 46 -514 247 317 112
-675 -184 -82 653 -270 172 -291 -187 53 44 142 -186 606 181 -124 26 -409 -178 211 -248 351 172 -694 313 -370 -450 356 -133 121 -216 -69 -131 -187 5 148 793 -458 177 -390 -286 -236 -517 -339 180 -65 253 -165 -645 -74 189
344 97 126 96 318 25 -158 -215 237 -562 -321 -213 167 29 573 147 -70 -247 87 311 -323 -345 217 -609 196 184 -89 338 -218 88 191 14 -301 -294 114 3 -108 316 540 376 618 -38 54 40 73 -251 -614 164 -207 448
77 -101 439 25 -36 121 238 -448 367 -109 -73 173 -80 176 40 -280 -424 158 488 -139 -243 159 146 -594 198 244 476 235 223 -10 303 -92 114 -390 -525 -201 -157 -125 203 74 411 277 42 251 305 -80 -105 -200 -200 193
442 -342 32 -251 -477 -171 329 -199 315 -45 -164 216 448 -267 462 -337 184 49 -30 230 -75 26 87 -56 147 -118 -419 -537 107 -454 598 -175 194 -279 -73 -566 351 363 -157 -240 -230 269 294 302 114 -127 173 -406 333 187
347 -103 478 -139 326 -237 315 26 657 -319 -112 494 185 -69 224 -191 617 -136 511 558 39 -79 -25 -357 135 419 12 -572 404 -363 -118 -242 -66 -302 -399 -319 -128 89 87 52 176 183 -16 149 -314 -298 9 -49 182 214
138 -97 -255 -334 -253 -311 -47 181 40 27 480 -402 235 -182 405 -79 -150 -66 10 -291 -171 -28 7 342 -12 -165 -354 36 -361 -180 483 173 -408 28 282 129 110 609 310 -281 -426 151 153 175 85 25 -76 -93 -176 121
-75 -170 57 200 -8 -64 -164 520 132 0 -86 133 -201 -500 -133 27 -66 23 120 -309 704 220 149 263 -89 210 -168 -308 -225 -241 -579 -608 -134 396 -196 126 59 -109 -144 148 -305 -13 -484 -246 -153 318 307 -45 253 -360
-386 -45 215 -160 335 191 247 67 76 238 79 472 -92 307 27 484 -94 214 160 58 -274 -159 26 48 208 -286 -88 457 -121 -43 70 -172 35 -131 -250 183 106 -73 113 -189 -88 -194 167 -95 -149 442 -243 -142 497 -335
-103 -29 -373 192 374 -212 -305 84 44 320 326 -98 117 -200 205 371 -17 -74 71 -296 112 30 -296 228 -250 -546 -121 125 115 101 -104 174 -364 153 221 111 215 335 83 235 -144 297 340 -32 -54 172 192 -116 -113 170
460 -371 -134 -191 415 74 186 -11 -206 383 -53 -420 -141 266 -57 -568 72 16 415 313 199 103 267 449 -672 364 57 132 387 601 176 -285 -165 101 -85 -362 -95 746 123 298 31 185 -183 458 -46 -11 -81 -113 -166 -92
-179 63 -603 248 447 36 -199 88 -187 -182 -116 -577 168 157 446 417 214 -157 -220 -252 -217 -116 177 -84 -210 -188 140 289 -212 87 223 -129 -252 -140 412 -90 -291 405 339 206 -436 -386 30 23 35 -135 111 -238 -336 37
40 -16 -289 404 -365 225 -84 -46 110 89 158 -219 3 121 41 -69 -57 159 -52 -342 -110 -61 -442 -538 -300 483 -307 -29 278 194 -484 -705 308 79 -251 -33 29 202 -345 333 -352 -221 129 151 371 -374 256 -500 -119 -11
-48 64 -190 -334 -145 188 -248 -217 -19 372 436 -160 72 -36 18 188 301 172 242 48 -102 -29 379 562 126 -246 95 182 -130 27 199 47 -64 29 97 -185 -108 198 -74 -10 252 -225 225 215 -340 78 72 166 -172 73
285 332 165 476 115 -383 -157 196 -322 -98 -355 -172 -584 245 -290 317 10 1 49 65 107 -303 16 -3 -274 158 -344 553 -72 -14 467 27 -168 109 -321 341 436 76 -97 290 198 463 364 -102 49 140 -165 254 45 -169
-147 370 -135 -49 -300 -23 -103 -259 263 -41 -2 239 -267 -338 -49 168 -7 12 90 -81 42 -261 -598 299 -191 -614 -716 185 -241 42 714 132 38 14 -323 148 -63 18 14 26 67 56 890 -200 2 366 230 -319 261 -341
-131 62 49 7 427 -343 84 143 83 458 249 -17 -205 171 -337 -243 384 68 227 148 44 185 -385 315 -140 252 303 112 196 -251 123 -100 217 99 -488 -294 -423 -181 -92 -317 276 301 358 -395 -155 -29 224 143 61 -365
67 -7 69 -273 -84 -174 626 -346 -83 149 189 198 254 -1 -320 178 102 211 401 -29 25 163 90 141 -364 -389 347 19 465 -545 552 -116 -62 -97 -203 -171 -176 262 -322 -398 -283 322 80 89 -418 -124 21 -38 411 -200
-236 -125 280 570 31 -292 -250 25 151 -89 8 -18 -27 -336 -40 465 -54 -415 69 51 82 -76 -288 342 -7 -62 536 71 276 -88 -100 -515 -388 -137 -89 270 -105 125 -191 29 -23 210 444 19 278 67 293 -256 82 -92
519 -453 284 7 -77 164 59 -399 225 5 -118 148 157 -61 175 -322 -6 8 -49 346 311 101 232 49 -96 301 -2 -285 58 289 -88 -370 241 -427 -287 -734 407 263 104 15 20 39 -259 328 308 -187 -12 165 -179 -205
-146 100 398 -216 144 -185 -277 74 277 203 -296 348 194 -24 346 -20 426 -66 -171 458 -108 125 172 53 95 159 273 20 -330 0 -398 -61 -123 233 0 -228 -9 -140 148 62 245 121 426 0 88 55 -64 215 35 -250
405 47 415 -231 118 -452 185 -123 -538 162 39 85 209 -82 -88 -82 -127 -55 -28 -91 -174 -150 29 458 55 379 -97 -223 -99 -43 359 -216 8 238 -379 167 350 73 434 40 97 107 150 510 -262 -16 117 -256 -153 -307
396 183 -295 -128 -276 -303 -73 -582 -283 105 120 -339 532 329 170 1 142 622 -305 -95 158 561 -238 179 -231 -365 -419 -384 -220 -84 362 -17 270 308 37 -208 688 677 -377 -174 -289 223 -166 508 -37 161 42 -324 5 5
-373 -409 -345 14 279 8 -55 -51 168 231 -222 -21 654 231 158 -291 66 -162 137 535 346 340 -39 138 -484 -259 268 -476 -227 118 163 -190 184 -212 263 -241 -448 572 97 -192 115 -37 -10 284 -91 40 -233 -93 166 -236
311 177 -185 -164 387 -21 -453 -117 513 496 309 -202 106 451 134 -365 -22 7 117 79 365 291 5 205 -301 -353 -771 -250 35 12 -234 140 370 665 200 24 253 408 -429 227 108 95 -15 -73 -286 -71 -134 -56 334 -14
-134 -107 250 -362 22 -20 123 -20 151 122 -181 147 519 15 95 -385 -231 -137 -380 -320 123 504 -8 248 432 -416 -237 -433 -129 9 429 318 12 -219 281 -27 155 351 328 -680 -494 218 586 -188 209 -6 451 -207 661 -242
-355 -152 -375 106 -385 -114 -307 63 213 97 -170 -95 648 -124 101 -238 416 242 -61 499 65 125 -62 520 39 9 -136 -492 -240 -192 291 -16 383 -2 -261 156 -318 198 -52 -349 29 -196 306 -254 -737 -116 361 -434 222 48
422 -157 133 -207 112 118 168 -267 -70 10 19 -107 626 52 218 -111 -37 -312 95 -53 198 355 123 58 -547 -85 -190 -267 105 -123 11 -118 -55 -167 124 -261 566 220 -166 49 -210 38 31 270 72 -369 -381 -265 -50 -382
35 -80 -286 -226 58 425 5 642 17 0 44 17 -273 -496 29 -449 295 268 -249 180 103 -85 -154 182 -92 203 -256 172 -113 -14 -351 83 60 298 145 -455 -467 458 -36 337 409 135 231 -232 -45 49 454 174 -128 -44
178 312 -33 184 74 364 -26 -206 -127 -144 -684 -218 124 57 20 -317 -53 43 -386 -287 247 151 -162 -370 -543 69 -518 -350 119 16 -74 -9 104 245 -95 11 362 498 -243 8 -249 48 145 -233 -289 -100 107 -448 19 83
216 30 229 -186 -168 -123 248 406 196 -133 70 425 241 67 -75 241 217 -551 544 160 -399 -680 349 325 42 -40 182 -54 425 -185 -181 -426 -124 52 -407 25 136 -396 527 4 -6 -126 -9 417 62 -284 -174 -274 373 -252
-61 3 -78 122 213 358 298 -122 125 352 -460 -330 72 -38 -239 -360 258 325 122 381 -348 151 -217 -334 -467 587 -365 -311 455 -156 -136 163 437 237 -145 -136 -99 356 -156 274 141 83 -204 -378 -334 -218 58 -214 221 239
34 -188 -649 300 60 -40 -17 289 -151 -64 572 -141 -34 567 187 -214 -50 105 -412 -241 46 -496 -22 -186 -81 -96 -281 302 -281 581 -21 -5 -95 310 -247 256 -298 -124 49 240 -432 -587 -76 -253 52 -145 -106 -355 -484 -52
355 71 271 41 -153 -80 247 -10 -116 -246 4 71 239 -196 -37 -92 252 98 127 51 110 140 312 54 -82 -198 -211 -384 -32 -148 430 -173 -15 157 -136 -38 109 -71 136 133 -125 196 46 253 -180 -188 90 87 206 -216
-194 -16 802 -111 -46 355 -216 -160 280 42 -164 284 -51 -242 191 -150 74 39 -80 -121 47 351 -9 130 90 18 -89 318 100 -502 -71 -162 -170 63 40 -69 173 -285 -223 44 -137 7 763 -332 343 -105 28 88 -112 -304
-157 316 -61 -349 -269 -28 -212 -133 34 -278 10 -217 -301 -216 -141 23 265 -274 480 115 -471 -507 477 -70 250 -85 301 241 -121 -22 269 35 167 -347 -249 54 70 -930 541 155 247 91 -87 299 -9 -164 61 -59 -344 124
-34 293 316 -89 152 -10 349 97 7 103 -216 473 32 -184 68 -262 17 -51 -474 276 554 511 -55 -434 244 71 -383 -373 -391 35 -237 -415 141 164 154 -316 131 -279 -29 146 181 201 1 304 363 108 -186 288 89 -402
-165 -140 -184 185 -370 214 467 225 -373 193 -68 -28 76 -78 -188 -285 -121 55 -46 349 -156 -135 14 161 307 663 -270 -513 117 88 66 -90 26 162 265 -146 -245 37 -150 -256 119 317 140 9 -139 160 633 -81 563 471
-175 -38 -85 -37 -177 155 -400 -391 53 389 71 73 -86 -433 -151 34 -470 116 -513 -125 107 109 161 -5 5 317 267 98 -333 193 -39 -72 -112 -159 97 -486 -39 -334 30 -309 483 301 303 164 520 394 -266 573 40 122
-99 -115 128 216 -185 -154 -166 -89 -2 -134 482 212 151 225 -214 -218 191 -155 125 320 -76 -118 200 217 443 -180 -13 -270 295 -61 4 42 89 -202 -102 308 -257 -25 191 -145 -262 151 474 158 95 -248 128 -94 293 224
174 -194 143 -452 279 -246 -395 -225 -193 104 184 -174 308 224 15 160 63 340 269 157 -244 235 13 540 8 -61 63 -120 -445 -73 179 408 -304 251 365 118 -33 687 335 6 -102 -152 -369 292 -22 185 70 421 14 286
381 32 -200 20 -227 337 86 -471 -184 -284 -549 86 -188 318 -91 -214 175 33 -67 209 32 1 63 -390 1 -276 -83 -20 143 373 -11 278 496 -33 39 -371 87 151 -189 312 78 92 -19 80 82 -587 54 65 -66 372
-100 -44 -164 -17 66 -266 337 274 -196 391 488 -148 -223 212 -95 -84 -153 280 74 -2 -66 -92 -294 -135 46 -6 228 156 327 190 -162 -283 232 55 -248 158 -379 -287 -191 176 242 -106 -93 160 32 187 -233 -270 237 -28
-4 -205 -106 320 24 89 -74 422 -67 219 -190 -167 126 -197 249 -406 536 -10 -470 194 204 -256 1 154 70 51 -241 220 158 -100 15 -522 32 165 -165 -106 102 -217 -285 24 -162 13 438 -290 66 -338 -161 -240 127 -10
-92 -427 -406 96 -257 -405 -6 203 35 381 637 364 -190 137 -16 506 -451 216 -212 -23 -166 -86 -403 73 -270 142 0 276 159 137 -288 -420 200 -49 -214 263 165 -5 -369 -60 -40 -290 109 -44 -55 714 -55 -97 -212 -223
64 290 412 141 -329 -515 183 50 62 347 -104 97 108 -202 -361 -434 23 -38 -365 137 174 -182 -64 191 107 171 199 -436 48 -239 -23 -229 188 506 -89 -153 7 -359 -130 -442 129 476 133 104 388 -118 -52 319 498 -132
48 -77 -397 277 3 103 127 -339 -425 20 -220 -60 -355 28 -228 167 -103 68 -77 -290 438 -97 70 -412 -244 278 -296 -226 -63 378 73 -254 -97 -33 -310 -120 197 -235 -299 51 -331 -381 -304 20 189 103 3 -274 -380 220
192 -481 -138 392 418 146 252 487 23 -24 103 166 -183 0 541 -510 622 140 -328 -241 531 -9 242 -288 251 -9 -446 -164 62 -235 -166 -119 101 267 -189 -163 335 12 -188 220 -485 4 9 -118 -408 -497 52 -406 -344 287
39 163 -164 717 408 221 -167 16 -321 217 -304 -757 -688 -220 -143 187 -125 -38 -69 -227 309 113 424 -281 -561 431 197 544 460 25 -81 -232 -154 181 35 -27 170 -77 -459 595 439 474 38 -118 -145 91 16 135 -572 429
86 -161 233 178 -194 -158 37 -199 424 -115 40 150 418 58 -303 -232 64 -131 7 320 211 -140 -462 494 -40 216 358 -615 141 -154 -46 -82 -159 -277 -149 -122 -39 712 -227 -543 72 79 -50 -31 94 -59 20 -148 105 -74
-70 261 348 -185 -37 -338 -190 224 23 -187 -138 -1 -46 -587 -237 -47 544 155 -476 23 -18 -148 246 64 307 496 241 -12 -331 -167 -680 -344 -157 275 223 -95 169 -833 291 76 -103 -342 70 -260 392 -267 -16 474 36 -161
-101 195 -319 -137 -69 -128 235 542 -607 -61 -144 -481 -59 306 -78 -297 124 80 149 -26 -186 67 612 -303 191 340 247 58 106 118 301 250 -237 301 201 249 -879 -255 498 -159 96 162 -354 -40 -274 -315 21 196 -47 150
80 117 -130 -221 120 -118 -265 165 -256 -162 -353 -150 505 103 -411 -174 -383 -108 -395 -261 -104 -107 -87 115 -585 146 219 -378 -6 319 -399 279 -372 357 531 150 339 468 196 -40 -89 -115 107 -83 -167 -111 -27 324 64 115
28 19 594 100 -56 100 243 -20 204 273 245 17 -63 449 -136 -178 -229 201 -9 20 -134 66 -219 23 -129 -166 -226 293 507 -449 -238 61 173 257 -102 559 422 114 -556 432 -19 -111 46 -58 -5 35 -311 -482 -53 -27
-606 301 262 -329 85 -142 372 124 168 201 -3 -385 332 -237 -143 -439 168 -162 358 152 -480 441 -255 32 141 128 98 61 -225 -414 186 270 155 202 25 254 -497 -646 316 36 67 -128 -21 -251 159 -394 -90 -371 -33 -298
-118 -102 -118 99 73 251 323 224 -324 64 100 32 -312 -136 -76 121 -390 -126 376 -347 414 -64 612 -112 -3 -3 316 0 276 210 -19 -71 -286 -138 88 -71 -307 227 240 -428 -61 446 -345 157 -223 128 361 66 195 -290
-517 -309 -145 411 -97 398 147 103 318 317 451 351 -38 313 151 -20 167 546 -13 -137 44 203 -290 -306 117 185 -168 -38 -3 26 -542 -65 35 17 -90 170 186 -48 -332 247 -359 -318 192 0 -237 -76 342 -637 -107 185
-57 -7 -567 452 -234 90 -24 -211 -60 -302 -141 84 218 -306 71 221 -36 -94 -294 56 7 -904 -91 -296 -277 217 31 -339 -349 74 26 -539 -102 -145 19 -271 -121 49 -104 -16 -69 -404 206 25 -315 -239 -58 77 -15 539
371 50 158 341 276 -16 76 -92 380 17 -343 -72 -245 1 -110 -231 274 315 -270 -171 814 -2 -291 -272 21 -75 -375 -523 170 203 190 -42 -256 -90 -594 -425 224 251 -348 -258 -54 -81 -338 -413 -21 229 -97 218 155 438
-149 483 332 30 -48 -121 365 -258 499 146 229 -132 -98 -486 -140 304 170 100 -136 -369 52 486 -162 -414 -39 133 -245 -340 47 -686 112 -538 221 119 -122 -134 164 -161 -312 -165 -279 196 28 -104 -153 160 559 198 138 -98
-186 331 -229 279 -494 -72 -377 -449 319 -153 155 -233 -27 29 -174 263 -203 15 -417 68 -66 229 -328 -169 -282 -233 206 679 -215 202 234 -128 141 -358 -226 26 191 -299 -254 191 139 284 161 75 537 63 -303 169 -485 -309
-42 155 -167 92 223 167 -41 -205 28 -79 -260 81 -146 -123 -133 -93 -47 -69 17 51 341 278 -132 -165 -174 709 -59 -593 -238 97 -289 -25 80 12 142 -536 -65 -46 -42 -165 30 30 -312 16 -23 98 294 349 127 23
117 -169 31 19 565 447 311 -146 -107 271 -61 373 -341 -118 210 -171 182 -48 46 -113 105 -239 -328 -166 100 -127 -660 -244 -50 -14 317 -33 74 -112 -210 -255 -191 -211 390 -335 -102 -395 250 -207 -27 -296 -215 -216 -18 299
335 19 500 -315 39 -56 253 -265 94 -78 -131 56 202 67 265 -142 -99 1 266 -9 -139 459 418 -93 200 425 245 -82 0 -344 36 290 120 -126 167 -360 345 197 309 -301 380 341 -267 412 94 -186 -438 190 -36 -249
-254 -167 -425 63 -437 30 259 298 -56 -234 399 -202 336 400 -182 -590 517 17 97 329 -58 243 -43 201 712 -155 239 -104 -52 150 66 -206 565 -501 -70 -2 -548 -369 216 -80 -381 -326 -407 313 293 -528 -21 -386 210 -139
59 -170 -281 -261 -266 -623 -13 -125 -38 210 180 -143 641 87 126 -71 -92 180 -272 237 5 427 -394 -86 -72 -73 -7 -276 -636 178 35 46 310 154 304 -75 99 403 -70 -67 306 -32 -78 325 403 -82 -365 165 -110 -234
226 130 -97 180 -199 -11 -51 34 -323 -25 -59 -196 -45 14 108 123 245 -166 -196 -663 58 125 34 -116 84 -166 -50 79 296 -202 234 -228 -31 158 -115 132 212 -7 -100 93 -546 518 -248 395 -2 -77 470 -313 -84 -128
-202 -519 -142 279 206 -51 -167 131 60 455 -46 -296 222 -269 317 -271 217 -108 24 -286 42 63 -45 -3 159 -184 171 -239 372 -364 -107 458 362 221 -6 11 -105 364 -85 117 -16 128 100 -111 -209 -458 447 -442 -69 352
44 -2 -190 144 -208 444 70 181 -139 46 -250 -248 -7 -33 128 -480 375 512 -452 38 265 32 261 5 64 -166 -285 249 202 -315 -131 -33 312 164 61 -471 83 163 -250 -239 -412 171 -280 -312 -7 -266 43 94 109 111
-176 -304 190 196 -117 31 262 142 407 -85 -123 363 -83 165 -23 -154 239 492 601 -96 142 -54 177 -34 333 -82 291 -75 152 -91 9 42 -133 -160 -285 -4 -483 121 79 32 -476 -472 -323 4 -59 -7 252 -350 598 111
287 69 -178 -345 63 -288 206 604 -261 6 247 195 317 212 221 357 184 -171 50 -507 -52 307 188 33 20 -317 -91 -214 255 -205 -180 -350 -7 414 137 32 144 287 276 -132 -313 -87 -209 479 -353 171 197 34 192 -353
-24 -117 -207 171 -123 17 -295 601 -101 -152 401 270 -413 192 113 258 186 -252 263 164 -425 -591 11 140 136 82 -163 451 -108 313 -441 -261 -221 -69 -175 446 82 -389 182 785 -146 -261 73 320 23 49 -100 -373 -313 -41
-96 198 -7 -2 -235 -23 178 107 -136 -205 469 -39 -54 -327 168 412 -283 61 -340 -293 -493 -345 -185 -422 317 65 -222 118 -268 -149 145 -594 -191 -25 -128 373 -434 -246 103 -51 -286 -592 178 -61 30 233 414 -181 -247 493
55 42 -52 -223 1 310 197 -101 -205 8 -183 -76 -371 -429 398 37 15 169 -10 -141 -128 204 619 -46 139 211 -289 252 59 -128 239 635 -168 -209 473 -318 206 72 83 -49 -123 335 413 -360 -127 -206 162 -18 -144 -71
231 -413 -33 -185 59 -185 120 315 117 -72 -179 -241 60 107 577 -333 365 120 289 152 9 210 609 33 386 -228 85 172 -75 66 37 68 45 164 97 -236 -32 -153 130 344 -280 -134 -473 37 167 -329 -122 -165 -125 229
-465 293 -298 132 -76 -151 -468 34 99 52 -142 -262 -120 95 -257 -318 71 355 -583 109 324 541 -18 462 -38 43 12 223 -260 0 -47 248 29 372 298 77 -316 271 -143 -84 -279 491 404 -558 187 135 380 146 153 -399
22 -347 488 -235 117 213 445 243 91 -24 16 128 143 -138 -55 -468 80 36 67 152 -50 302 134 420 55 218 168 534 314 -255 404 183 -454 -448 -68 -160 265 200 233 52 -130 339 200 275 251 18 -225 -56 -181 -121
-41 343 291 -230 -8 123 332 -194 -477 -8 209 -145 -40 -196 12 -64 -127 171 415 72 7 141 -313 -238 -186 94 -169 -443 -127 -184 82 359 -196 -29 280 60 -125 -111 -11 -87 242 -35 -161 251 -23 109 -428 259 -18 195
139 -369 -554 222 -99 -25 213 -536 48 265 413 133 224 262 -148 309 111 38 328 327 -133 -137 -124 -20 -350 450 21 -313 532 53 264 -3 135 -68 43 31 136 204 -416 -44 222 60 29 579 -440 -247 32 -245 69 546
-17 139 47 6 -103 262 76 283 -90 -7 -471 171 -210 -364 -244 35 224 -296 7 -142 37 -77 10 -28 -13 -257 33 -201 193 -257 -410 122 297 199 311 -201 348 -491 231 176 121 184 -199 185 245 -355 121 118 222 -92
-342 -527 -692 249 -328 -26 -311 173 -63 -163 290 -106 181 155 392 -42 102 -24 -132 -146 -138 -8 370 114 387 -151 114 52 -405 215 -29 158 417 -271 392 164 8 -361 147 -116 -562 -444 37 102 99 -159 92 -283 -35 152
41 170 -361 -44 -37 379 97 244 -605 -347 -68 -14 137 -251 -346 -113 -313 -57 -143 -323 335 71 118 122 -341 160 -251 -142 -152 108 -96 398 -240 179 592 173 145 39 227 62 -134 123 -282 300 -271 -165 11 231 169 -128
-348 108 188 166 447 72 251 497 -239 125 -258 2 -8 -364 -76 309 55 -74 -27 18 454 439 204 -73 -99 98 183 -349 5 173 -350 -46 -627 213 338 -11 -326 -432 99 -227 222 205 -250 -247 20 396 43 296 162 -100
55 -590 247 42 602 119 553 102 324 -48 -75 519 -284 144 198 -11 41 -340 379 376 112 -129 -138 -118 -96 337 -103 -557 202 -4 5 205 -63 -343 262 -82 -178 2 -80 226 34 -420 -103 67 -172 29 -101 -81 72 310
-116 -146 247 -48 477 353 -5 87 55 84 -256 -108 -33 300 590 -58 107 127 168 -57 446 568 333 43 -110 -51 165 305 -32 9 -128 -6 -211 -30 264 -307 -147 364 194 -158 -23 144 -57 -54 95 67 81 -37 -134 -443
-148 129 421 352 -45 368 -39 -145 331 -194 -36 72 -100 -35 179 -12 120 120 250 176 -134 -329 87 -329 -110 370 124 -53 -49 -450 -226 -298 -171 -210 -64 -35 112 -107 -256 237 253 48 631 -66 58 -248 -184 -262 21 312
53 -113 -7 -24 -8 -347 -308 -59 242 166 251 83 365 315 -187 -54 119 130 61 -34 -189 304 -313 107 294 -339 -149 -88 142 254 -164 -146 401 401 -435 470 -56 -42 114 -36 243 -277 -203 -173 -221 254 42 -289 221 -272
-250 40 205 254 394 -4 -95 234 295 -112 92 152 -117 504 362 -122 393 -246 325 232 105 386 100 -307 217 -235 187 36 198 532 -606 61 68 -40 -227 285 -127 -355 84 682 -9 -30 -72 113 -314 65 51 -389 -179 -245
-381 212 475 -49 371 265 346 605 211 329 -318 177 -215 -48 167 46 -72 -110 165 -262 151 -39 217 -194 166 -358 118 165 167 -76 -264 31 -453 73 97 -19 -370 -530 398 55 -205 -323 -18 -255 465 -163 -468 93 309 -70
139 100 173 188 -274 -93 311 -203 194 152 19 -310 279 427 215 233 -220 -266 114 79 67 47 -9 83 -318 210 -31 64 152 -232 419 -575 51 -298 -353 -156 81 304 -416 57 -334 5 -55 181 3 41 36 -61 -109 -163
-67 -446 -13 -421 92 -92 56 -115 171 -31 -284 536 200 -105 -116 -259 -309 245 -368 -76 -159 -72 124 34 187 -223 103 44 -412 -151 151 762 -86 -138 261 -339 280 -203 320 -214 -362 -108 309 -342 475 -388 -381 295 319 338
77 11 6 -495 462 -142 210 260 -415 -217 -296 -76 -372 -242 -299 137 -276 -170 78 -302 -420 -13 461 -323 169 165 47 -76 182 -145 143 383 -229 236 655 349 -156 -295 490 -50 281 -26 -178 -180 -100 105 99 135 175 258
422 726 -35 -581 26 -167 -194 185 -796 -4 229 -265 -759 -235 -285 344 18 254 -169 -325 -445 -556 66 335 242 210 -532 73 -290 227 282 429 -453 668 202 480 -261 -266 136 -96 158 -119 299 -335 -264 348 316 421 85 451
-19 -29 208 -425 -314 -533 57 14 29 120 262 -288 488 3 -326 75 -61 -408 254 326 -676 75 -511 359 242 10 295 -256 -168 310 172 70 150 -342 -240 254 -21 -206 195 -151 205 -166 -40 112 301 -77 -20 -11 41 -50
-311 239 8 349 -158 163 -292 -286 615 -86 -168 -460 262 138 -470 -373 -44 385 45 -226 198 130 143 -123 -275 48 36 78 172 -18 24 244 -327 2 -24 400 -261 -47 -233 181 -595 -251 -351 -507 -10 -52 -130 -32 366 271
-136 105 -189 440 -207 64 180 -222 280 155 88 -87 90 125 -12 304 -550 -245 57 -377 165 -4 -427 -410 -574 -146 -138 130 220 -27 159 -581 325 -223 -613 288 307 -242 -638 173 -265 -218 -176 337 -86 302 -180 -627 28 12
118 -135 701 -347 -97 -238 204 -428 248 40 -3 246 364 -42 235 -276 72 -248 101 -87 26 443 -128 294 8 -211 -100 -218 68 -658 531 -302 169 -84 -244 -324 304 -94 -20 -282 -270 184 465 354 316 -32 162 -318 -119 -372
613 -56 -124 -146 290 325 171 273 -138 -465 -96 10 -401 73 149 -161 378 -372 329 -88 229 -461 250 -4 -483 -85 57 127 443 133 -87 184 -320 -7 -126 -190 39 163 -5 518 -187 -99 -358 68 -316 -455 -67 -125 -461 -148
430 456 -228 329 -10 201 -256 4 85 -444 -268 -158 -266 132 11 376 287 -142 51 37 345 -191 -58 -208 -896 50 -217 -178 137 299 -348 -522 -103 13 -33 -338 149 85 -406 363 -50 -91 109 -22 73 -109 -250 271 66 -216
91 -434 -800 -65 -142 -218 -230 -349 81 118 246 -43 209 126 -220 -56 -382 102 -257 68 -156 -292 116 175 -59 -44 -115 -133 -244 20 499 406 92 -12 138 23 8 314 -314 -309 168 -438 71 -238 -206 43 -467 -38 -36 618
-65 -10 49 122 -242 -21 224 -88 294 -54 245 94 200 51 45 -37 172 580 -359 -130 -276 437 156 -614 201 -75 -98 156 -206 -15 -146 -232 3 76 -216 -23 159 -63 77 218 -611 95 -111 -62 440 -166 -56 -102 -106 -14
-60 93 108 -85 -269 535 303 -137 -36 1 -659 -60 -34 -251 89 -570 194 38 192 199 -202 377 -22 34 -237 10 -160 -211 248 -44 179 290 330 92 93 -373 -308 -15 77 106 -26 7 -26 -193 -190 -66 213 -103 -143 21
212 281 579 -343 454 -323 -103 -64 454 143 -105 441 -73 561 142 -33 -45 -96 -156 104 243 301 -265 -304 138 -316 -254 143 29 -155 -78 79 211 81 -335 -82 226 53 -401 -46 207 159 94 -282 262 350 -455 274 149 -566
-299 13 -537 182 -237 126 49 -334 65 -379 140 149 -32 -14 -794 -216 54 82 11 -18 422 -22 -36 -16 112 -135 372 -267 132 184 164 -80 347 -296 -274 -183 -637 -344 28 -159 -64 -253 -381 -103 -373 -87 358 374 100 98
-585 -100 -157 56 -130 48 195 453 -135 55 -137 -129 148 -331 -7 -253 196 134 -208 -146 254 370 -24 -165 214 -167 -173 93 -654 -124 225 121 -479 253 576 292 -642 109 494 -343 -686 -53 -246 -57 581 -214 -22 230 123 19
-88 54 -148 -294 29 -258 -194 215 -7 357 -373 -243 -59 -88 194 98 -177 -107 113 269 -144 -404 -25 288 114 -516 -287 -97 -253 449 239 -69 97 324 -187 221 -127 388 -106 -192 330 -242 205 -263 -162 434 11 -312 188 297
172 -124 383 -766 512 -229 22 214 -469 33 37 -224 214 241 357 151 58 -283 380 120 -330 -78 662 818 91 -447 530 75 -69 -45 325 550 -323 42 504 89 59 428 406 8 7 -43 155 321 -356 -133 197 12 -170 -92
444 -334 -325 -274 -301 -328 -75 -264 -27 187 116 -209 107 -226 -232 -348 -38 443 59 -130 -76 28 -403 369 -526 69 201 53 539 -46 287 95 242 73 -457 -36 207 519 -51 -276 515 245 -219 -144 -674 234 -33 -211 -476 -155
25 131 67 173 167 -99 -90 241 -484 157 69 -23 -497 225 -360 269 -286 -147 13 -98 8 -628 185 -13 -80 238 157 129 -92 792 -434 -277 -540 166 -19 256 -190 -490 238 12 -115 -513 -57 -211 361 165 -563 617 109 202
599 174 500 -100 321 -108 -44 355 -526 -512 -604 -69 -379 -110 30 12 36 -499 -228 -188 339 -184 614 67 382 -176 -254 -3 -105 -80 478 -237 -238 51 -251 -177 98 -261 421 -343 -78 102 -515 -311 170 249 82 599 -343 -230
-62 -34 571 -101 351 608 -2 -251 127 -23 -181 240 164 270 400 -79 148 -70 251 124 -372 32 -221 -422 -66 182 89 278 336 133 -156 -344 -46 -244 -243 -46 136 32 241 318 125 58 313 420 49 -18 -36 -222 -78 -33
-182 90 87 -306 92 -66 -99 -222 340 198 471 160 145 73 -46 -51 516 88 16 174 -441 -269 -245 112 763 -104 -191 -232 -248 -15 32 228 91 -217 -134 -65 -212 62 663 -446 -5 -25 497 71 251 -388 244 -162 460 240
266 168 147 -369 -28 -295 -31 -99 -394 373 365 -126 -264 -185 -91 -310 -167 -48 -166 -367 -545 148 250 243 409 -5 35 -138 394 -383 136 548 383 243 359 83 260 -213 -116 -146 78 668 503 -105 -225 -142 295 1 -4 143
-182 1 -99 17 299 465 -100 260 339 570 174 49 -540 191 -255 -581 322 88 -199 -466 334 -46 -216 210 182 -131 -211 90 312 163 -263 -24 22 106 -231 -282 -409 -184 -136 -305 -684 15 160 -521 340 -260 366 -234 495 -174
140 -151 -388 43 -195 209 21 61 227 -374 99 104 337 538 52 -107 -35 -123 -60 56 -359 -510 173 -355 275 386 -71 135 -12 154 89 -387 189 -15 -413 202 -390 10 71 142 -233 -471 -320 286 -296 -283 261 -393 196 414
-282 301 -354 507 -550 -214 -236 71 316 -334 516 -36 401 -110 -259 5 308 -99 140 322 31 -335 -527 161 149 77 -27 -346 -152 -320 -330 303 95 105 417 225 144 -240 -270 223 123 357 162 243 172 -593 41 96 428 155
-114 -31 218 -282 -200 232 274 116 -289 74 -465 229 -14 -464 -451 -322 -307 -33 137 -72 170 192 3 197 241 -93 -153 -189 211 -57 60 139 -270 185 251 39 -427 149 243 -636 58 194 -18 -433 305 98 78 67 626 -153
-1 -230 -274 -206 302 -150 290 -393 -75 193 329 90 325 -274 106 -111 -95 56 -401 -81 -92 -26 -192 -516 -82 377 241 -130 -32 -97 378 298 -163 14 228 -46 -337 -223 -49 -302 332 -43 -203 203 -98 73 -378 187 -342 404
-312 439 15 68 251 448 496 154 -359 -4 -529 159 -718 -93 -299 297 116 259 141 -138 140 299 283 -364 -173 66 -199 -48 -19 -163 101 537 -255 64 648 -60 -184 -333 207 -18 -190 45 -344 -110 -106 235 184 411 197 63
103 -337 213 79 46 -135 360 146 370 -88 109 420 219 -301 80 281 7 -444 228 -6 336 -40 -162 -59 329 -3 145 -450 -124 -79 -94 -844 209 -238 -592 -317 -98 -58 191 -133 231 -88 -516 406 42 151 340 -126 41 -308
185 -21 -115 151 -237 -94 -519 -337 20 -125 452 -36 489 80 105 -123 8 -238 -494 -187 -140 250 -401 180 -115 -101 -56 -134 370 -242 -18 -172 196 166 106 55 128 20 -402 110 -179 -57 294 79 -50 -67 179 21 -566 -56
-99 -313 -45 485 -130 -427 -380 -116 577 -17 156 -39 212 437 -86 308 -63 65 -263 310 455 272 -411 94 -136 -556 300 127 -362 -110 -202 -458 358 -400 -266 -80 380 388 -491 46 -421 -75 -337 344 804 -1 -353 88 175 -53
-238 377 -85 219 -504 -130 -286 278 -181 -129 -64 104 288 -280 -267 -213 288 146 -258 -26 186 -148 -110 287 95 -2 -164 -111 -479 -29 -356 -9 -370 656 230 368 -45 -162 142 -126 -399 -60 -54 -52 -41 -329 67 218 -133 125
-194 -98 -50 201 -419 117 -173 241 -264 -18 383 47 166 273 193 501 59 162 -114 -177 -411 -422 -220 497 248 -478 190 320 180 80 247 -227 -400 -43 -176 287 -349 440 66 -499 -209 -246 354 -298 -340 422 432 -28 -194 -16
-80 47 265 36 54 -56 371 160 -204 304 -504 -166 281 -58 132 -160 104 143 -163 123 -315 176 595 -214 121 13 673 113 163 -120 -172 240 -63 285 456 -382 -47 -214 289 109 150 467 -131 208 260 -516 -155 248 77 265
194 -48 124 -154 -96 254 6 -277 79 -10 -115 230 -555 -75 155 369 95 124 369 185 -379 144 379 1 46 341 -41 173 539 -248 146 -133 357 -250 -304 -419 116 -32 219 -11 476 431 360 -122 -136 245 429 -38 -71 -368
23 72 50 -279 182 -508 2 -214 482 58 96 -303 331 101 65 -78 12 -207 322 37 -407 118 158 -308 -9 371 427 -137 131 -145 104 356 56 -58 -28 108 -543 7 559 -420 417 316 71 -404 -120 -263 75 30 210 -148
312 187 -24 -375 -137 164 119 28 -547 253 -172 -293 -414 245 -64 24 -445 90 353 -292 -22 224 576 -19 -503 -4 -151 496 113 44 650 235 -171 235 -72 36 -167 317 167 -409 400 658 -146 5 -100 361 -206 217 -357 -423
-322 89 512 221 -72 337 241 -91 -33 -227 -16 365 200 516 -487 210 -388 -92 296 342 -57 -83 -268 97 -177 78 329 -11 15 -281 -91 18 -203 -252 194 547 53 132 17 -256 239 -91 -355 335 -178 244 -264 105 103 0
-5 213 328 158 291 -22 325 -164 94 116 -241 15 -425 120 -119 -380 -41 313 -206 -91 396 112 -5 -524 198 268 -236 -27 -19 -5 238 -353 41 237 -269 63 -426 -210 -83 73 26 -105 -145 -72 197 226 136 -191 198 32
-409 228 161 148 15 348 237 287 -384 196 102 -102 -253 -59 -81 -54 269 -71 -100 120 199 310 50 246 393 -401 106 22 367 -37 -274 415 -29 81 393 105 -145 -292 -265 -108 165 408 148 -261 -67 -104 -22 58 85 -101
66 350 378 84 -327 218 405 -108 -350 -255 -196 163 -254 -2 -220 115 -9 225 360 -15 -190 136 -152 -390 14 127 -38 60 79 26 -152 7 -175 -6 -133 -2 171 -421 -71 500 142 40 -6 -65 242 -323 -113 -65 -379 -97
90 -188 373 61 677 64 -65 -274 195 189 169 397 157 103 -193 88 194 188 138 -359 90 -215 -656 -326 -113 -205 -61 -280 74 180 -225 -279 -137 166 -367 118 208 -404 -23 194 -87 -645 -365 73 -242 199 -308 263 175 349
-127 120 -337 -292 642 -160 -24 -19 283 364 -543 -49 -174 -173 -137 -195 324 -45 -139 247 203 263 -372 29 -145 -40 -200 -82 -145 89 -84 149 240 221 364 -456 -373 308 295 -227 6 19 -236 -355 278 -52 -66 358 263 -131
-68 199 291 6 209 341 -96 13 -220 49 -390 -162 155 438 149 -146 -189 -217 305 -40 -302 306 227 -41 69 -260 16 44 443 400 -179 105 -224 -168 90 397 88 88 357 270 -208 -179 153 38 -88 -217 -162 -609 -167 138
-213 467 244 -134 32 -168 175 89 197 204 -277 -207 83 -141 -372 279 20 367 -8 96 19 75 -249 456 -180 -447 263 -11 -60 -52 228 199 -331 -33 -43 2 -362 11 -62 -408 43 -61 7 -406 -81 429 6 173 690 120
103 -224 71 184 -146 -397 -318 -265 229 -328 -133 62 492 43 273 -69 75 -108 109 -43 265 -292 -231 37 136 -291 -212 -368 -247 -115 513 123 -287 -7 -392 286 -163 383 -14 220 -386 -275 132 19 -9 -160 53 -336 220 168
-155 -69 160 -115 179 178 332 -10 257 395 24 235 11 -371 12 -76 6 95 -60 95 144 -278 -123 364 57 -11 -198 -174 -56 -368 81 -100 59 62 -148 -260 -160 -16 65 -354 -89 -164 68 -221 -17 191 -29 -10 423 81
-326 317 762 143 459 350 51 -242 -400 -103 -51 25 -569 -278 -347 179 -200 39 -26 -99 16 22 223 -95 -58 343 420 488 47 -8 -449 107 -452 56 216 275 251 -589 14 529 438 203 684 -271 95 -94 -91 248 -334 -25
237 -98 123 195 -51 25 -68 87 -500 -145 -475 -137 -391 -4 -198 -599 -215 -8 -300 -161 500 358 625 -182 28 225 -313 -38 359 203 143 273 -147 123 257 -118 134 -486 -116 108 -198 233 -37 -130 145 -41 161 273 -277 239
474 349 614 -105 251 -86 -192 -375 258 -16 374 -32 -303 502 320 405 -103 -54 424 -526 163 87 311 -155 -193 -487 -187 298 231 -30 161 -48 -60 -113 -359 140 644 -467 -276 372 -125 110 34 213 -28 248 -291 -67 99 -538
-130 203 221 13 -191 106 -329 105 250 -98 103 -404 46 107 -84 51 -119 -366 688 -317 -430 -77 175 190 -10 -273 468 469 410 73 -28 10 -369 -22 -111 379 -356 -149 576 -2 310 -194 -124 -28 49 -52 -154 -153 -405 -108
-97 43 118 115 -161 342 177 -220 -50 198 -134 -273 -199 46 -76 253 -141 585 324 -157 -174 386 -282 -43 -187 -132 198 380 372 51 152 346 222 -130 32 65 114 586 -212 239 77 689 6 108 33 60 549 -122 204 -53
-174 103 -98 277 429 -19 -136 3 -135 220 90 -12 117 -15 -291 249 -246 -271 -379 94 186 -49 -267 237 -57 73 99 -538 -206 225 -248 -137 -10 -37 178 59 156 20 -54 -326 261 -76 -73 -43 -207 378 -165 309 172 168
-50 83 84 -629 -366 -380 -174 176 128 76 379 256 37 -553 -112 148 -178 -314 259 99 -192 -249 -344 347 126 53 -168 -476 -389 -113 -393 -163 -42 17 93 -148 56 -248 132 -403 139 -252 62 -193 346 129 15 306 -101 -301
-89 510 -597 -42 -713 43 44 -169 -223 49 -170 -406 -178 -336 -188 -179 -401 42 -404 -582 75 186 439 -91 53 -77 -319 -179 -42 -31 349 -37 524 79 -11 -145 96 -370 -352 50 -569 437 -4 -237 -120 44 802 -357 140 -296
-472 -271 -280 175 -24 266 -17 -55 522 551 -333 99 253 432 359 20 -69 422 2 86 -226 414 20 -344 -345 267 -250 41 -276 -87 -238 -108 431 311 204 -80 -77 244 -209 225 -43 -332 183 -348 4 116 26 -383 192 -214
348 -3 -364 196 109 -273 -276 374 -13 -494 343 130 196 277 -220 376 32 -432 -161 34 389 -367 -92 237 576 -466 32 -505 -40 481 -122 -192 -8 -303 73 180 -178 232 -95 146 -278 -235 -588 419 -61 91 192 412 718 245
343 -119 319 -57 65 -212 37 519 139 157 223 -33 -74 204 -299 -351 535 -245 -61 315 305 61 -94 680 -50 78 -255 -279 378 -358 -128 -190 -70 342 -330 -3 98 139 -312 36 -312 157 -187 -50 -87 -96 396 55 -102 -2
60 -465 169 20 57 -160 -253 -97 154 71 463 157 457 -76 213 -60 75 -424 -72 -264 553 375 29 -79 -32 -158 523 -332 43 341 -351 -716 -177 -250 -359 -233 244 -105 -214 124 -398 77 -308 681 221 129 -40 136 -90 -405
-356 -86 -126 355 -131 -160 -557 -424 92 110 388 -42 101 222 -473 396 96 132 192 450 -27 -252 -946 195 90 -117 450 -63 -65 592 -373 -62 -6 -194 -423 445 -422 244 -86 -120 605 -215 -65 -94 -2 173 197 -5 -131 216
662 -300 258 -27 256 118 -272 -158 236 -43 -95 32 -405 151 206 -180 185 30 179 -128 553 128 324 326 -335 -353 -16 353 430 -110 242 -1 40 -195 -356 -497 494 309 -454 120 -187 235 0 161 156 23 -105 12 -27 -200
202 -301 400 234 -9 -185 267 -166 -126 343 -42 225 288 118 73 641 -604 -126 -92 -71 138 -119 121 59 -174 121 338 -258 -41 68 35 -424 93 -25 -183 47 556 127 -202 -436 494 207 -308 436 -102 522 -241 115 276 -248
-156 418 346 266 -40 140 -63 169 -200 62 -169 -4 -491 -25 -413 412 -72 -89 239 -244 119 118 26 -47 -128 -90 102 -11 263 195 -190 -285 -64 176 -405 531 -1 -429 -82 0 137 163 -223 -47 -448 527 424 37 -16 -50
231 -124 576 -155 -49 178 -249 -1 85 -364 -265 348 -172 -422 -7 152 -457 -178 300 -375 -33 -66 144 251 -97 435 -341 -104 149 -222 70 -93 -355 44 -292 280 186 -65 206 46 74 -277 128 -357 -189 645 279 -96 73 -398
-162 -58 168 -8 398 167 120 212 104 455 415 -23 -322 292 251 541 -78 -231 232 -262 -273 -201 323 -161 183 329 260 342 204 -152 -18 168 -301 -156 42 171 -80 -263 -45 -45 200 158 174 161 -77 98 -72 -34 279 72
-129 -133 -217 586 -456 262 226 -336 8 -144 -260 62 -29 -93 -293 24 329 306 63 387 130 351 -285 -273 43 193 91 -361 282 355 -208 -473 421 -294 -471 -308 -9 133 -354 -125 -60 48 -203 106 -129 -99 695 -308 -286 511
-67 87 346 264 -348 39 36 153 328 187 279 419 -411 -126 -287 500 -473 97 165 -318 -358 -506 187 -79 -149 331 165 246 -113 -137 -348 -227 -527 107 46 66 178 -439 99 54 41 -186 154 -243 334 240 -125 470 -94 84
-138 15 219 -41 -324 42 -347 -421 84 -121 50 -356 221 -82 389 139 -209 -19 553 25 -245 96 301 343 171 -605 114 201 265 -204 276 331 -184 116 335 212 -56 125 -63 137 376 -85 330 -205 -51 -20 -139 -262 -241 30
-397 -61 -150 241 -179 -296 -356 201 27 342 -303 -333 319 172 129 -242 285 90 -118 295 -622 173 60 38 196 58 -77 -48 37 66 27 796 200 241 278 471 -235 -27 239 268 68 -26 301 -361 -119 -197 -33 -174 -196 299
143 -11 -176 283 288 -317 -61 218 -224 291 212 -398 -313 37 423 455 48 -44 372 -1 -244 -271 286 334 16 -255 35 146 106 11 298 351 -146 101 -56 138 167 62 -339 381 243 201 346 -282 -370 67 18 -348 -360 314
-225 514 -90 80 -205 173 -227 -130 138 -28 -98 -248 -233 373 -91 491 -71 294 316 278 -400 -111 -355 -148 -370 -374 -148 723 -289 -4 -129 73 275 82 -73 347 99 219 -160 188 275 -24 -66 -292 -9 95 -164 -68 -26 -275
8 -211 -123 98 -338 304 76 338 187 -112 -151 540 -281 385 62 146 -239 22 200 -24 -220 -89 74 -39 3 -104 -24 417 150 90 -9 9 298 -202 -546 -39 -9 -163 -330 187 -56 1 174 -389 -249 156 281 -283 -46 -257
-157 125 185 359 -22 -22 -263 452 86 -270 213 72 -586 9 -372 -299 63 -134 75 105 -52 -625 -231 28 183 170 215 440 16 254 -347 -129 -78 -180 -488 172 -46 -372 382 70 177 296 240 -229 128 -107 130 273 -271 17
245 -212 65 76 92 256 56 579 -210 -261 107 576 -30 117 211 68 64 -24 -39 155 176 -325 -84 168 -19 165 -442 -238 308 222 -473 94 -574 116 365 31 -169 266 230 17 -34 -525 155 -154 -28 136 -229 326 16 12
261 51 542 -403 959 -422 -31 -139 -79 19 2 -92 -444 272 78 401 99 -135 759 -167 -414 49 -6 -258 250 234 279 146 -55 -203 -54 270 -31 76 -174 -57 114 13 375 84 296 4 -329 -87 -5 -11 32 296 -9 -20
-108 -106 200 366 -165 71 -232 -252 10 207 -542 50 -165 -26 -407 -30 -295 161 -338 -164 -215 -200 19 52 15 338 57 71 89 -298 -274 -254 373 189 -208 160 227 -60 32 174 46 -617 -317 -245 55 326 -77 -131 -218 160
99 190 -38 553 343 126 140 94 -95 136 -149 164 -304 717 120 355 -330 196 -202 -168 -13 -2 -33 -870 159 226 -511 417 -148 244 -6 -315 397 27 -363 378 234 52 -34 97 309 -32 -20 37 -51 146 -599 -35 170 36
136 -43 -297 32 -114 115 345 97 -334 -273 -74 -43 283 12 -125 249 -165 254 -143 144 -107 176 390 -228 -349 504 -50 8 277 49 -93 258 -187 -42 520 149 369 499 55 -26 15 291 -315 453 -519 218 39 251 140 329
331 15 153 177 -70 3 -136 -349 36 -346 -64 383 -42 -200 28 147 329 214 -58 37 69 49 70 -6 -35 76 -107 -46 11 -575 294 4 78 -92 -404 -229 686 -24 -261 -68 43 643 146 145 -347 -91 293 -154 -305 -11
-632 -39 -76 183 -59 -94 -306 -134 408 324 433 -585 173 112 126 -15 472 328 566 119 -361 586 -385 99 -127 70 177 12 -199 -119 -273 250 335 49 100 280 -167 -19 34 250 -311 85 47 63 150 -261 467 -432 151 -77
181 299 361 5 6 15 -25 260 -188 -232 -92 -375 -139 64 310 -442 460 -345 -96 309 -306 -328 62 77 397 -186 -34 104 54 83 159 69 -23 -148 21 3 -199 -260 357 193 37 36 323 33 290 -431 -195 20 -345 263
100 -63 -258 -214 145 115 -113 124 -218 -77 798 138 -361 102 -315 -58 2 -236 28 -483 -303 -356 207 80 283 276 154 33 169 334 -24 319 -182 -70 30 131 -174 -260 416 -17 -302 501 61 375 -79 -23 859 52 91 37
-668 -17 -174 430 -462 -328 -173 -96 -171 359 -412 -265 175 -426 -414 -233 17 405 -603 342 -143 153 -242 313 36 66 454 112 219 -146 -143 58 225 95 102 273 -37 -184 -285 -111 220 278 635 -461 -89 61 241 -352 -106 418
-66 173 -458 361 -223 -231 -167 -287 -121 130 387 -36 -171 -5 -41 744 -193 59 -238 -327 91 -148 -493 -10 -77 -286 149 205 204 128 145 -496 176 -16 -447 153 227 171 -535 -195 198 351 184 147 -111 478 413 -394 -108 -216
-105 130 -101 -99 247 -307 156 447 -64 41 367 23 -443 -372 -69 260 38 -61 16 -217 -185 -269 -270 251 233 -125 -49 113 -68 -74 33 224 85 152 -101 188 -66 -342 -135 142 81 -156 63 -208 -140 398 118 -16 147 -30
88 -143 -477 -67 -316 271 216 -96 -123 -56 441 225 -191 -27 78 8 262 509 49 -380 -301 -266 103 -280 -123 11 -371 378 90 76 229 304 23 69 -80 -55 61 -181 -40 -134 -287 218 349 -313 -420 -277 84 -24 -85 -41
168 2 -4 -206 284 44 -103 41 51 -224 -28 -16 -3 -29 -19 -26 232 -23 408 172 46 -32 70 345 -195 -94 -187 34 -401 -103 158 -59 -52 109 -174 3 -227 466 189 98 -245 -305 -280 -151 -265 49 150 76 -32 -134
-24 -81 -399 229 -274 132 113 397 50 105 -194 -217 -67 -318 67 -472 321 112 -484 109 461 18 275 225 192 -2 -98 122 25 -193 -143 -221 458 62 -102 -285 -164 199 -85 -465 -181 163 -110 -269 -23 -459 161 -264 -45 -61
-249 -116 249 37 83 -315 -200 -124 -132 65 -139 312 -75 -114 -290 59 -141 242 62 208 216 -319 13 441 -110 379 130 -361 -326 7 -146 198 -272 159 -89 289 -8 -319 -178 -147 168 -302 280 -570 -555 399 -82 165 364 -51
-718 523 -78 536 -445 -216 -183 214 292 223 -158 -121 1 269 -457 422 -227 427 -467 -47 -107 328 -440 -208 159 128 185 549 -172 -374 -239 -264 331 13 -229 610 -231 -609 -233 76 -82 116 -439 -388 246 462 184 -174 222 -502
-161 37 15 -129 -493 195 -64 -355 -111 113 -143 -5 296 121 232 -396 -137 544 -303 -72 -7 638 -489 -266 -18 -286 -198 69 -417 58 331 651 252 -141 265 9 231 120 -192 -162 -73 303 -68 160 238 11 -205 -55 -200 -264
418 -70 -238 -97 177 253 -424 -280 119 -685 -34 -116 -166 -418 122 113 -180 -392 262 -398 182 -453 344 3 39 -243 -189 -61 -156 17 526 45 -227 -361 138 -336 -37 165 440 108 -41 -56 -215 331 40 52 108 365 219 264
-336 321 153 314 222 -138 168 235 267 68 -96 262 -597 296 -643 37 -65 231 149 367 -63 -118 -299 -218 206 637 -308 -149 -56 -262 -441 140 218 255 36 445 -233 -159 42 100 242 -199 -414 -137 -56 268 -17 124 236 358
-363 -196 -170 -106 -129 386 429 326 -22 348 239 317 203 -96 169 13 174 564 -528 155 65 -14 -57 103 220 144 -118 182 -100 -153 -58 -93 -233 90 158 -140 -243 296 -128 -674 16 -2 181 -208 -303 162 108 -26 40 53
545 113 -99 -126 157 56 -22 -5 -5 -119 -125 -269 -213 -183 295 -313 -72 -138 23 -300 73 -54 254 -252 -442 182 -33 228 237 22 176 -166 110 128 24 -325 62 84 -151 259 179 189 -127 127 -33 -163 -123 -18 -443 -284
2 36 65 -168 246 -104 662 -207 98 682 -330 -203 36 -66 164 -208 -58 -257 -293 139 -178 196 -166 4 51 64 -152 -271 109 -294 690 84 383 -17 33 -314 -151 391 -23 -780 43 351 111 15 150 -103 144 -385 -83 242
2 128 168 74 174 191 130 601 -506 -127 -62 40 9 219 130 82 448 22 340 -191 -359 310 17 258 75 -131 0 -108 428 60 -235 395 -759 248 558 161 -96 135 440 -49 -472 171 112 -139 -96 -78 338 32 -235 258
95 -249 -163 -363 -360 -197 363 230 -332 -52 119 367 38 15 348 143 -82 -207 367 269 43 261 -16 470 263 -425 -345 -149 63 1 431 292 192 -61 -71 199 -234 -61 -35 -412 12 -55 -36 185 -156 273 99 -562 -102 -205
-24 -285 -387 251 -585 401 127 46 -321 -589 98 465 -82 -60 -136 -211 -60 273 -358 -184 187 84 151 -510 9 197 56 310 147 59 -50 -105 -313 -172 68 -127 -86 -115 -65 197 -392 225 100 136 111 -314 146 150 -488 73
9 -237 285 -100 -17 -173 -407 -65 147 -26 150 1 84 86 -203 52 0 -41 169 -153 -102 -53 -53 246 456 -393 359 -50 346 -259 -338 242 152 37 100 232 -28 -215 118 64 -56 -163 -694 14 319 69 307 -22 80 -14
70 195 -51 -359 254 147 -3 -124 -282 -97 -306 -6 -12 8 57 427 -168 -10 319 -271 -603 -239 244 -98 -214 68 213 339 330 -46 -91 115 -24 142 373 -26 136 37 446 321 167 -21 -12 132 -109 -86 -122 55 99 -292
329 -100 92 -62 271 254 613 -20 -158 95 -85 196 109 217 240 106 -180 -158 -22 150 272 534 90 -354 -100 -187 -188 -83 234 172 -42 -454 275 -121 5 -288 86 508 -256 27 0 199 -312 430 -144 54 -65 17 -61 -17
218 180 41 -364 -906 46 -77 -257 162 -31 141 59 356 -398 -372 -490 -133 -11 81 -81 164 7 -289 602 -355 -363 -502 6 253 -74 344 95 -250 128 -140 -45 385 160 -256 -79 -104 181 459 -125 142 -128 -210 -71 7 -491
-8 -176 125 -258 -522 -317 -77 -6 -300 425 451 19 204 159 -273 126 -107 -42 0 262 -586 -22 -164 608 240 172 179 22 259 -50 -156 341 -85 53 391 268 176 -214 -103 -385 306 95 463 -15 401 -114 -262 70 22 96
133 -62 142 173 -77 8 -178 -71 -625 -144 80 -203 -83 -102 -179 -230 -39 -33 -71 -74 213 152 746 345 -56 234 372 -18 65 20 66 153 -409 149 342 -246 265 -426 193 3 -17 508 60 264 138 -207 -27 509 -301 -28
-101 339 285 636 -234 416 -152 -72 -33 -85 -685 -653 -33 354 -64 -337 32 486 -90 609 309 694 368 -145 39 -21 -61 384 63 -85 111 407 176 -169 170 61 47 285 -423 213 501 567 -240 -475 0 -63 -477 326 -124 121
158 -23 -90 32 -165 -44 77 472 43 -287 32 47 375 346 291 -94 -25 -200 -173 27 505 -236 143 214 65 -259 -327 -245 -242 86 0 -210 -392 97 58 221 -259 592 30 -271 -317 -479 -131 19 -58 -65 -273 -228 173 -219
111 36 -82 -237 -110 -80 -60 -22 -454 -191 -25 -399 -50 -139 303 -258 175 389 -80 135 262 482 -161 107 -201 -199 -176 352 -159 -226 343 476 -66 88 257 -100 -138 332 -197 198 -30 528 156 -94 33 -84 62 139 -89 -274
-235 -253 -36 84 -524 110 -121 -98 -207 149 5 59 144 359 -174 -175 -216 354 220 300 -41 583 606 562 72 -25 370 -87 112 346 -238 173 122 44 246 -54 -141 264 -260 -55 -229 316 140 -206 -131 215 557 -10 7 -149
-226 151 530 -134 413 -113 185 163 196 -24 -70 273 -429 -79 145 -58 280 27 152 -82 415 227 -252 -386 126 -188 -142 196 -184 -480 -266 -57 135 205 21 -96 -143 -286 210 -38 -243 224 -229 -127 500 -115 -78 366 225 -663
-201 74 -73 113 130 -194 -274 497 -11 109 699 93 -9 85 214 441 -77 36 -23 -442 -4 -104 13 137 -73 -422 305 378 61 90 -214 -79 -368 52 -1 225 -84 -453 -169 25 -261 -81 336 -88 -113 293 -191 285 282 -288
104 54 248 474 50 153 -244 149 290 -248 -51 334 -283 -46 -42 -121 48 -16 -7 -13 339 -219 -142 -447 9 287 316 -43 159 38 -403 -185 -53 -4 -575 32 -33 -329 88 36 509 363 -452 273 -239 136 6 177 -166 153
199 -513 -124 -262 209 74 -48 -159 -197 63 -304 -256 -5 -405 164 -251 432 214 275 191 -568 -117 166 -39 39 593 112 -124 203 100 187 421 -30 -108 162 -121 -212 30 483 179 288 -148 58 177 -44 -167 78 -258 109 634
-356 33 -233 15 -15 738 -32 76 -543 -159 60 259 264 -275 -3 326 -184 -116 -21 -249 -305 -36 -323 -311 -234 143 -15 188 31 243 -623 59 -395 156 485 157 232 -58 344 202 10 -161 32 450 16 -232 -316 187 -182 141
121 359 262 -358 -64 -104 48 154 -131 -431 -547 -5 -62 -353 -430 11 -143 -15 -278 -246 -517 -264 454 84 248 74 43 -83 -119 -331 296 485 -431 196 464 301 64 -191 361 -162 -155 -121 194 -613 -51 -152 156 245 124 327
-67 267 -170 40 -277 8 -49 54 4 -220 -112 102 -54 -143 -233 -109 471 316 5 -70 98 -297 107 -110 -57 117 44 139 105 -40 -111 -85 -113 282 -485 89 -441 -104 248 12 -157 121 65 -418 -584 -345 381 75 -21 -130
-199 439 317 -388 -140 385 195 -16 174 476 -359 81 -19 -26 181 -146 -345 130 -59 136 -178 495 74 -34 -136 317 -595 75 -183 237 -114 286 -242 159 429 -200 302 -98 67 -281 225 6 612 -240 249 113 -423 124 71 -81
-466 20 -80 290 231 -23 -330 189 317 292 24 -632 -117 282 -24 265 203 365 77 -74 147 415 251 -37 80 -251 516 359 -190 324 -49 111 -249 -89 -6 142 -309 358 -125 161 -96 398 -187 -190 296 271 145 90 446 -139
-62 -72 -470 77 -183 263 -330 -418 -140 -76 324 -181 -95 -131 -149 154 46 313 -9 -30 50 0 -279 279 -62 -285 -298 102 -426 281 44 598 -181 -151 325 -177 181 255 100 -230 -164 -25 -21 -126 398 -209 -88 180 -227 248
-51 66 -123 -187 162 -188 -202 480 -292 -105 307 -79 -154 195 14 3 423 216 -60 -37 -420 -355 575 381 397 166 -217 94 -80 266 57 301 -317 377 138 475 -166 -148 358 90 -345 -294 590 -433 -397 5 225 65 326 26
-293 785 123 -234 -248 -174 47 592 -11 233 -22 -60 -230 208 -281 -405 -86 -102 -387 107 -265 222 270 381 299 -421 -472 -5 -27 -229 -48 261 123 391 455 335 -134 -324 22 -231 -390 426 529 -430 95 274 152 -52 566 -230
22 -197 -20 -191 -448 -164 262 72 -1 -90 -108 105 384 52 147 67 137 -10 128 246 -95 114 -81 -23 69 -163 -226 -56 -129 -384 444 -94 350 241 -81 154 -134 -338 -280 -56 174 -284 -66 50 58 -96 -188 -144 159 -131
-200 -363 -36 65 633 196 188 -122 2 307 -454 138 -413 -240 -282 -182 -407 -187 70 13 182 237 17 -541 -435 373 180 -308 254 107 -481 -238 472 116 90 -283 -64 -15 4 91 199 -106 -319 24 127 114 55 82 -36 188
11 -174 -644 132 -81 291 248 -106 -601 243 155 -142 -326 -110 83 -34 -209 149 -709 -229 448 -116 188 -194 64 -49 -147 136 -384 209 391 34 -128 -50 71 -435 -71 210 -283 -147 -5 236 35 182 149 -50 -4 -40 -334 205
59 -128 -261 403 35 -304 -197 1 272 271 -588 121 -16 -185 -94 18 305 -91 -703 318 476 -98 99 21 155 262 267 -264 -45 -127 33 -429 393 -39 -266 -533 -96 -208 -330 -214 161 104 -58 19 63 -77 110 267 287 324
-8 299 -33 206 41 -147 12 -139 349 239 -137 -34 -84 155 -37 -62 275 -7 -83 333 479 -112 -618 111 -287 -375 -21 -259 -120 -288 55 38 186 119 -231 -259 174 313 -925 -31 128 264 -96 -73 -240 -24 9 -38 -212 282
-405 -238 -518 609 -129 458 320 -148 76 18 79 -113 19 -16 -280 343 -365 381 -455 -323 763 490 -386 -261 -423 -40 -26 195 -233 123 -18 -391 -36 -254 -142 -57 -132 409 -637 -141 -403 -204 -341 -161 145 175 -14 -117 116 -97
-140 167 -227 -186 71 66 -139 105 -18 191 -249 -167 128 67 -50 196 498 -100 -101 293 -327 -142 -25 146 -241 59 12 262 278 -251 -33 -327 203 137 -202 0 71 206 80 -164 -12 285 80 -103 -277 49 85 -26 137 -222
431 -45 -284 -165 156 -356 24 339 -320 111 -197 -390 -178 -334 -57 -338 279 -458 -157 234 1 -256 -196 145 -134 14 -353 -339 278 338 88 -336 160 468 -151 -122 -283 222 2 202 439 21 71 -7 -173 135 488 -165 -349 321
-132 136 360 -28 -180 263 392 -74 -25 -47 133 60 -155 41 -7 248 -345 283 -236 -154 -396 185 17 -138 234 345 -131 72 -13 -238 317 14 -24 -37 271 366 106 -42 -108 -398 21 -133 273 -28 -83 276 62 -8 238 131
54 -115 203 220 352 -331 -125 18 434 146 -68 -773 238 100 412 -323 113 447 -173 -179 302 373 302 124 -179 56 229 -24 12 -337 167 512 86 156 135 -100 74 483 -92 48 -253 246 -282 -126 24 -68 161 -74 216 9
33 -213 -178 373 -178 155 -54 -42 163 106 251 40 -393 206 251 -105 -156 1 103 4 630 -84 412 -67 13 -58 95 18 120 -117 -101 -452 257 -184 -294 -405 -423 -209 -528 72 -109 -108 -253 -79 -12 78 52 -25 -59 -102
-229 -1 -27 -210 269 -33 -520 -145 -243 155 379 -263 315 -18 388 169 241 147 -297 -198 -149 -6 -30 130 -111 -161 66 207 -365 -382 16 -80 -84 209 557 204 58 -133 23 -87 -44 -222 558 257 173 -116 -383 45 58 -72
-240 105 93 281 -165 290 481 230 259 59 -135 242 -426 -506 -226 -432 -265 -206 119 -51 -188 -512 362 -210 -93 510 239 -50 173 -91 -281 -597 379 -342 -220 -360 85 -371 405 160 -249 208 335 331 -78 -274 381 -136 61 249
590 166 -125 -388 -575 -291 -196 -260 -26 49 512 -107 331 -315 84 -478 274 267 -342 35 -132 -117 -534 -17 62 72 -186 -66 27 -123 -281 -477 621 315 -257 -479 296 216 -391 87 320 50 -12 357 -10 -353 -30 183 -347 -181
57 14 -439 90 -363 -52 -507 -270 54 -245 115 125 -49 143 -155 298 -194 404 -496 48 96 -151 -270 150 266 -233 44 78 -515 390 111 404 -95 -416 78 -118 202 227 127 -439 218 -154 -269 -63 -92 313 59 485 -436 406
-92 -110 -13 -137 -105 179 -202 -878 150 -310 -177 -147 531 351 289 162 -56 -73 36 185 -468 256 7 -164 229 -210 313 -2 207 -37 352 453 388 -445 238 76 -17 53 -21 4 194 -248 263 108 -51 -434 -136 -329 8 214
258 621 -62 -70 -261 -205 140 -575 211 -42 -37 -285 35 -154 168 -131 -207 -157 -435 -158 401 47 -49 -447 -121 -369 -437 110 19 -99 594 -632 418 -49 -514 -231 197 -64 -497 -341 -164 454 157 60 35 -7 -33 -212 30 -320
-228 -304 -392 -11 -251 -436 -45 -268 65 115 358 -250 494 -358 -113 96 358 -95 324 396 -382 -555 -697 327 -205 133 235 -124 216 -309 190 -104 -10 -243 -64 248 -159 179 -20 7 -66 -189 245 185 -50 -617 -107 -462 19 258
104 353 510 -314 136 -136 -295 -210 254 -127 -107 -168 -33 -662 -76 -344 138 -362 -37 293 -116 -3 -487 236 -199 54 -280 71 -196 -387 -7 -30 -131 128 207 -258 185 174 300 194 274 193 626 -5 681 -399 -134 316 -296 -145
229 -272 -300 65 -572 -205 -357 -129 -281 -230 142 -101 113 437 -515 102 2 136 110 44 -323 -198 -56 602 173 -48 -240 -278 85 307 494 69 -78 -225 -444 335 123 -47 210 -286 -358 -351 11 -252 -5 -24 246 -268 37 131
-26 270 -62 -170 -295 104 -41 247 -522 -326 -63 70 -46 -348 3 457 -124 -178 55 61 -109 -446 -90 49 221 -31 -11 9 -358 608 -141 -13 -567 97 216 374 -165 76 185 302 321 -322 -133 304 46 190 -82 132 -186 1
80 11 -673 -170 140 358 368 -281 -777 50 -190 -110 -291 113 -165 246 -227 92 -6 203 -115 -305 -184 -8 -599 20 -282 274 -69 492 418 -39 149 -226 26 -166 -83 656 -1 -251 -28 174 193 76 -223 -2 136 -195 -116 39
62 322 338 -68 339 -72 -61 92 -152 7 -95 -366 435 142 215 93 55 101 -284 -104 -17 187 -28 -277 -228 -61 -34 127 -182 237 -255 24 -350 314 414 157 114 -202 174 392 78 -153 115 -11 515 -17 -608 333 458 -328
-437 183 332 -219 -32 226 -209 320 351 -138 39 308 132 -405 151 -457 390 -187 -230 189 87 -283 -421 265 634 -613 -353 201 -987 -360 -94 -94 254 192 -195 42 -216 -275 442 -255 -216 -116 266 -43 687 -430 -148 -51 175 -169
-351 -198 44 259 -70 6 215 12 54 384 30 -143 -197 69 222 360 -327 129 468 26 -29 544 332 209 -124 17 428 224 -172 -266 -117 135 8 25 278 -48 7 -64 -477 -149 -132 205 -207 -146 276 168 -13 -297 -51 -46
392 -84 94 433 -38 192 -165 -77 -388 5 11 37 -621 -65 -104 389 -414 173 125 -331 -196 -433 -494 -206 -295 392 -573 263 359 302 -22 164 -379 95 -375 407 577 -129 -338 325 434 -100 186 -295 -31 309 -48 -353 -575 360
-108 -169 -329 42 552 184 326 414 15 -60 152 -250 -206 110 50 -48 276 24 -20 205 428 195 -35 43 -31 61 143 -95 -174 -126 -449 477 135 -116 590 -210 -107 597 118 -53 -171 -44 -1026 344 105 -130 -90 201 -80 106
509 -64 256 -156 188 -104 -152 -215 -53 266 -52 -389 -392 431 24 -49 249 275 180 155 -388 126 426 -33 154 34 12 272 355 32 290 270 416 333 -21 40 96 207 -135 488 333 415 -17 248 -103 -179 511 91 -88 467
312 -50 214 -38 -427 -154 -5 123 132 -208 -95 -192 250 422 -41 -748 92 440 106 85 300 135 488 34 257 98 -192 -507 142 -256 -210 44 367 404 -123 210 68 93 -314 62 -237 -76 -619 -210 -226 -329 -95 -297 358 -183
5 604 59 -83 -222 -537 -653 -31 -219 -354 182 -70 -329 219 24 552 -178 46 -52 -32 -227 -274 -35 44 68 88 73 201 -330 174 -27 275 -331 8 108 533 104 -227 97 -52 288 172 522 -293 144 265 -226 267 2 -541
-132 -430 -290 248 -141 -108 388 -220 200 -67 109 200 500 -131 -229 250 -77 129 -296 232 411 750 -229 -155 -129 180 250 -211 88 -79 -37 91 142 -497 160 -163 121 101 -439 150 -191 -99 -633 530 178 111 45 -45 75 -3
109 -286 207 166 232 -1 278 329 269 10 -44 45 161 272 56 -126 -92 -12 -134 205 23 218 -295 -52 -105 -87 22 -104 65 -263 19 19 269 232 106 -24 -36 364 -197 -75 234 -6 -329 90 125 256 -271 304 302 156
192 387 -310 6 -16 67 -194 566 122 -311 -99 -108 -43 35 -261 -522 59 -136 -188 -203 169 -354 232 116 -146 -56 -346 -73 -68 -30 -180 174 -97 232 234 -82 135 23 314 -123 -205 74 -8 -130 -76 -394 -239 251 151 64
204 -53 93 -37 348 193 222 -164 234 240 277 195 -405 97 196 -305 283 211 -331 -72 -180 -422 313 -499 266 367 -250 97 283 -178 67 -459 666 -33 -483 -373 -27 -425 92 129 -126 196 206 73 -137 -127 188 -36 453 -118
-159 -224 -148 200 -1 173 403 71 501 -93 -107 531 -260 -367 -161 320 -212 226 -314 -139 505 -54 -168 -13 -214 -254 -188 82 -191 -372 -57 -327 -290 137 41 -324 51 288 -247 -371 -134 -274 -130 -404 208 425 -192 148 139 76
-7 500 46 -336 -232 -317 -48 -284 212 115 103 -119 63 -300 -314 -125 -182 76 -362 -36 -185 82 -557 -46 -141 143 -238 53 160 -424 200 -316 312 354 -204 -8 -182 104 -328 -79 357 298 407 -155 136 483 258 -22 336 -408
321 230 22 93 -201 67 -197 -227 -167 -223 74 -113 370 353 171 -506 -340 -10 -811 -141 -109 -324 185 -127 239 296 -223 96 -207 -81 278 -241 11 24 24 -38 217 315 -242 -227 -188 7 315 43 66 -41 -309 40 -115 121
-86 -41 -98 149 -314 501 197 -487 124 13 49 519 -218 -104 214 516 -417 -227 -100 -128 -131 -337 -102 -364 121 167 26 152 72 -32 180 -172 77 -405 -35 -163 -189 -6 -85 -540 379 -52 133 173 1 269 -203 36 -156 83
-245 26 313 427 10 75 202 -347 171 378 -98 -204 237 -408 179 167 -428 260 -14 -114 -16 221 -21 -350 -14 379 -91 -193 17 -16 -214 -507 13 284 182 193 177 295 51 90 163 27 111 318 106 249 40 -140 428 453
35 280 -231 152 256 -322 48 188 -308 71 133 -171 -68 125 314 20 162 -569 79 123 401 -348 -603 215 -169 -351 -349 -330 -171 383 246 -92 -244 -108 29 1 -297 304 -64 -237 -268 145 601 97 240 -178 -47 -225 188 -98
-24 30 -140 236 -313 113 -153 -198 128 -325 -116 98 344 215 -151 37 400 266 111 139 -39 -145 -479 -7 31 -78 -65 74 -90 -124 126 291 -145 185 -248 212 -209 120 -232 23 -134 -275 -120 -253 -71 -382 -51 -8 9 361
-31 123 -366 95 434 -232 34 145 -559 399 -172 -186 -264 240 -229 339 -78 192 31 1 360 39 -46 166 -399 -270 -5 -16 -50 325 -53 125 53 88 95 -51 243 225 -39 14 113 228 -92 126 -82 146 -253 95 162 -91
