95 -244 512 44 -386 613 21 -439 413 -131 -675 337 -61 -200 237 -298 -274 -339 122 216 153 224 481 104 201 33 15 -78 159 -113 286 124 37 -547 339 -449 70 -152 -66 -191 96 -146 303 256 457 -132 -169 7 85 394
280 -603 148 -202 247 -152 -49 -135 595 118 -39 724 423 363 128 -297 218 38 46 140 236 609 162 88 -91 -268 220 -295 644 -418 49 77 416 -14 -229 -472 95 3 -223 -125 30 85 -79 150 -204 246 -215 183 363 -177
-248 124 80 -42 540 180 -40 427 28 379 242 -322 -299 -232 24 -113 462 68 286 -202 -310 8 -44 -59 325 121 297 248 89 145 -640 381 -329 396 292 121 -301 -242 388 592 242 165 -244 11 112 -198 205 -46 -144 329
-112 -515 -91 47 66 -31 -105 -421 267 363 386 -236 671 147 -45 496 -618 -54 210 -370 -147 109 -216 -70 -524 283 441 -361 -87 186 -374 -582 -139 -53 78 89 83 300 -30 39 -121 -586 -598 469 307 322 -164 -124 200 101
450 8 80 -315 -144 -103 -317 -55 -542 -186 118 -175 -16 63 696 102 401 280 -136 -46 -289 -82 -22 -28 144 -228 -104 340 -271 63 93 428 -353 220 246 55 219 373 29 342 90 158 260 218 287 -251 -215 -88 -707 0
115 -439 -434 -452 241 -308 -303 -20 -140 175 304 -174 515 291 377 265 558 135 241 387 -541 -89 30 167 -22 -32 -167 136 -33 118 -67 218 46 339 295 302 -212 537 15 422 110 -595 190 -5 -308 -271 -185 -156 -150 151
127 199 -602 96 -310 -346 231 280 -268 214 672 -156 -392 157 14 345 -259 -127 -153 -212 240 -607 180 268 28 -679 -182 132 -213 28 769 35 31 -231 -67 25 -11 116 -511 -399 -340 237 157 216 -288 208 147 90 15 220
140 99 -200 -203 -414 83 -105 -530 19 -332 -133 20 -80 80 3 119 57 263 473 110 -120 -68 226 -99 -526 -21 -128 314 -259 -116 279 358 -70 38 -100 260 -36 -68 320 50 46 -161 -196 -150 -208 -320 -487 -127 -363 -272
254 -122 -86 -173 521 -481 54 239 353 342 -24 -358 -168 -150 -37 -568 424 -95 -194 -16 552 -198 224 181 -172 265 -32 -397 62 -344 126 -43 27 321 53 -419 -278 -88 -252 246 -189 -273 -362 -91 83 -174 -38 97 160 -69
-184 11 114 72 41 -36 -360 -15 306 4 251 177 -701 -32 2 459 -267 183 74 -506 -143 -245 254 -264 6 -145 275 712 -194 126 -272 358 -188 22 -201 282 61 -835 130 354 -144 -235 36 -374 453 57 -151 133 -252 -120
-166 472 107 -450 72 14 69 344 172 -116 473 543 -334 -141 -87 64 154 -468 -236 253 -244 -178 -346 10 426 -17 -299 15 -268 -218 -80 -209 147 -236 -56 -80 -335 -387 134 -34 82 -115 328 134 146 426 98 310 71 -350
-223 17 226 287 262 -271 57 -98 259 170 -11 45 -121 -188 -311 349 248 245 31 135 248 -90 -349 -147 -299 160 536 150 279 -352 -251 -451 97 -66 -603 22 25 106 -168 158 336 459 -71 38 -122 114 -97 44 373 -406
235 -118 -164 -239 -650 134 -267 -232 -287 -482 -189 225 43 8 104 511 -199 109 181 -248 -329 -179 555 205 -92 -117 544 410 41 182 -25 99 -154 -321 -150 -314 182 101 236 84 -131 -87 99 10 28 -102 176 105 -371 -374
-90 292 -411 -130 -25 -36 131 25 -131 277 54 -117 412 -176 194 -57 -308 -233 -484 -140 357 663 -116 -142 -52 -160 -364 -560 -62 135 -158 454 191 125 656 105 15 279 -143 -224 -1 333 -200 286 -166 220 137 -154 151 -118
294 -82 213 4 347 -393 -16 -282 -37 -77 140 -59 -161 -21 47 117 -220 -50 -103 -250 159 77 130 -55 -136 -388 -182 -71 -200 -525 565 57 -137 22 -3 27 218 234 -226 -112 -404 -247 -19 -346 -92 17 -181 285 -466 195
339 -232 -259 260 -352 375 5 -384 -77 -310 515 79 -38 491 88 -126 129 252 28 -28 -270 -240 -237 -377 -80 106 -205 248 527 49 290 137 91 -370 -363 -43 150 -170 -373 227 21 -277 325 54 -213 -355 -170 -131 -577 598
106 87 -301 313 -236 202 405 0 90 57 183 43 -44 -113 -263 -360 -338 320 -480 -133 498 -55 -9 -222 -164 476 -454 -432 -16 -370 -22 -48 284 241 120 -160 46 -132 -918 -64 -84 -262 -92 -201 -490 -196 -16 79 264 498
-227 134 157 -319 -108 -342 77 83 209 -129 -98 -98 347 -15 -175 -248 204 -93 78 391 -140 -6 -147 247 -12 -59 307 176 -394 -460 422 563 -368 64 247 198 -518 -4 391 -232 176 44 -177 -89 215 -392 -624 362 -190 -98
136 795 176 -189 372 -140 142 651 -243 -23 473 63 -573 -59 185 -13 170 -587 314 -178 -57 -282 -40 258 -56 65 -617 -133 399 -3 -142 -366 -292 308 74 299 -184 -474 337 105 -242 -94 470 210 -374 326 143 -121 82 -326
-182 -91 206 541 -255 97 -518 58 223 131 264 18 96 63 -102 -127 18 -67 267 339 -72 -351 -346 655 84 16 286 -112 135 59 -537 -239 172 94 -35 356 23 -407 -281 487 280 -432 25 156 -157 -89 94 -269 -122 272
33 114 118 307 218 -329 -445 -261 284 129 277 -285 -71 -371 -15 -13 166 205 274 61 43 107 -345 -110 -134 69 -57 155 -41 -239 -301 -580 300 121 -546 -32 303 -217 7 327 121 54 -395 137 129 65 -239 -37 -257 -66
120 -452 -743 183 -232 324 24 -19 -118 -71 357 -42 9 138 297 224 -165 43 212 -329 172 -160 152 77 -107 -230 -132 151 129 100 288 423 -236 -198 334 -114 -351 459 -106 -283 -355 -228 -356 -275 -236 -94 -70 144 -70 62
419 471 -267 -264 514 -238 -114 70 -224 -221 70 -368 -44 -336 -65 -316 317 -160 -394 -341 143 -298 -252 -209 -374 75 -448 -386 372 -74 -38 -100 -26 396 -28 19 49 278 66 6 -291 75 -215 38 -332 187 35 83 77 29
-50 -163 66 -29 -445 -126 -309 -107 0 -98 -289 148 -28 -694 -208 -136 137 21 -57 17 79 -187 141 84 415 386 91 -500 -424 204 -153 -127 -134 138 -127 -183 -145 -325 326 -35 5 -127 -156 61 176 74 419 373 145 357
-163 -346 -203 229 -46 567 252 200 -42 242 22 -268 -87 189 75 -65 -148 100 43 -145 95 520 11 113 151 -396 -73 47 40 257 171 11 215 -364 28 -126 124 345 -363 16 -223 -1 -304 98 -127 240 357 -309 -217 445
188 101 -260 59 453 203 63 -267 -47 42 -443 -358 -531 66 204 -11 -11 341 -303 -284 321 232 40 -718 -504 36 -169 244 -274 169 170 64 192 38 114 -490 237 95 -442 276 62 93 -61 -193 197 69 -385 261 32 57
289 -392 -29 -252 42 -102 545 -68 -69 -174 425 351 -20 159 -216 280 -441 -63 413 -417 -295 -25 6 -265 -117 -213 401 -150 323 -430 461 88 184 -313 -310 -21 26 162 -44 -294 -255 59 -675 521 -367 256 296 -31 86 239
-189 -366 273 -305 103 -267 164 655 -71 198 101 482 -314 136 39 634 102 -180 40 -68 -500 -375 282 52 73 281 320 471 -47 -209 -402 -251 -320 53 33 94 87 -414 430 -119 -203 -224 335 -97 476 20 -100 209 69 -397
-189 -252 -490 352 -411 155 44 55 129 64 -321 361 137 -71 -60 50 -51 174 -178 301 497 390 -203 -54 -381 302 -220 -350 100 -90 -378 -514 580 63 14 -204 126 8 -468 -315 201 -136 -288 34 -367 344 -272 121 177 -113
-103 264 425 -208 -1 -103 -338 -353 26 -90 163 121 145 -31 -219 244 -229 106 404 -110 -286 -16 -606 -255 -319 -432 263 -25 -108 283 -427 332 66 197 -164 415 263 -256 -350 536 282 -70 57 62 7 218 53 64 45 -86
-104 -15 279 -127 239 238 -158 -24 -29 186 373 -50 111 205 542 357 -305 -90 -72 -532 33 178 162 -551 208 -147 230 90 -103 507 -323 65 -557 -195 259 21 141 -253 66 44 31 -8 -206 303 357 475 -240 226 -18 -162
28 -23 -474 -153 39 14 18 286 -256 68 136 -188 -128 -411 110 79 96 -110 -160 -335 126 -137 -185 12 -64 -175 -181 220 -243 38 233 -591 131 205 -349 -211 -267 375 28 -47 -183 -70 -149 229 36 103 406 -168 -243 -264
27 -445 501 -210 236 203 239 184 455 352 -140 229 -102 -94 307 -178 3 42 79 -67 -218 299 239 -121 52 281 296 99 374 -507 -346 -62 -243 214 173 -301 -250 268 -48 -179 -31 -149 -312 -205 50 101 -47 94 -365 297
306 -172 49 324 252 312 -8 119 -62 -39 -353 -27 -231 93 -175 36 -55 -288 -7 -334 152 120 388 -311 -482 190 20 15 826 -6 -195 -26 -318 95 234 -18 202 -264 18 296 -15 5 -273 260 -70 -3 -154 148 -140 453
119 -351 -227 341 -116 -354 -58 -85 277 -283 355 11 284 149 -154 59 -21 -79 -53 302 65 -320 -298 43 210 -111 -215 -250 -105 84 146 -142 8 -372 -129 202 63 296 -272 335 -332 -271 -17 -85 181 -169 -58 -88 208 302
-105 29 29 -201 -141 -115 172 107 406 114 437 399 270 227 -245 -70 -223 221 -517 -89 347 247 -454 -47 344 -757 -509 -386 -50 -403 -127 -45 266 304 11 68 119 44 -628 -234 -346 -296 -186 -199 254 428 -52 129 574 171
-181 286 -185 -246 127 -331 163 126 -260 89 -200 -37 -155 -585 -100 733 -213 -344 187 113 450 -248 -174 143 -164 -1 25 -239 -613 64 35 -365 -23 191 -65 -97 -368 -210 -66 -238 270 -139 -234 28 195 286 -83 452 609 -256
215 148 352 -244 393 360 -21 -2 -158 101 -235 -14 119 -23 203 -530 -42 -81 -305 -323 53 282 222 -324 -166 101 216 167 360 108 -251 107 0 258 217 -310 -258 -224 171 -57 43 108 11 64 189 -233 -334 388 79 -225
231 53 330 -77 104 -272 160 -246 406 -150 -858 51 369 277 241 28 437 -98 197 641 23 293 -121 -246 138 195 -119 -371 -131 -276 -65 -294 528 86 -100 -175 80 260 156 -157 165 -24 -489 10 -67 -380 -261 92 426 -24
-229 -11 -170 -411 -334 421 178 184 -339 -94 -63 305 234 55 -62 25 -37 204 -357 73 -198 179 199 86 448 -170 -193 147 -251 -154 -218 266 109 180 414 -113 21 125 79 -520 -15 19 92 -324 245 -89 -191 199 259 -223
425 -59 530 -54 137 -272 253 -297 772 180 -82 112 -78 98 272 -189 204 205 99 -97 138 475 76 -296 -129 -328 -162 -126 369 -608 81 -115 358 240 -192 -460 338 219 -362 123 16 -39 -89 -146 91 38 -225 82 -131 -43
-298 -174 -371 234 -89 214 192 414 -422 104 -46 180 -336 133 99 140 -202 -51 159 -175 207 123 404 181 22 -211 26 435 190 198 166 29 -281 50 -57 236 -234 208 130 -132 -219 341 -15 -1 -366 342 300 -411 -107 -313
200 67 269 -126 -99 -761 115 52 314 -248 -415 -410 126 139 -66 -215 104 -283 322 148 -156 244 263 132 104 -167 325 -56 300 71 691 256 -86 -190 -399 162 -308 -38 96 -91 -183 249 -87 -369 142 53 127 -178 123 -143
-81 -175 175 329 -105 -50 -451 -168 503 -164 -396 47 267 -47 -80 -386 177 -42 246 231 426 469 -347 258 -305 -36 -9 -130 381 -10 -215 336 41 68 -162 252 -35 115 -322 137 4 41 -79 -317 4 3 33 -310 -149 -123
-263 386 -101 -191 219 223 450 274 -331 113 -318 -23 -391 -47 -478 177 -159 -129 228 -144 -465 -364 390 248 -188 287 68 120 -127 296 38 52 -226 -3 4 -22 -118 -565 464 -186 -467 -274 249 -244 -262 -172 188 -14 421 299
-367 -183 -99 -96 7 523 83 66 165 55 187 140 379 99 15 -50 -293 -141 -5 -147 -39 -102 -165 -102 -79 0 -68 218 69 -49 -61 -342 -84 -24 35 283 -489 384 209 -344 -268 -323 -211 206 12 132 98 -273 388 -209
385 566 772 -91 114 -305 -50 -188 23 254 76 -97 -44 -176 274 15 -170 -288 -222 -165 23 89 323 -74 -107 -168 141 -97 280 -520 -129 -608 414 346 -132 -66 483 -362 -499 23 185 427 397 255 -122 55 -125 122 72 -261
229 8 96 -129 404 -89 -372 455 537 215 132 274 -286 -117 118 155 39 -307 -132 -225 9 -747 73 210 188 105 -171 20 -249 88 -605 -251 -290 349 -119 -201 24 -108 258 86 -86 -443 -155 -322 251 -10 123 148 74 -124
-461 207 -277 312 -384 211 -57 -200 -64 116 -133 -243 307 -54 38 -435 -127 610 -127 -33 -102 209 -241 -366 -44 -71 81 -147 22 158 -320 272 176 396 260 103 -186 145 -326 328 76 125 136 -294 -330 -126 325 -276 -166 337
53 -193 11 -123 45 179 82 505 -204 135 69 97 -130 138 263 -301 37 202 -472 -97 -68 47 251 -312 461 -127 118 264 -27 80 -317 103 -81 388 92 -183 -199 -359 -212 16 298 -225 -236 -186 174 148 -236 104 -346 264
-274 343 -397 358 -291 463 188 259 -160 319 -217 -20 -185 474 16 197 219 -170 -101 424 -34 25 274 -153 -42 198 -95 282 357 216 -189 159 68 -83 95 -99 -95 -367 -173 132 350 389 -3 7 -85 11 -231 -26 -75 -160
118 -8 -1016 -11 -659 289 -63 -163 -360 37 36 175 -129 233 -18 308 -281 447 78 -22 24 -62 259 -342 -398 231 -415 -38 -209 285 -84 287 101 105 447 -424 -28 363 -241 56 113 5 -70 137 -61 128 -149 404 171 61
609 42 -105 402 105 -182 -13 93 -365 -441 -250 206 -406 534 45 503 323 73 -96 168 -241 -981 217 -114 -44 345 -274 59 -39 524 113 -165 -248 -53 -144 69 414 -316 238 498 -85 -559 -33 147 -75 -76 -308 209 -156 333
216 384 140 -357 45 248 1 13 94 -321 -181 272 -137 -300 14 62 331 203 344 -350 76 344 -114 -169 -338 -364 -461 -179 475 33 -580 -278 156 490 -33 -222 346 -202 -190 706 -460 -195 36 16 -74 206 381 -25 425 -317
0 393 77 324 360 -165 -121 391 233 -77 -34 -368 -275 673 42 99 -206 -157 -544 -287 207 25 482 -427 211 -171 102 383 -176 17 -190 360 -299 78 348 260 4 -31 175 -130 -145 -38 -376 -381 137 -76 -493 610 -233 258
-206 -122 207 146 107 440 -199 -338 143 -437 82 308 66 29 63 -22 223 149 67 113 117 417 72 -492 331 -340 13 114 -84 -35 -263 457 -124 -142 328 81 99 -122 194 571 253 104 -40 225 198 -170 -26 128 -347 215
-552 63 -337 -68 204 408 -125 -9 222 336 154 -153 -2 -150 179 -470 556 279 94 43 -250 522 -213 -192 -156 178 -88 347 -132 -48 -481 349 269 410 256 167 -547 -225 253 195 -30 213 -35 -400 83 -346 45 -523 -284 -547
123 248 -55 145 200 -284 -294 93 256 47 468 -272 -627 47 -38 16 123 35 149 -383 -189 -398 -383 -407 -229 34 20 514 144 -56 -66 111 144 118 -531 196 31 -323 -364 637 139 218 87 -168 14 -37 -46 -112 -131 -268
-181 309 -213 489 -452 442 -312 -223 69 -262 -211 -149 148 203 -307 -185 93 305 -356 220 -456 -61 -77 -402 -26 298 63 421 216 380 -592 -304 174 -43 46 139 212 274 4 242 182 113 244 -167 -11 -280 79 -161 -444 178
66 64 -329 -141 -134 133 -224 -95 -62 -22 -2 -288 -129 -62 88 -119 -218 -67 -236 -796 -170 -68 441 -165 -29 -231 -107 285 -30 -237 546 164 82 -126 -47 -176 123 -131 148 -364 -493 215 395 -172 -30 -311 179 -33 -40 159
-148 -197 -509 302 -102 -440 -282 -163 -168 269 5 -293 261 136 -9 -188 -287 267 -386 -249 -132 171 -61 -83 -132 517 -158 -50 -180 -168 196 312 193 307 84 81 86 -83 -101 79 -224 -19 271 -409 -102 -153 66 -32 -24 88
644 -384 822 102 5 -444 -281 -389 580 -411 -32 402 -63 185 150 -51 95 225 175 305 70 51 -33 173 -27 263 323 384 218 -568 -81 -31 -82 -130 -580 -41 662 40 -208 94 152 161 -143 -75 406 -110 -701 34 -155 -274
-140 414 66 -178 20 561 485 168 -166 -14 59 -321 -207 -136 42 -32 182 185 183 -540 -381 -106 36 -743 -80 -72 -404 389 -48 -223 173 164 -156 33 -24 213 -139 -90 557 -55 -377 167 -62 -117 100 -572 41 -241 64 -159
-37 -155 -220 92 -42 267 552 19 68 276 -173 174 -4 346 37 49 117 417 -20 -66 73 -28 -22 -381 -99 -501 -83 319 286 -119 451 95 265 61 -328 53 -229 -239 -581 -27 -171 -298 -414 -74 -354 -13 -276 -327 254 259
62 -13 -383 83 -250 91 -257 -40 227 -22 283 212 -150 -149 461 169 -19 -26 -394 54 -219 -247 -68 -594 34 355 -190 178 -122 -259 -492 -474 510 148 5 -407 195 -400 -134 288 448 -300 30 299 80 -26 -197 195 -562 206
-57 23 303 294 128 255 -40 -92 309 6 -316 22 -144 278 98 -152 129 -420 91 246 426 171 197 268 -28 48 91 -85 517 -12 -136 -476 231 -370 -247 -174 -131 -49 -84 101 -185 21 32 -140 7 24 61 -211 181 -579
-362 -385 147 -211 -110 -199 99 -127 -118 185 356 -160 260 -111 -140 -291 -190 242 -138 -123 -286 -105 -114 108 136 162 283 198 -534 -142 141 206 -9 33 5 429 43 -625 34 -29 -338 -254 -49 68 473 -206 -420 -273 234 55
-304 -183 -363 176 -342 439 100 282 184 -126 -312 146 -8 -391 300 -445 -80 329 -112 31 46 323 -47 -407 135 353 -432 126 -209 -398 -136 -136 120 356 137 49 -820 71 265 -114 93 -306 -201 -505 124 -96 -41 -336 -333 97
-616 -258 143 -46 -268 285 -234 -61 160 -165 377 15 348 146 335 270 -131 42 331 -126 -244 282 413 162 543 -29 433 422 -213 48 130 558 -761 -635 423 216 -230 -27 431 -373 -256 37 240 29 218 81 9 45 22 9
-57 147 124 51 183 66 -777 14 327 -201 258 -232 -6 541 212 -26 455 -359 431 130 -368 -348 347 186 162 -113 -379 108 18 161 62 192 -394 41 202 514 61 -252 527 314 -147 -227 364 33 -92 -108 -107 57 -72 265
-50 -478 271 123 -6 154 8 59 279 -174 98 693 44 308 -126 -241 506 93 37 420 -267 -317 -198 66 331 331 240 197 270 -65 -429 -452 109 -113 -220 231 -209 68 39 -16 -116 -559 66 3 -96 -162 -37 -170 -226 118
-233 218 423 261 -62 13 -184 -29 -145 -115 -326 276 -68 167 26 366 -168 331 -34 -32 163 315 118 -180 -128 -254 262 308 -272 677 -599 -592 -288 121 -235 193 320 -431 217 286 -293 -133 -51 9 342 342 88 -33 -252 -390
-259 163 -851 -182 -261 83 169 -230 -535 41 71 -188 -177 -188 -116 85 105 244 -111 -4 29 327 -231 75 -454 480 -216 183 -131 -281 272 198 137 56 371 -211 -193 176 138 -434 -154 522 251 106 28 -153 324 -132 -90 -284
-2 189 327 -482 -160 38 225 286 -64 -177 -171 312 16 -224 151 -356 288 -193 -145 333 -33 -43 354 317 230 -328 59 -136 -48 -450 -141 -56 326 388 135 -228 -185 -67 21 -141 161 94 223 -31 -126 -98 -62 83 110 -434
200 228 383 191 77 206 221 -135 -13 114 -113 -57 -177 -224 313 47 224 -232 337 250 234 -137 267 175 -201 116 -262 -116 -21 -396 196 -211 128 260 -256 -333 245 -25 -306 70 305 477 267 29 -338 -259 67 -10 -46 -191
103 313 230 268 -216 216 234 -196 -74 12 59 11 -80 94 -159 39 -189 166 -100 -134 207 321 203 -275 -47 -293 -102 -149 508 13 58 -143 228 179 -147 117 320 -131 -563 91 -108 317 -300 336 -322 418 276 95 36 316
-291 143 -632 134 137 -37 -10 54 -108 183 398 -300 -45 149 -237 -56 25 18 139 -114 38 -23 -51 88 132 -526 -276 52 109 -125 -88 525 484 185 186 363 30 -161 -176 283 -98 -29 -261 -58 -143 -133 -202 -510 498 -147
423 194 -164 -110 -7 -480 257 11 -273 -192 376 167 -175 414 59 192 -348 -11 -205 118 -37 -182 187 16 46 -150 -269 204 68 -193 542 52 228 -28 -173 231 132 255 -274 -328 12 249 233 -115 -305 82 -353 34 -82 -256
50 520 -103 -90 -149 53 -252 -406 -196 -48 -459 256 -87 -133 -462 -107 46 576 -495 55 192 -49 52 -126 -90 234 -313 -257 -540 97 -83 175 236 238 88 -305 588 -799 -122 254 193 -10 172 -202 -107 29 -16 487 295 26
-388 -55 46 38 -449 604 327 -2 -114 -145 -317 294 258 -465 -65 337 -489 112 -37 -369 92 417 149 85 -407 -13 58 143 238 -257 -179 -192 -545 146 353 -35 -44 -290 -176 144 -375 -457 -220 -140 132 467 171 -220 -131 -269
7 -47 -284 215 -72 -205 -39 351 -208 -169 20 -155 346 565 216 180 221 -25 165 217 61 -148 -28 67 -177 74 18 144 -294 237 16 -112 55 126 -73 186 -241 407 16 105 -81 -136 145 245 12 -155 -116 22 290 -194
646 -156 23 85 319 42 65 -260 311 -165 -710 2 -285 -152 551 -473 288 -3 -109 206 647 319 438 -273 -111 -120 -567 -467 231 -71 392 29 326 -66 -124 -694 422 197 -238 319 87 335 150 -145 -55 -258 -14 -283 -74 43
450 126 -271 -21 277 -282 -197 101 -163 173 64 -413 29 126 -15 53 159 -48 -238 -29 -8 -204 -157 -126 -332 173 -276 -504 26 93 -366 -232 89 360 477 -105 250 316 -276 294 131 -433 -200 202 -26 -2 -337 305 30 380
5 224 -62 391 -53 114 77 307 -294 -47 -533 -363 -224 68 -158 194 23 -116 198 296 89 -234 722 -196 135 390 172 8 218 450 -351 -117 83 -67 76 32 -161 -324 414 117 483 -19 -250 -227 -158 -305 87 243 60 73
416 263 -14 -186 -489 96 -131 -222 -300 -79 71 -238 -96 -3 -151 -203 43 291 -338 37 -50 -41 -11 249 412 -130 -299 227 -12 -69 304 411 64 118 234 -75 54 127 -230 -223 -74 395 -56 -160 417 -307 -148 435 189 121
433 673 379 -159 456 -557 479 91 -247 -238 106 -490 -28 -165 -129 76 -100 -371 -307 -213 88 233 146 -202 86 -69 181 -493 187 -93 180 40 196 188 9 -71 76 -167 -440 193 141 463 -12 1 -275 163 393 332 328 33
659 182 166 -303 -154 -135 219 -16 37 -141 -177 34 94 71 8 -283 203 186 -122 77 -101 -260 -66 0 -43 202 -166 -600 357 284 -182 -546 262 236 -234 -364 101 91 -2 -35 180 -277 166 -21 -234 -184 199 -6 118 185
-100 60 -370 207 -340 523 -320 -282 192 -177 19 70 502 301 310 -389 -170 339 -35 337 496 421 -157 178 -52 -165 -617 -199 -557 499 -101 404 -221 46 329 -141 195 576 -10 -84 -33 64 92 50 196 -250 -376 -121 -98 48
-215 142 -202 -326 -177 525 340 506 -425 -30 17 16 74 47 -196 -64 -13 -224 -47 57 -337 -187 -78 103 109 423 -236 81 -12 -11 -154 45 -174 -206 92 -2 -275 222 533 -380 -122 28 75 139 -59 -213 96 -43 210 -21
196 7 -33 194 375 -140 -218 -183 -8 107 -24 55 31 7 350 498 8 107 110 -76 257 -240 -362 84 -287 -555 -392 18 -422 256 175 -204 -36 199 -236 -28 315 175 -524 450 8 -556 452 -204 -90 88 -100 -82 -74 174
-275 359 -332 365 -308 350 74 146 2 24 -97 -135 -148 165 -176 -64 340 182 -540 6 192 143 48 66 -18 -185 -270 328 -63 -376 121 153 310 177 249 183 -72 -139 -171 -87 -570 201 -91 -52 -30 -371 112 65 86 17
-125 -214 592 -101 -301 -170 339 -42 -40 146 253 179 371 -242 -378 -356 -69 -63 55 472 62 500 -7 371 -35 338 443 -145 -8 -181 -114 -202 30 -11 98 71 268 -207 -168 -117 438 524 167 467 72 -5 -103 157 -128 -251
406 390 101 -184 335 -683 -486 -9 148 81 -134 -357 -239 347 108 150 39 -223 -234 -104 -48 -100 -307 -205 43 -333 -273 126 -309 -44 185 143 358 349 -177 150 126 58 -7 100 192 160 -211 -154 331 123 -103 366 -107 -120
-179 372 389 48 -71 -489 20 62 112 428 -82 -34 62 -228 -250 148 -33 -340 79 -23 338 104 310 443 194 -42 332 -181 88 -140 153 84 -432 -22 28 69 87 -473 31 -336 155 476 275 -105 146 27 -317 324 377 -270
-310 -61 -76 -229 -355 -281 42 -38 70 259 -3 -124 169 -354 -32 -191 202 -21 -176 -130 -58 391 181 86 360 -21 260 -111 -158 -203 -65 -78 132 346 331 -341 -207 -170 24 -73 -358 379 49 115 694 -193 357 123 386 -264
-14 -39 22 -65 -339 180 12 121 -234 -162 -197 534 -377 -205 -146 292 -7 221 10 90 251 8 -237 305 -187 288 192 139 162 179 -410 -281 -154 94 -27 -160 -170 305 -130 -306 96 80 15 -258 -199 343 530 290 -213 -570
-49 -99 -457 375 -177 49 134 -88 83 92 405 12 23 328 74 479 -175 129 3 180 189 302 -55 -32 -383 211 -271 183 -66 -134 365 59 24 -429 -29 -50 143 19 -376 -21 109 153 146 121 21 204 -433 -4 215 -283
-96 -17 -71 -38 177 -103 -113 364 -327 172 -50 -28 -63 -160 330 278 -359 -352 150 -124 85 -328 458 77 -99 -115 78 -174 -375 334 -263 -47 -231 206 708 8 -329 -39 422 -68 -140 -491 29 307 276 4 -245 474 189 129
116 -244 -132 8 53 312 -88 -476 257 49 196 -93 65 -3 105 225 -45 -126 183 -39 62 -214 450 -39 -190 419 404 253 -151 -94 -45 5 -124 -449 84 -369 268 -134 143 -162 259 -117 -459 140 16 -252 -397 162 -313 -213
167 452 182 -41 152 -151 -159 160 75 -320 289 173 -270 50 -390 537 -63 -361 596 28 -145 -383 -818 105 86 6 -389 -304 -46 27 -172 -285 -329 113 -489 504 -165 188 63 64 270 -580 -230 -137 -123 296 88 -10 -83 165
210 50 -50 -232 -320 -155 167 -332 -186 82 -37 210 -155 143 83 0 -256 271 -37 142 129 254 452 150 206 218 -172 -29 -211 205 337 48 -138 -242 36 -356 37 -101 -45 -355 -155 38 -6 -100 70 403 -1 158 -194 -72
235 -146 150 70 228 -302 17 218 266 300 281 31 -256 -40 213 15 122 -268 630 250 448 40 0 211 -177 146 -277 -130 339 44 10 -495 99 292 -531 124 -215 169 -408 347 233 158 -68 234 -216 453 266 -279 193 -335
43 320 20 184 35 -193 -158 -660 456 -97 -14 -165 -171 63 -129 171 -218 444 -234 48 -9 19 -220 -346 4 -355 37 535 -240 -201 342 244 123 66 -186 39 114 79 -545 -9 452 49 142 -378 143 58 -363 42 -190 471
-253 215 194 -31 -169 58 -6 -547 4 -59 151 251 132 -197 -393 180 -247 -75 -199 -53 1 -426 -227 136 -226 -12 -61 -154 182 -398 9 -179 -242 -27 -14 197 44 14 -238 -281 -183 -391 488 -90 -73 169 -96 -50 137 198
95 53 81 172 -258 9 -141 -622 -265 -52 212 -139 -96 462 -182 135 10 101 243 315 -493 -247 -226 -197 381 -64 164 163 -11 315 81 218 604 -222 -209 232 159 -204 9 263 732 289 -10 160 -101 -349 -38 -40 -242 37
-193 -174 383 -302 98 -344 -225 -63 344 138 114 63 358 -438 10 -618 108 -170 363 -278 161 171 -126 484 172 -325 209 -488 247 -196 91 0 26 -35 -238 32 -173 -256 240 -108 -635 120 279 225 108 -39 614 -522 648 -112
-15 94 -369 -23 -426 293 -287 -278 56 195 54 -236 -334 -481 104 -61 -35 186 -133 -220 120 44 -119 113 -143 -377 -253 220 -118 -337 345 263 401 17 106 -241 -226 259 -298 -309 -93 309 36 -91 196 24 355 18 -165 81
199 -220 400 96 526 -425 -216 123 536 -31 251 -51 271 -37 264 17 123 -334 133 195 98 -559 -31 101 -193 495 282 -86 48 -327 -242 -500 -356 197 -464 201 57 40 137 -24 85 -324 -206 112 -180 -210 -439 43 -112 235
393 -293 68 268 565 258 187 -52 115 -24 45 200 -253 909 -68 -184 -45 52 141 60 222 -286 233 -109 -375 274 -86 -110 289 23 -72 -165 -30 75 111 -231 77 258 19 48 -124 -369 -390 169 -82 12 -314 256 5 247
-260 -249 253 322 -253 210 453 32 81 105 -25 30 419 459 -75 -225 -153 2 370 309 -115 258 149 -142 123 590 87 -266 184 -144 -157 81 26 -162 123 205 36 -59 -149 281 -271 173 -409 346 13 -160 77 -282 463 104
-221 276 -50 193 495 -227 -375 -31 164 337 329 -525 202 96 361 -111 -53 -262 147 -118 -87 473 -77 -115 -107 140 24 -260 35 79 9 -105 76 73 173 80 -350 -210 164 -31 9 337 483 193 27 -44 125 -115 346 123
85 -289 -573 516 359 -115 386 24 108 224 -76 -95 79 662 75 -109 -326 130 -95 281 520 389 51 -507 -149 127 -288 -458 132 263 64 109 460 -320 169 -245 19 549 -436 116 76 49 -475 182 -296 243 -222 -1 288 431
99 -38 335 373 -133 44 -59 211 -182 -334 432 -129 -241 18 -167 -18 361 411 -35 410 123 70 -172 227 -14 162 -147 490 -93 -65 -201 -295 -173 -34 -262 272 410 -290 -426 717 34 -48 216 -83 235 -145 -311 51 -389 -137
-319 -173 -78 104 -300 180 -213 -30 81 102 311 247 9 -349 -509 -262 -36 211 -99 -107 13 -256 -328 485 122 108 134 348 38 19 -261 -303 -178 174 -104 63 -325 -149 78 -387 -313 18 314 -221 404 -187 225 17 350 35
-279 137 -228 -122 -463 118 21 -152 -255 269 -383 -288 -60 -195 -165 -158 91 94 212 164 -276 -143 11 120 62 66 -54 -159 122 246 99 204 353 52 190 62 -298 -118 83 -148 398 119 307 -158 -218 -40 345 -215 159 172
365 192 399 -309 549 333 388 457 -130 -111 -180 180 -400 110 -204 -32 251 -169 378 62 -308 -442 147 148 44 239 11 -62 292 254 -57 78 -308 -105 -132 -217 58 -97 479 174 239 -277 -87 88 -229 26 68 198 -21 214
127 252 85 245 478 227 -297 104 -472 250 -507 -212 -326 319 311 219 394 -144 195 231 -238 -173 492 37 -538 505 -256 261 318 398 -145 353 -557 224 672 324 236 -161 150 594 138 -65 612 -15 -358 -118 -390 175 -256 296
209 410 -151 -9 32 -278 217 -131 -15 -88 -68 -156 -156 -78 -209 -37 -102 -329 -672 -265 -276 -285 164 -491 135 187 -70 -77 199 86 202 75 18 44 234 -88 -97 -526 -118 63 73 -53 352 -458 -60 -203 64 283 -174 250
276 -46 -201 -49 463 -59 24 233 -391 -26 253 -412 319 586 330 3 -15 -553 -16 -248 97 -298 -76 -409 -77 -397 -125 51 -289 447 329 -163 -317 -29 -98 265 -36 415 208 -172 -227 -29 -249 418 -28 -307 -382 41 -157 236
26 -118 -201 -318 294 210 212 136 -348 282 -172 216 -239 -302 -153 -166 -262 3 -245 -490 375 184 222 -224 -136 -120 -133 -70 4 170 -399 -372 222 470 68 -312 -157 -251 -133 78 -205 -539 -512 -128 -49 307 43 159 -53 -253
-373 354 398 17 148 306 5 -206 232 -128 -115 417 -38 143 93 295 265 -326 740 105 88 131 -317 -152 183 -125 -94 -418 48 -68 -181 -261 -59 -267 -152 49 -327 -350 545 -239 40 75 -20 250 62 -2 188 -232 328 -401
-28 576 84 -87 -397 -205 -366 169 -78 -394 -145 -160 -71 40 -151 -272 40 -91 -249 249 112 -36 -328 116 127 -373 145 241 -299 409 -191 -147 199 -11 -102 206 -136 -110 63 72 -34 202 -28 111 244 -52 14 372 -266 -61
-489 148 109 -185 -393 -174 -170 22 94 284 209 71 -44 -60 -374 101 9 76 300 190 -405 -147 -201 506 -31 -319 479 518 -125 27 -102 95 -299 -160 -163 128 -6 -402 405 -218 -146 -77 42 11 331 61 -238 139 -350 -32
405 137 -98 -448 358 -59 64 -159 -232 -158 47 -247 -252 256 269 -175 33 82 21 -123 222 -10 285 -142 173 -252 -213 -29 -329 -109 785 303 207 -69 140 -307 -126 245 122 -374 159 281 -155 373 66 -105 -124 239 28 98
52 -261 520 -540 144 -104 -236 -321 566 -8 -30 235 484 201 155 22 -98 71 131 -35 -302 242 -276 163 64 -533 199 -46 -370 -283 103 92 119 34 -75 5 319 843 195 -294 143 -74 13 42 30 134 -71 90 -113 -87
153 194 35 356 -233 143 -344 -231 167 -355 -59 154 -311 133 181 -411 413 364 -90 469 230 15 -66 -111 161 69 -687 58 -214 -220 46 150 266 -12 -163 -71 -227 112 -215 79 -9 -107 219 -478 -45 -181 -131 79 -493 122
-13 4 -252 -5 -277 -112 -14 301 -39 -31 -2 -305 290 47 109 290 540 168 183 251 -389 8 23 575 -9 -147 -37 181 -53 -48 163 -388 75 159 85 174 -165 647 168 135 -262 -168 196 105 -189 -76 285 -175 114 -109
381 495 567 -278 94 -29 35 132 185 -75 -138 272 -647 -227 -105 135 -292 302 62 -715 -132 -359 170 -224 -107 32 -379 193 -149 -245 304 328 -573 305 -413 -8 255 -555 91 36 -56 14 -38 -539 40 483 36 176 -43 -196
-259 56 197 -168 -121 169 -384 130 -378 -48 -106 -88 208 122 185 -55 -178 -8 16 -289 -195 108 334 260 -187 -9 207 353 -223 228 -175 275 -409 293 190 450 85 -225 124 6 -434 62 461 -240 104 -161 -25 -99 -124 -313
44 -291 -424 338 -262 -64 84 221 -205 18 293 -106 193 339 -253 -309 281 682 -329 65 -6 -223 -504 9 -198 314 -142 -113 -20 -198 -18 99 -78 428 106 220 -185 258 -466 236 -190 -152 -387 -37 -90 -13 9 -86 29 343
72 -299 -310 456 -188 223 -673 -403 351 -71 -99 -61 143 157 419 -74 297 -64 14 126 -94 -331 -199 -140 106 -86 -340 -273 2 59 156 21 547 -108 -225 92 -39 61 -277 289 129 -146 135 81 -223 -125 327 -479 -78 448
-278 153 -488 -28 -387 -107 -144 106 -171 246 -203 -377 -50 -306 -152 27 -188 201 2 469 246 -140 65 334 -436 -42 164 525 -665 286 -209 -11 -51 242 17 -159 -287 114 -214 126 469 -288 95 -443 333 -287 -431 3 -474 -354
366 -329 -272 -285 -385 -265 511 105 -206 21 597 -154 271 280 176 -505 34 3 -188 195 59 94 168 372 276 9 -63 2 52 229 254 70 321 -236 53 -261 -16 -54 -439 24 -417 -32 72 115 284 -457 -34 -324 -33 -304
143 117 -30 -139 -7 -337 -239 273 -186 364 254 -519 57 -55 270 -46 -501 -356 -116 8 -386 86 -316 -18 -5 401 -292 -141 -397 55 -139 2 56 250 179 76 403 321 86 51 569 285 -8 340 344 220 -202 24 -564 195
626 232 -389 237 -2 -119 -121 -213 -256 -31 250 -223 -424 -215 183 195 -56 -61 -273 -181 139 -411 -89 172 -321 82 -415 33 76 28 234 -371 152 73 -212 -41 379 366 -545 157 -165 25 45 -31 -472 70 37 -96 -522 161
-305 -61 173 186 -112 -105 -322 -116 263 -249 310 431 -259 -67 -186 143 -360 82 151 -23 -5 -634 -341 22 212 -166 -341 5 -427 243 59 170 -413 -250 -184 649 -160 -343 214 14 -38 -584 501 -465 60 263 -155 -135 139 130
-198 -212 -116 -81 1 -203 -91 -124 194 562 216 209 -257 427 102 -154 -142 394 273 -18 -74 340 -189 49 -172 -129 -223 360 -15 -16 29 449 340 315 -59 359 -101 6 73 -24 -106 192 -159 -101 124 263 -273 -278 -48 -473
-16 -10 710 -120 384 -29 205 412 -428 70 140 1 1 82 18 235 68 332 74 -518 89 376 120 306 13 -475 415 73 61 -376 -156 218 -591 503 312 238 3 237 -281 19 -485 64 -308 -30 31 343 118 171 306 -320
-235 -223 -179 450 -88 228 -397 -269 439 534 60 -236 -166 444 29 -66 -405 231 507 127 40 378 176 38 -268 241 113 254 402 118 -245 93 412 -290 -5 87 27 112 -7 22 304 511 -11 -61 104 136 -38 -333 238 -168
-74 243 -97 391 -389 69 111 -345 -184 -6 226 -519 387 189 87 234 -260 96 67 10 98 361 -192 -195 -293 -109 -3 -35 269 148 -93 54 -19 -254 120 254 478 -36 -719 254 -73 42 -297 147 -359 118 -311 -113 -227 227
-47 -2 209 -269 601 -55 -32 55 -116 -271 167 202 -487 110 -155 10 -149 -12 -73 -400 -497 -220 -66 -247 412 -21 -34 406 109 -6 -6 437 -359 -124 56 393 -117 -366 442 -38 -50 -491 347 -534 244 6 -388 -206 -159 110
-102 366 521 280 64 111 -50 43 542 -195 -803 298 -22 -256 -245 31 -56 47 -236 214 735 36 -302 -158 270 -247 -97 -393 -67 96 -509 -543 -1 103 -344 -13 93 -55 -243 -72 182 -280 -584 -251 225 269 -70 12 337 64
164 -233 -337 -152 215 -134 -263 -63 286 278 333 -205 186 71 194 -24 -100 -84 95 -123 -138 61 102 -66 -389 -179 116 107 158 104 -68 -116 106 132 144 -111 -250 317 -11 241 377 -308 -65 173 -249 321 -154 22 -270 48
-53 44 313 403 262 202 -314 -285 24 79 -499 -462 301 278 75 56 -363 -40 59 -258 -21 320 343 -38 -316 -93 193 -67 393 248 39 366 -422 29 292 377 496 2 -26 175 277 60 203 -292 -193 190 -354 -163 -39 331
94 -1 32 -287 534 398 -35 -59 130 108 -152 -62 -481 -201 267 -526 550 -38 181 -154 63 125 157 -132 -237 -67 -276 319 231 -287 -102 189 306 249 47 -321 30 -23 512 317 -26 274 170 -43 -6 -535 194 -268 -339 -375
404 -166 -80 116 197 104 -429 -364 -58 -7 -99 -361 -181 -144 309 -7 -188 -71 -67 -495 78 126 542 -348 -241 -47 -1 324 182 49 -69 -507 219 -16 -11 -429 537 -198 -153 315 -97 143 102 36 383 -203 -229 55 -229 -21
-429 110 -416 668 -279 731 -513 -250 91 -427 -338 -70 7 -378 61 190 303 144 -121 -232 382 40 -167 -416 -156 -211 -90 -47 -100 -115 -519 -264 22 194 396 18 -8 -341 -82 434 83 -388 -180 -89 -159 -295 101 71 -442 415
256 100 63 -735 290 -413 275 389 -45 -200 -502 41 -52 -241 214 -359 524 23 -240 167 -122 128 7 68 249 -183 -28 -40 -88 -166 169 262 -45 289 217 -290 -224 178 311 -297 -58 51 -212 -235 204 -47 -131 10 -5 -269
-163 -453 237 -46 527 189 -160 110 150 -50 638 582 -145 48 418 120 -74 -84 284 -183 -63 -697 -295 -232 114 205 31 157 -135 -40 -370 -49 -379 -225 -249 13 80 36 326 -11 205 -43 405 -87 -167 150 -222 113 -63 -205
193 0 -630 447 116 -6 174 459 -168 -38 366 -276 -165 530 -242 386 159 92 62 -50 -54 -205 -320 -207 -189 84 114 169 445 150 -255 218 -1 214 -4 174 -159 669 -378 269 226 264 -489 -87 -344 -132 137 158 -78 197
410 -36 -100 136 116 58 168 34 -302 111 132 -109 -514 -82 560 354 -147 62 116 -498 -202 -41 107 -267 -40 -104 -418 297 777 96 88 -99 -36 93 -31 170 234 126 -348 383 -52 16 591 -111 -77 80 -11 -679 -115 74
-8 191 -178 -72 177 129 -27 -280 -136 -335 116 214 -543 37 -306 -101 -124 81 75 -48 46 -375 -309 -446 -146 221 -178 -221 -115 73 -284 327 155 227 -32 -30 -187 -4 -2 35 46 -293 -360 -22 -98 -97 89 154 -246 140
-640 155 -662 183 -745 516 -136 -425 550 154 -110 138 144 -116 126 -270 -451 555 -129 -79 149 204 276 -542 -40 151 -458 223 -619 58 35 124 425 -20 326 17 -288 -220 77 53 152 -104 83 -30 142 -16 -336 -272 112 -232
-472 227 93 0 338 187 -55 68 226 317 51 -297 133 -339 295 145 -206 -298 192 82 -117 75 -82 71 -56 -88 -64 192 -498 -162 -68 -127 293 17 22 166 -175 -240 268 6 371 118 94 94 37 -30 -23 -418 161 -327
-135 507 809 -428 215 125 -9 213 -132 -395 -167 114 93 -234 -98 68 807 -368 -55 -37 -95 108 -38 277 698 -302 130 -5 216 -349 -71 84 -603 79 186 178 -145 -56 446 -368 -245 96 294 40 140 -209 312 247 251 -115
198 215 544 -166 320 -443 396 368 -345 111 254 -33 205 -15 -132 18 -391 -318 143 97 145 178 14 398 -238 306 390 -369 228 -174 -46 -46 -566 188 69 122 242 240 -5 -336 345 441 -78 414 -329 477 -45 221 -13 -36
-109 256 65 120 -212 51 -421 -479 457 -302 -159 109 -203 56 -107 114 -296 -46 453 40 -195 -197 125 -307 -286 58 122 356 -122 175 -75 272 -11 45 -92 193 -236 -523 350 100 474 -155 -123 -315 125 64 -207 174 -449 -126
-252 -202 117 350 482 210 244 237 18 525 368 266 55 482 178 534 -262 24 -71 -34 -127 164 -9 -576 -38 511 450 167 27 176 -837 -490 29 -12 30 -9 282 -337 -15 192 567 -52 -249 318 -81 217 -372 163 -124 -83
156 -32 303 -70 -358 -852 -455 -185 109 11 -282 -54 178 233 -90 646 -317 -364 165 198 -165 -141 117 659 -10 11 576 173 -132 -349 216 -193 42 -17 -226 374 302 -16 -214 -109 315 -63 -175 -106 78 256 -129 -27 -201 -519
-86 -161 213 108 917 -23 -93 -27 265 449 -31 -228 277 234 152 150 -164 -41 -70 -20 -66 70 314 163 -106 339 138 -324 -191 255 -322 151 -100 130 490 105 43 42 100 170 -220 -667 -48 80 -51 29 -70 124 353 677
346 94 166 -4 299 -234 168 -295 127 0 523 -208 102 611 113 310 89 -81 610 37 -449 -239 111 -43 -257 117 329 22 44 211 298 296 -161 -154 -311 5 30 -30 -117 125 -107 147 -32 166 -5 -194 -27 -56 1 62
-170 -126 -387 -248 676 345 66 -73 164 201 -9 -331 2 224 167 171 115 -195 260 -7 109 -118 -277 -105 123 -296 -454 -233 -19 154 160 342 24 -139 174 -34 -325 439 11 -187 -94 -481 -443 -155 -96 114 -3 -173 489 457
-350 177 -311 -116 -455 -358 -886 -275 3 237 373 -293 397 -374 -270 -87 -64 38 -381 -90 139 248 -567 303 -237 224 401 37 -592 78 -443 -184 -41 132 69 -182 97 -234 18 -241 181 272 89 255 711 50 -174 458 -268 -369
-273 -134 34 222 -140 -107 -139 -206 304 99 -158 284 85 154 -127 307 -135 -136 217 193 244 121 -49 368 67 -328 209 -106 -87 -72 -208 -180 153 -2 202 -61 -47 410 45 -150 -41 10 102 95 134 77 200 151 436 -46
332 65 -218 -78 245 -747 -358 -3 -215 -100 388 -432 117 208 590 351 258 -279 -144 -423 -30 171 263 -36 312 -355 -98 -122 -130 -183 513 250 -94 52 228 229 -46 -291 67 -54 -444 -85 -9 113 54 -86 66 -5 -226 141
220 -263 -315 -8 -245 537 119 95 -74 -220 -162 -420 54 -185 125 -413 235 359 -54 346 26 66 466 -55 255 249 -473 144 134 -71 199 261 343 -27 222 -40 -161 304 69 83 355 -79 -317 -257 -229 -459 -178 27 -75 269
-381 272 104 -312 18 590 -123 -67 526 315 153 8 -29 196 -8 -96 212 193 407 304 -396 166 -414 -139 -182 65 -76 307 -172 -314 -459 -39 324 -30 114 -242 -231 138 136 237 222 -164 13 64 105 -255 59 151 -208 -15
-124 -8 -555 225 -401 -126 172 -39 -363 116 361 -183 200 286 -326 -355 183 225 249 132 -451 -127 -304 -51 60 270 119 28 319 366 369 262 232 -318 -348 246 -274 -90 297 -144 159 173 28 415 -371 -172 138 -501 -119 192
-184 499 601 -414 157 -52 2 141 -229 -92 108 -18 -89 -228 292 253 179 149 150 -321 -441 107 -209 -130 260 -626 -184 383 -523 -324 37 328 -175 161 133 477 31 -274 529 72 -340 -151 49 57 227 -44 -215 4 1 -256
-44 -205 -66 61 635 92 286 280 122 59 594 59 -118 299 -131 15 348 34 -212 -323 -3 -452 -239 -489 645 87 -133 117 -1 116 81 -80 -338 -58 -354 237 -653 -7 351 -7 -123 -423 -313 -158 55 -110 129 2 6 376
-229 -157 111 58 338 109 -226 -136 -225 227 -87 -28 -157 3 -77 183 243 -166 480 381 -136 234 -123 -29 67 197 37 450 123 15 -230 38 193 11 -102 234 31 -328 119 373 819 -132 85 15 72 -12 -639 19 -228 -198
-662 57 -295 63 -166 104 386 519 -469 356 130 -216 -140 -42 -257 -339 84 183 -85 109 165 124 -370 184 434 251 -187 -35 -539 -42 -45 115 48 149 128 231 -602 -106 74 -326 -144 -16 -314 -115 78 -56 86 -177 131 -60
-169 -161 -130 -168 91 383 -347 -62 160 403 473 144 -225 303 43 503 -151 -308 445 -164 -410 25 14 83 -80 146 200 328 476 163 -172 18 -25 -363 99 45 238 -286 -109 86 341 170 349 631 -17 378 48 -81 214 136
-207 405 -458 60 -139 186 131 -33 142 -84 85 -359 347 108 564 -436 389 71 -106 432 -188 101 112 -516 -21 310 -651 101 -268 -23 -16 -204 471 218 210 14 -285 -136 27 433 153 -121 443 -33 -80 -512 -381 -457 -82 -275
-104 -603 175 215 -99 -112 3 -148 823 -69 278 699 45 96 253 264 -304 -26 343 67 439 106 -191 216 290 -219 101 -221 25 -115 86 -245 -80 -561 -465 -172 -102 157 -34 -552 -151 -216 -292 -13 68 578 88 -140 166 -50
-281 342 -58 285 -27 135 -210 -550 -226 71 -67 -95 -114 -67 71 70 -58 187 437 154 -321 -74 -128 -62 -505 30 -160 662 -144 36 401 34 63 132 -182 175 -48 -399 118 399 351 89 558 66 -129 8 -336 -174 -525 -105
143 225 -15 -178 -161 72 -73 -72 -607 -329 39 226 131 -718 63 10 -3 186 -646 -404 104 -47 -543 -251 57 -274 -308 -113 -351 167 -310 -558 -325 211 101 -155 234 33 23 92 -289 -36 456 89 507 -85 248 -166 -299 -102
-50 -70 69 -264 488 -629 -81 -273 -61 178 391 -481 307 8 -76 -185 140 -63 -147 559 -225 -378 -286 218 140 265 229 -76 -378 -47 50 52 284 -129 100 122 54 179 125 47 432 -104 257 217 129 -214 -373 3 307 54
242 131 375 -282 -92 -511 141 575 25 164 -46 180 -357 64 -458 -204 400 -105 77 103 224 -282 -113 636 282 -501 31 -72 149 -175 234 223 -282 -21 -445 -116 92 147 -10 -680 -521 396 -189 -365 126 -47 99 387 354 -224
196 44 301 -226 157 -382 -229 371 -259 67 86 261 -327 -171 -428 -184 14 38 -264 -290 201 153 -51 333 -34 189 -165 -127 257 107 -433 -212 -129 458 -413 165 257 -250 -297 182 -67 -179 411 -442 -359 457 482 31 -128 -246
283 -248 289 -218 413 296 223 -219 104 -162 -151 196 -86 201 240 137 -62 -457 582 -123 160 117 121 -49 -162 -460 -235 49 512 77 138 558 -181 -234 -4 87 310 388 87 144 -85 4 -94 -35 -209 -63 -74 -284 62 -237
71 27 103 35 -44 -211 239 20 79 445 408 -333 -135 434 -51 186 -349 315 221 5 -116 187 -61 -42 15 -223 134 312 140 46 281 232 147 -69 -91 266 -122 128 -172 -356 429 279 -228 -10 160 305 -567 39 552 -208
10 481 -238 240 78 148 140 129 -175 52 -152 -104 -307 -147 123 -114 198 32 -70 -19 260 -337 -216 -364 -76 333 -438 -168 -433 69 -189 -549 276 440 -382 -57 -370 -306 136 63 171 -335 -431 0 -410 -156 188 -192 -429 47
86 -123 -180 -37 49 -495 -469 -16 367 397 402 -14 298 -7 32 263 -100 -120 136 20 -263 -158 -788 71 -143 -191 168 250 22 -150 -193 -396 382 261 -452 161 68 -91 95 55 599 51 -324 233 102 194 -182 -47 -51 -208
-121 -38 -481 -53 -236 -286 -434 -13 115 65 397 -417 150 122 42 -72 -12 324 -53 121 68 -145 -210 471 159 -350 -158 120 -201 101 53 359 165 405 127 458 -288 262 -297 -30 170 -496 -330 -193 -204 243 -344 -114 200 63
163 -216 -18 432 242 401 98 -305 -116 -213 360 -138 259 460 157 -117 -186 27 394 209 243 -132 445 -221 -288 136 203 -56 123 503 -27 271 -566 -283 191 268 -24 -49 -5 402 114 -149 -162 309 -267 -480 -627 -149 -265 475
60 -414 -188 -195 77 -198 -219 -339 -45 50 112 103 -283 -172 273 9 -44 -325 -11 236 -191 -143 -315 -35 -16 249 -11 20 -385 94 35 357 215 -406 61 -454 391 -278 -74 302 237 -28 429 87 611 -292 -236 27 -683 116
-239 98 198 268 -244 233 268 7 -15 -195 69 -15 356 455 -332 316 -120 44 -96 113 339 512 -4 150 -32 -140 376 298 429 38 -333 -286 -36 -148 3 250 182 -159 -583 -177 -281 176 -315 67 65 107 54 -23 444 -275
-16 333 -402 276 -357 410 -203 -128 195 94 126 -394 -127 -183 -373 -548 -243 304 -148 134 468 254 -10 18 -372 435 -510 -215 31 80 -183 293 -98 199 332 -175 -25 -109 -303 270 350 287 -8 -219 168 -126 -251 232 11 235
32 -215 -406 491 238 -198 83 182 -305 16 559 -111 -382 -97 -358 161 73 -248 -80 -107 484 -207 79 245 61 299 196 -569 293 189 -253 147 125 -220 141 99 75 -529 -373 169 -85 93 -201 90 -300 -70 350 -40 293 46
-396 -408 -398 228 14 580 587 -27 327 302 377 327 336 -81 292 342 -357 -365 234 161 210 68 -8 -254 -64 147 -24 -309 266 67 -227 -503 264 -431 234 -5 -353 -62 -458 70 17 -424 -258 460 -216 147 -219 -475 525 -36
243 -101 215 -70 272 424 321 -285 204 49 -27 266 -208 49 167 227 45 249 374 -90 352 178 488 -230 -729 319 64 240 459 -56 122 -162 -142 19 -314 -202 72 -173 -164 -23 297 186 173 -59 -699 133 -108 120 218 -403
-104 -138 -98 44 -18 8 337 -469 -22 388 -34 143 387 -23 -56 -146 -271 -169 99 -4 441 557 10 -2 -2 -170 271 -495 297 -145 213 44 528 -220 180 -222 203 -283 -343 -324 21 686 -509 615 -99 150 -158 -68 686 -219
149 374 -176 441 360 186 134 186 -268 -254 -254 -256 -251 -253 51 -133 408 173 -352 -470 151 -183 24 -509 93 143 -388 -311 -67 -151 -50 -213 -128 327 -86 -216 -146 -8 54 147 -591 -222 8 -391 -268 -437 400 66 -34 617
452 -198 275 -310 -390 -76 434 -373 45 -308 0 367 -92 -303 -17 -156 146 122 -57 159 103 53 216 80 387 91 -214 -384 265 -471 403 -287 443 -150 -115 -534 334 -263 -253 -121 24 -163 -74 182 -180 82 164 337 -14 206
-485 304 -153 64 -272 572 -239 53 -157 113 -85 11 -71 -35 101 387 186 -122 124 -269 -115 195 -145 -55 -129 -565 169 651 -169 145 57 38 92 -389 -112 89 297 -154 244 6 -224 620 -43 524 -86 171 207 27 -154 -428
-67 -519 -493 140 -270 -106 56 165 85 34 726 108 274 445 70 -87 -56 -307 175 553 -21 -112 -468 527 120 129 -588 -250 -193 73 302 -365 67 -363 -282 209 -294 375 -247 -67 -365 -589 116 68 35 131 40 -554 -214 79
43 12 -156 318 -382 -54 74 160 469 60 425 -65 267 337 -191 142 -477 5 103 -125 -161 -244 77 -258 318 277 -220 -321 74 -175 -71 -503 104 100 -332 375 -556 19 224 -351 177 -341 -649 -54 -228 217 43 -86 422 385
408 -16 -217 -262 -97 -640 -167 -36 55 -89 362 -147 19 162 -102 178 -7 -96 8 63 -81 -174 359 237 432 -274 460 -197 73 477 96 233 156 -5 58 -20 -146 88 -108 -81 413 181 185 -12 -16 -39 61 347 376 135
-82 169 606 336 198 242 -424 -291 310 -349 -516 33 2 471 131 -442 108 -42 546 335 224 240 108 -75 4 8 87 -23 130 21 -299 167 54 -274 -44 25 188 118 413 61 27 259 -196 221 299 -180 -206 -217 -43 -209
-205 -326 -423 54 136 200 230 82 -132 -58 -44 179 61 -235 -102 45 229 -322 -161 192 -442 -400 -30 -528 140 747 17 60 -192 44 -52 -25 -118 -374 236 -100 -261 -434 733 177 -85 -262 -9 384 363 -555 -101 156 -127 614
-52 -34 -300 22 -142 -315 -155 -164 -169 -31 -95 23 68 -429 118 -43 4 124 -213 -287 149 -143 66 -160 -155 47 153 -117 -378 112 74 74 80 45 229 -165 145 -319 -147 27 -369 34 241 87 139 -204 16 180 54 -21
18 604 396 253 81 -427 387 15 -32 159 46 -248 -186 -197 -45 -15 84 -83 -170 -117 233 322 -167 -110 177 -28 75 -533 -78 -210 -75 -236 154 266 -135 -238 372 -240 -337 -115 -110 534 -61 126 -32 6 413 130 -150 237
-194 34 -74 247 165 189 -185 -259 116 -276 -115 55 282 89 -38 475 86 -9 -77 -213 -6 -12 -291 -387 -442 78 350 -104 -192 -1 -145 -172 -412 -288 94 68 78 -48 147 9 -217 -16 -22 128 126 -115 -38 -1 33 7
-329 83 -268 96 -66 56 91 228 43 520 -175 103 -248 404 177 95 -53 -21 -93 -133 200 312 322 -195 218 -314 52 203 235 -377 48 142 382 230 255 -172 -600 -115 -351 -687 -16 235 138 -359 75 -26 -28 118 381 -67
-348 -189 97 -281 -260 413 284 -171 572 -50 -50 503 286 -23 -28 117 146 408 68 440 -445 344 169 28 182 312 189 264 -244 -207 -137 326 -206 -81 473 -192 -159 -96 24 35 -25 -253 51 -97 331 -154 -311 260 178 200
77 -580 -275 -183 231 237 197 -237 80 53 -208 -14 140 91 -63 -305 -336 -17 210 48 -39 239 326 -195 -306 250 136 84 -6 241 -190 -228 725 -62 -186 -397 -1 203 329 182 51 -132 -236 58 70 -392 90 -205 104 -290
232 -224 -179 94 210 -110 181 187 175 -178 56 -23 -491 -290 2 481 -35 146 150 -293 -44 -767 -46 -227 192 421 -29 106 -181 -385 363 -159 -190 -311 -389 -57 -454 155 310 -411 95 -352 -520 -303 -95 168 -116 160 400 240
-209 38 374 -252 -46 -491 -356 -184 268 167 139 -128 443 303 -180 121 -201 265 -134 47 -68 319 -628 287 -250 -153 147 85 -495 -185 -136 10 44 450 -229 588 46 -105 -183 -182 -39 -531 -493 -116 66 477 -208 12 38 -245
144 486 92 47 -175 167 200 -245 -179 -410 -251 -118 -54 324 -308 -176 -464 -12 78 -236 195 -42 322 -658 -531 201 133 28 317 -96 258 -41 -230 -234 -244 10 247 -169 -130 -281 215 223 -132 10 -334 36 -589 136 -118 -168
248 -224 -312 30 -105 241 -297 -413 203 -407 295 445 104 112 -12 -72 167 -77 -181 -116 143 -273 -247 -385 127 -88 -139 -217 176 449 18 200 -261 -272 123 107 -53 14 -79 302 24 -323 -147 259 -105 28 -10 105 -433 355
295 24 -142 -250 -87 153 269 -164 -831 -413 109 17 -306 27 86 198 91 184 125 69 363 96 690 521 253 -378 -226 185 -60 123 547 148 -346 -117 211 -23 86 -20 -30 -186 -251 -182 23 -154 -449 -79 -172 134 -421 -47
-193 169 -23 58 -327 205 15 -167 70 175 9 381 142 -449 61 -93 130 166 -566 -111 339 -170 -125 -15 -162 -12 -208 -45 -208 -276 58 -449 160 105 -279 -293 121 -246 -102 -416 -319 283 204 126 -354 68 177 273 144 -188
-408 330 218 147 61 264 -15 -38 432 -273 -81 -53 -297 -103 -133 68 201 -155 457 -49 -415 23 58 -109 55 69 363 577 268 -550 51 48 150 -259 -304 53 -55 -228 117 171 -85 389 124 62 -219 -76 342 -126 -66 181
360 264 -148 490 -276 372 132 -51 -281 -482 -649 99 -50 59 -243 -148 -59 -13 -691 -158 513 60 106 -217 -263 45 -268 -346 92 -71 166 -193 258 58 106 -248 521 169 -240 -3 -74 107 -245 281 -180 -213 92 91 -162 -54
440 -84 -60 122 10 -251 166 -120 -369 -145 -540 -183 -95 -143 46 -316 -203 354 -263 -263 -123 -74 78 -492 -216 452 -174 -103 148 -172 580 306 -3 144 110 -92 -19 466 161 -218 232 370 236 -354 -217 -101 55 200 -180 313
21 -479 -139 204 172 436 203 255 419 -86 -426 441 -164 172 156 60 -364 71 285 -44 271 160 334 -467 -201 313 -388 -346 258 220 -162 98 -325 -12 74 -99 -158 471 1 159 36 -341 -357 -211 -120 374 159 -273 19 154
-347 -92 164 -79 165 -35 -78 -247 0 128 -196 345 39 -218 -212 77 53 -16 82 276 -206 37 -459 55 79 77 171 141 37 4 -49 -109 -55 1 -257 88 -308 -69 -65 -74 -1 -7 351 -108 318 29 164 -277 24 31
-112 -117 9 244 -168 471 -101 280 -222 47 2 19 -177 608 -91 -497 0 374 -391 -272 271 -130 209 -82 521 -337 -121 317 -33 261 -248 119 4 152 23 -6 -62 -64 127 -124 -437 24 -411 -217 349 -79 -8 153 203 -89
46 403 231 153 -326 253 26 177 -89 -326 -172 62 -330 -584 -39 193 11 244 -475 -730 -200 -43 71 -226 14 -273 291 714 -54 -304 -91 -458 95 214 -307 -296 192 -360 131 128 -348 283 80 40 365 -81 473 200 -342 -214
73 -122 -662 306 -600 136 -245 -464 -176 -459 54 -1 51 -151 321 272 38 177 -346 151 506 328 238 22 115 -417 -78 170 -249 -8 319 -175 228 -262 -105 -152 -184 272 -405 -240 -57 68 -258 153 -99 5 97 -352 -612 -65
-196 -445 102 -435 -140 135 298 112 22 113 -58 483 286 103 -256 -75 -250 -126 357 461 -201 -249 -29 415 61 -90 25 -195 3 190 -200 -164 -92 -244 -105 81 -85 443 275 -339 24 -686 261 -194 0 -49 -259 -250 71 34
-145 -246 293 249 -159 262 13 -169 262 -230 -341 10 33 26 82 -399 328 164 70 775 316 124 23 363 201 -261 247 324 -96 -234 178 231 133 -410 -153 -232 -160 263 -117 -31 144 152 -122 -41 357 -342 -314 -113 -362 118
-11 278 79 -162 40 311 474 -410 201 -93 -65 233 -197 -133 -96 207 -166 314 33 -409 -141 115 148 -424 159 -396 -274 66 193 -419 347 567 -338 -133 324 -29 -76 -351 -105 -266 -321 -406 86 -586 217 -331 -339 -174 -12 480
401 -44 -53 -68 467 232 407 -165 -427 62 137 -289 -351 -293 522 66 40 293 132 -419 -17 -59 337 -470 -314 217 -717 40 20 20 293 -102 -211 344 242 -20 199 -206 -207 222 -163 -294 1 -38 -387 64 -286 -191 -104 356
-216 -208 30 -174 460 170 572 327 216 458 -30 576 -401 -119 37 -18 -323 -349 -175 -79 47 -64 40 -191 24 300 -36 -93 -113 -281 -100 89 229 -369 142 -513 -144 -376 -71 -327 -74 -153 234 -112 268 206 -144 124 329 7
158 231 80 -416 -191 272 193 -123 -233 162 180 103 -70 187 -53 -121 -250 353 15 85 -110 467 -148 215 -43 185 -461 241 -331 -97 -35 57 433 226 -113 -130 302 544 -82 -273 35 168 -228 241 -43 190 -48 75 -192 -370
474 -27 705 -543 585 -91 115 -127 150 -120 307 393 371 629 483 -192 248 -120 -157 -87 -355 126 -63 -435 256 -66 -36 -101 118 -18 -35 132 -309 32 -102 -151 428 194 144 29 158 -96 448 243 -83 -127 -462 142 -179 39
-337 386 -363 -70 -258 451 194 -21 -132 86 338 102 -340 -218 39 413 -256 -137 -98 -327 -249 1 -65 -249 -235 -294 -290 504 -237 -21 -69 -117 135 -119 207 -92 -5 -449 28 51 -450 -148 273 76 397 -53 -132 31 -34 -301
-6 495 265 -170 -77 566 -296 -147 -157 -228 -286 -158 -379 57 43 -146 50 117 204 -225 -480 119 3 -431 276 -274 -123 291 360 261 -243 487 119 -231 311 44 213 -227 302 541 32 208 106 246 298 -66 147 19 -88 282
-62 -244 -48 244 -380 -30 333 -211 331 218 -325 56 257 339 -44 89 -454 -143 120 269 -327 -187 177 -180 -141 209 158 -15 341 -199 428 -569 285 -278 -381 -59 -208 224 -198 -133 -113 -121 -115 184 -122 162 3 -301 356 314
-158 48 -460 130 338 -270 144 130 -156 430 -149 -483 -87 -523 -41 220 -387 30 -75 -490 511 277 104 191 -583 -346 49 126 -232 -226 320 147 -23 344 28 20 81 83 -391 -101 -78 150 -193 -285 -145 249 -97 -270 95 -142
230 -135 -254 8 23 132 458 -29 -489 -163 -143 26 -199 -35 -3 -30 22 313 -206 -404 -249 -365 241 -268 53 311 -288 357 -232 -172 589 -141 -122 -23 -178 -53 108 376 353 -217 -610 -44 -126 103 -225 -188 228 -190 -245 296
76 90 420 124 -45 201 177 -62 78 -176 146 265 -12 392 3 187 -33 94 167 -21 150 333 401 -489 78 -153 473 426 425 184 -202 -21 -75 -120 -227 -20 -199 -737 -191 95 234 276 -366 -35 7 139 -365 518 218 -392
-54 383 -198 96 20 -107 254 89 -137 63 -400 -392 -325 97 -379 -97 -136 -4 25 164 348 317 -105 -376 -402 75 -137 -317 -263 224 262 -155 299 -83 65 -118 -339 131 -63 -414 284 151 -252 -185 -39 285 -123 513 170 -12
137 -69 93 -412 4 175 18 76 274 44 -130 92 -84 -200 195 135 -447 150 44 -405 28 439 73 143 -220 144 -177 271 -200 -336 26 226 53 153 145 -182 276 179 5 -38 118 -168 -230 -24 161 366 -43 -54 143 -495
-421 -222 -418 234 -415 176 431 165 -446 373 42 -138 -165 -156 -235 79 -54 179 24 464 318 154 28 382 160 390 53 -170 -177 179 265 -193 -138 -245 131 11 -737 5 -239 -548 236 257 -202 -180 -213 378 225 -52 197 43
-295 -38 71 -148 -349 -99 -29 138 -1 110 467 -252 200 -50 335 249 296 -99 671 -84 -260 136 -126 807 366 -871 292 -54 -120 -223 549 328 22 -302 126 246 -362 293 268 -416 -358 131 -47 258 -149 14 665 -340 -160 -123
-96 61 -81 -304 -205 299 3 92 313 -181 -586 134 599 4 -242 -423 -124 -162 143 204 -45 343 28 -6 -258 162 -245 -255 96 103 -130 -379 -8 7 96 -179 -236 208 656 -396 -21 -216 -348 187 -6 282 -21 86 299 21
474 289 331 -95 322 -265 -257 -73 309 186 86 399 -214 -114 232 214 -120 -31 -150 -27 272 -257 -139 81 -207 -151 -583 -306 -15 -102 -196 -305 17 347 -223 -124 560 -263 -358 334 163 -339 226 51 -107 480 -302 117 221 3
-132 -233 33 -361 110 55 -39 -90 -151 208 10 4 -203 -349 -124 335 -160 318 358 171 -95 339 306 350 199 266 256 -73 83 147 -216 484 -259 -86 273 -314 129 111 218 41 542 14 -143 -87 -72 403 248 348 -52 163
-36 162 -13 458 -39 345 305 57 -427 -139 -267 -133 -302 194 298 -159 396 -105 1 170 211 294 385 -552 136 71 -272 189 651 97 32 130 182 -133 -8 172 172 -889 -84 432 192 326 128 -51 -396 -409 -168 -320 -399 -5
-62 -16 226 675 -64 -125 -221 93 456 80 -572 150 -227 174 -85 248 167 -122 97 549 518 8 14 262 -131 44 63 -234 -33 361 -410 -89 -91 -217 59 -65 452 155 -410 288 -59 9 101 -53 201 24 -73 225 211 257
-88 72 -159 4 -284 74 333 63 -409 -112 -244 -133 301 -104 -260 83 239 301 -124 65 -480 -330 478 -212 144 544 47 -105 -64 120 -15 -29 -121 22 58 133 -187 -313 577 -244 -175 -327 -8 -285 -273 -413 107 91 191 278
-153 -90 87 175 -324 301 12 -589 123 259 297 197 165 42 21 -82 -195 147 -10 -2 -66 181 -224 -178 -417 184 -347 71 417 -174 -166 -107 120 13 54 403 554 -379 -686 176 -74 -3 479 36 -377 13 -430 -460 20 47
533 -56 77 143 71 -54 -76 235 -70 -185 50 -21 -68 364 239 -228 77 129 172 -45 308 -93 283 -31 108 109 -610 -1 213 -10 291 -271 -319 231 -277 367 -62 -18 -208 214 -101 -445 -257 -110 -606 138 -287 -135 -97 279
237 370 -447 -163 -11 -172 226 69 -330 474 9 -516 -337 233 -500 119 -390 148 63 -335 92 372 -24 112 -483 -287 34 -7 144 400 -53 96 276 252 128 -234 435 251 -169 44 -23 600 -557 483 53 268 207 91 247 61
-101 7 -237 42 -306 316 -148 -81 -255 -30 -147 -308 -147 -70 -180 -456 -6 377 -158 136 139 -161 324 144 199 308 -191 -183 57 -136 59 58 210 109 352 34 -264 59 -219 -29 133 -26 -170 -92 -208 147 369 -118 75 345
248 24 225 -286 -176 -116 -96 -210 2 -146 -271 -280 316 -568 150 -374 -39 -334 122 218 324 305 -56 244 145 -328 180 -586 -57 265 -30 115 281 -92 235 -413 87 130 -126 111 611 110 -61 215 303 -112 198 7 -187 -95
48 358 -346 -366 594 -78 224 190 -88 251 -156 -203 -92 -112 -354 -166 425 353 -12 -247 -102 -98 -334 -302 -275 88 -81 -361 254 416 -239 402 -94 197 196 -120 -148 188 151 125 -265 -43 -340 -194 -372 -33 99 279 428 230
229 7 480 -273 229 -294 188 -95 -80 209 37 357 -295 -332 -95 184 379 135 194 221 -410 -647 -589 221 83 682 -128 -216 -189 -309 152 -28 -205 112 -244 -311 -12 -68 307 -294 373 125 483 -299 78 -75 321 362 -2 -9
-315 -172 -123 146 385 92 -143 70 375 393 306 1 -363 659 -76 148 113 339 297 360 -225 -138 -99 -260 -91 120 15 201 -149 -122 -391 162 500 124 -2 97 -307 296 -114 373 274 -86 -107 -82 -155 91 93 176 287 153
-35 32 -31 -287 -277 269 -199 58 -44 -162 -35 -265 74 -170 -208 -477 -96 -49 379 136 -269 -105 230 296 141 123 -202 -407 134 53 -182 453 -343 253 434 344 -132 95 205 -30 314 -251 -129 -476 -385 -45 9 -179 -186 330
236 129 -259 72 -55 264 -92 20 -53 25 -190 185 292 -7 -141 -53 -194 -236 -260 -129 229 -209 50 187 -485 44 -350 -225 54 28 -126 -46 184 262 224 -86 509 -262 -152 -118 348 -158 135 104 -422 7 -191 38 102 -45
-375 342 374 -64 -503 309 130 -270 -504 177 -412 -222 -318 -675 -13 -121 11 196 261 -220 -199 263 464 158 -109 323 112 278 144 -68 145 -71 9 -69 -8 -185 363 -590 126 -79 -59 451 913 -24 -26 -135 438 -188 -224 -166
137 -403 74 302 168 178 162 182 126 111 -268 97 101 101 185 180 120 -179 327 222 -37 -240 240 155 238 -232 -96 -301 382 256 -27 93 46 -192 -167 100 -123 464 -7 61 101 -372 172 -292 -529 -261 426 -488 102 475
241 -382 -627 290 -30 -429 -69 375 -153 -35 524 -370 -96 -331 116 80 361 -84 -1 164 -25 -494 -67 300 160 77 15 -317 325 -225 294 22 261 119 -135 -79 -445 101 -565 317 279 -148 -72 -77 -531 196 379 55 36 529
46 -6 -120 42 -182 -163 -99 275 153 229 53 440 70 253 -390 58 -162 -373 1 176 479 -396 -709 189 -96 -597 -292 -538 26 601 -170 -605 159 -72 -502 30 168 313 -200 -500 -60 78 -172 417 136 429 68 75 473 -18
148 214 251 13 122 -200 -187 -137 -6 -152 357 258 -567 287 -285 617 -546 82 33 -633 -353 -245 5 -283 91 -34 -16 304 23 -23 108 191 -365 -231 -395 594 444 -497 49 -167 -264 12 38 -479 -47 383 -124 28 -63 -1
-16 331 960 -34 164 33 359 324 -573 -297 -479 345 -214 -107 -318 78 -335 -261 29 7 64 87 -37 -127 221 85 389 123 99 60 -119 -25 -305 -144 73 161 192 -448 285 -253 444 567 193 8 230 197 -105 591 185 -319
-322 -301 100 57 -297 -163 463 419 -652 -293 22 245 19 -251 -541 -20 -106 138 79 -92 276 -43 -30 305 121 -207 536 212 90 97 173 -87 -519 -177 -279 57 -282 -293 232 -335 -566 171 -189 66 279 123 270 233 165 -85
-109 48 28 288 -13 268 396 -42 -180 -181 -353 -59 -188 29 -225 -399 -250 148 -538 -212 257 248 99 -756 -111 513 -289 -235 -103 -18 100 35 -56 -114 71 -5 -139 -411 -155 164 -338 -201 -56 -208 141 -94 12 2 -93 375
374 -113 -29 224 -218 142 197 68 210 -142 23 344 -292 419 -76 -57 -67 173 126 444 22 -603 366 166 165 487 -109 -156 365 107 185 370 -70 -314 -188 -128 150 173 -456 129 268 83 342 -102 -601 -197 -35 148 207 670
279 -27 284 82 489 -535 -585 -80 -36 -163 -192 -410 -4 139 -67 -91 390 -192 412 -74 293 -394 -58 201 -58 -480 221 -262 -214 126 130 172 -210 257 -335 292 150 193 208 294 -57 -54 -320 168 29 -367 17 -29 -167 283
-33 120 245 21 -306 -40 -119 -358 289 -417 -377 206 88 -58 -98 43 178 -158 -46 171 408 202 319 -74 414 -260 -87 -477 205 154 -382 -43 111 -62 215 56 395 -630 -710 488 -313 -546 -16 -101 336 -198 -20 -285 313 13
-284 361 141 -98 231 -292 -108 -281 -22 10 36 13 -59 362 -317 145 -321 -223 -31 -138 -65 53 -157 -83 277 157 78 -251 -218 318 40 259 186 15 -163 476 -228 -104 -98 -92 -127 -67 -68 -214 -198 368 300 74 370 -224
150 29 -203 353 -279 65 -44 77 51 -20 123 206 -207 -179 -107 -367 -62 271 123 53 337 -347 248 93 -190 52 129 76 330 63 145 193 -255 96 -135 -227 -25 63 -239 -48 446 672 352 -14 -397 -20 -39 142 -16 170
-413 -137 498 -420 363 73 -40 211 577 52 302 129 202 192 -134 -482 238 198 558 -20 -199 526 -212 433 366 -423 480 158 -221 -344 -20 618 -96 -131 49 -147 -252 444 581 -233 -313 340 -323 144 312 -36 288 164 197 -234
525 -264 -35 -390 243 -410 253 121 358 376 479 -23 -2 270 510 -309 129 -24 -58 -142 -312 198 208 -169 96 46 -268 -284 279 -402 195 494 460 78 118 -458 349 64 -391 -50 80 420 491 45 66 -233 -186 -177 315 89
16 -31 -35 -445 399 121 8 226 -191 127 -278 -87 -68 65 165 -257 -97 -144 -214 -199 -310 9 -31 -144 181 -330 -83 -42 -15 141 -180 478 242 198 492 13 -115 325 400 -127 56 -247 -154 -59 100 50 123 -54 -117 201
-374 245 -149 6 -187 501 289 -94 -510 -19 132 -94 -57 -534 289 114 -138 273 -330 -302 277 139 -280 -195 -320 -167 -159 212 -508 -205 146 -180 115 -129 -7 -370 44 144 -117 -213 -288 237 106 320 91 125 259 -53 -220 -408
143 72 57 -196 195 -53 -115 -29 43 107 123 -339 -353 -258 -58 -49 -65 26 -375 -250 345 -137 120 90 -90 100 89 308 -242 -36 -154 -531 -86 72 -180 -332 132 115 100 49 -41 33 -72 -81 429 38 -25 248 -191 -268
128 173 -405 250 20 -240 -419 188 70 34 676 -258 -87 566 318 285 230 53 69 -150 -282 -61 66 93 -376 -204 114 506 -28 252 107 254 -154 130 291 285 -109 -202 -220 293 -187 147 411 140 -243 -41 -147 257 -76 48
0 -220 211 384 591 369 -38 -162 517 6 -432 210 -461 -28 5 -14 320 -23 407 309 100 -441 -88 -252 -247 425 -121 61 -9 405 -377 -154 -164 -169 -241 -271 118 -1 376 670 156 -373 -25 -202 106 -253 45 -6 -253 216
296 -170 271 10 484 -274 312 -309 81 -80 -281 -314 213 328 -56 -139 16 -48 135 175 -75 384 421 -63 -279 118 391 116 231 204 320 -200 -82 -98 -127 45 86 391 142 286 -118 -42 -261 279 -95 -273 57 -429 -469 39
-334 -309 -293 51 401 -99 -153 238 -114 223 129 -337 -62 486 223 111 389 -167 480 190 -90 306 159 321 133 -594 32 168 102 297 245 164 193 -166 -23 244 -314 283 220 -82 -180 -225 -24 27 -356 260 138 -272 -47 53
-47 190 -28 230 -106 141 -102 79 183 -167 -222 55 -78 486 480 47 406 187 276 95 -166 111 43 -670 492 -7 -287 115 -142 207 94 148 189 13 -252 171 -585 -200 290 89 165 -180 -266 -59 -53 -137 -122 -119 -41 -31
276 151 102 0 740 -9 -17 -134 28 -198 -637 -376 -172 19 324 -106 -248 -243 288 -211 361 289 355 -363 -248 -418 -237 -211 -76 -6 35 209 68 182 141 -136 365 581 133 264 131 -9 -359 -191 -271 -67 -84 -145 -453 270
-153 -317 -171 239 35 311 277 -61 679 265 -73 -90 -99 152 32 -295 -23 311 153 256 -189 155 244 -469 -107 215 54 322 -116 -295 -196 -100 521 160 -95 -368 -314 85 153 161 324 -24 -532 -121 343 -209 -240 -137 -93 136
54 -179 245 413 -53 -367 48 193 -59 254 45 17 214 -344 -119 363 -339 -239 -152 -337 6 27 291 224 -218 315 551 25 536 -180 -396 -253 -269 386 126 137 187 -459 -403 51 -13 142 145 -181 150 101 -176 176 498 -179
370 -169 73 6 -49 459 -44 -330 -58 -80 17 397 -355 323 -105 259 -70 -142 443 -101 -40 -37 199 -676 -73 102 -164 -120 455 493 -46 -342 -135 -228 -250 9 39 -139 82 -104 377 -27 -397 430 -160 303 -119 167 -275 274
-279 -150 37 -166 638 352 -388 -314 485 476 -32 -301 87 224 132 -360 160 295 204 155 -54 324 557 -75 138 342 217 -130 51 52 -130 643 -29 -45 398 -138 -326 -22 412 -216 590 2 -231 -71 -229 232 -277 119 375 306
-30 59 410 305 -423 148 56 -51 562 4 -358 529 -225 -299 -101 209 184 -141 274 387 -148 26 -434 -221 -320 163 319 228 453 -416 -354 -230 251 -19 -314 -154 153 -312 -534 431 519 343 -73 218 98 213 124 48 -260 -24
230 72 660 -233 352 65 274 -43 89 -469 -642 222 -24 -239 140 -535 255 -347 88 183 298 -26 -53 -116 -90 376 -190 -314 20 -56 219 -111 -424 -211 81 -322 -94 356 662 -291 -215 244 305 87 252 -294 195 179 -33 -120
95 365 86 -18 -218 -485 -155 366 222 -17 -283 134 210 -103 135 196 4 -354 -425 -194 -238 -213 -91 -86 270 -7 -323 -399 -179 -82 -115 -611 78 286 -159 111 75 -351 146 -100 -482 -332 116 -124 -64 230 452 110 258 286
-157 -57 195 -768 -183 200 510 91 69 251 237 140 80 34 -216 -432 234 233 295 140 -247 222 -223 145 -50 -217 -3 39 398 -349 -173 218 345 62 84 28 21 367 -6 -139 -81 67 38 146 -199 -223 7 -161 113 -216
-114 263 -576 176 -49 -106 -255 -161 -75 274 -110 -576 -130 -178 -234 -20 -106 232 -268 -261 -208 10 50 -509 -151 273 -169 33 -240 202 -153 278 99 273 540 -180 243 -160 -26 365 170 7 -11 -115 297 -138 -149 412 -25 447
-324 -98 -18 -51 -310 -235 -107 -204 243 -174 248 438 222 -537 36 758 333 -156 233 88 -225 -100 -703 58 112 -232 375 325 -400 -425 -30 67 -283 -192 -186 182 216 -474 42 17 96 125 -118 169 371 -98 -298 -31 -62 -320
-238 64 -196 -142 -130 46 269 75 -263 291 156 -124 72 -257 -209 -462 -129 10 -411 -188 -214 -126 -186 -66 -36 99 94 -139 69 -608 -149 33 519 17 388 -253 -22 93 -115 -320 -75 254 150 -97 -98 -218 -149 183 191 -67
-164 -28 584 -482 147 -154 580 -215 41 505 155 158 166 50 253 -306 -7 -128 251 332 -228 912 60 -407 157 362 292 235 -85 -239 -68 -485 699 -113 -227 -395 5 -411 227 122 149 626 21 724 578 -248 -65 -43 -143 -739
-12 179 155 -524 -347 -55 126 37 -117 -417 237 -17 314 -360 -259 -202 -393 42 218 44 -815 -77 -111 6 -74 185 110 140 55 -230 -130 -28 70 223 -45 272 -106 -119 53 500 264 -387 -56 35 -303 258 -15 -99 -223 -41
-1 -210 125 -286 199 506 199 280 -76 -107 -369 188 -94 41 406 47 -20 210 103 -326 -13 52 417 -256 62 -48 -27 75 -49 -85 -254 -291 -205 91 152 -316 -336 170 477 -446 -354 -415 -125 -239 309 35 81 -90 153 4
199 -38 22 219 12 -319 96 385 54 68 294 225 -108 -21 323 329 115 -506 252 500 54 -441 -278 210 62 36 -21 -435 -51 -105 -265 -559 506 -214 -377 -336 240 -84 -329 -24 316 111 -28 666 -48 299 64 -29 188 145
287 292 -276 102 -290 -685 -431 275 -71 -158 337 -238 -51 307 -204 556 -317 -324 82 -113 -61 -371 -640 255 123 -223 -203 -365 -387 443 -187 -226 19 177 -62 395 24 316 60 -63 -61 -121 -444 49 279 385 398 252 232 -57
-3 118 -71 -439 367 41 383 325 -260 117 79 -94 -67 -539 454 79 322 -111 130 -109 46 -125 -83 132 27 -44 -364 -106 -331 27 343 -142 -484 281 9 -125 -724 273 674 -678 -151 -379 -129 44 89 231 -82 -53 -5 -73
60 -120 -189 -226 -609 -59 138 187 -152 -9 39 158 218 -50 -497 -314 -14 -206 208 -155 -23 336 328 148 185 151 291 -292 632 111 -296 -343 301 -69 -128 -110 -229 -317 260 -324 -333 324 -414 238 -156 -170 505 88 234 -203
-41 73 480 -226 61 183 624 322 -182 -50 250 222 -68 263 -30 16 -32 -95 352 245 -125 -416 245 409 295 65 121 91 323 -32 119 182 -356 -377 -33 420 -208 236 193 -207 -104 -1 305 69 -549 -210 133 -305 169 46
-251 70 198 -94 953 -74 58 238 1 454 153 4 -196 -121 65 319 -170 -427 15 -302 5 -165 -624 15 -132 -287 -241 2 -77 212 -164 91 -286 313 294 198 -161 0 229 330 86 -424 155 -7 333 407 -141 154 173 -52
450 -129 -22 139 -48 -24 -387 -114 15 -426 -102 40 -365 185 135 -156 339 133 296 28 473 -227 -9 -99 335 -673 216 42 -41 63 350 134 225 -227 -384 -412 -244 267 -120 77 205 295 -605 266 23 83 240 400 -97 177
120 -258 286 167 535 -145 -81 -30 -66 322 -400 -36 -356 -72 -24 499 50 124 199 -45 -71 222 176 -103 -397 302 134 330 326 20 17 2 -237 117 -137 314 138 -89 52 312 240 -7 -180 -177 65 375 -85 -147 -197 -172
-82 316 233 -531 314 -344 -66 -159 -432 49 103 -281 204 -205 215 -249 316 -92 -35 61 -196 111 -59 -32 -151 40 280 79 -22 -124 -276 -62 221 165 401 -6 80 -286 102 29 111 323 263 246 73 -182 -243 -31 36 -697
-807 -126 157 96 178 463 65 -368 313 299 -104 -1 101 -156 -136 -16 -238 372 198 21 -159 454 123 -95 -157 170 295 -145 -99 -14 -482 291 -75 161 594 189 -361 -255 -31 305 80 -402 143 -454 -41 176 -19 -114 307 156
-80 399 135 -153 132 -86 13 152 -343 121 -218 -126 -284 -501 -248 195 -409 -341 -185 -437 49 69 328 110 -213 359 -88 -437 -10 -144 -366 218 -292 365 504 93 233 -124 93 -123 -62 30 -137 -256 -399 341 81 453 -81 -55
68 -389 -82 240 -234 9 123 227 45 -71 245 142 -347 590 138 -89 225 264 345 417 -34 42 183 -144 165 38 -129 246 16 213 268 303 -190 -387 -95 -35 141 98 -54 411 -8 75 -201 348 269 222 -182 -31 -427 137
-52 132 -349 18 80 259 -527 -319 253 -215 131 -292 127 119 -121 -435 442 52 4 163 -24 -42 -717 362 -175 -277 -216 35 110 166 180 329 234 -144 -59 -146 -287 593 56 -194 -153 60 411 -176 134 -315 126 -30 242 -6
-23 -308 25 -234 32 18 -139 279 3 -28 -284 -36 443 201 -132 -471 182 200 188 581 436 564 305 652 294 -584 470 -73 7 464 -339 318 159 51 324 -293 26 442 235 43 266 134 -517 185 135 -143 -19 316 243 -198
-115 -263 583 -537 427 -337 134 -169 59 557 429 207 -40 38 100 104 -265 -117 281 -178 -534 277 -222 157 387 -46 59 148 -18 -464 217 476 170 45 152 242 -160 74 64 -50 185 48 364 -204 159 129 -171 70 190 -414
147 2 209 -14 304 -68 -22 301 -14 171 131 189 -154 -28 157 -204 257 -114 -113 61 -154 -34 -263 45 101 -116 -89 -85 -17 107 -237 110 263 -141 -180 -114 503 50 47 136 -146 420 298 286 -123 11 268 -28 -50 178
361 -249 -173 402 152 87 139 -120 628 -89 437 56 209 318 137 -491 -74 541 -486 -82 524 -126 -197 -688 206 -89 -443 -636 -177 -158 118 -156 248 -38 -186 -207 -135 958 -273 -255 16 -140 -697 236 -257 187 -51 70 144 683
-99 251 -225 -476 -527 -193 106 77 -178 -28 430 -104 29 -90 -113 209 -346 -206 213 -184 -504 -16 213 289 135 -610 -11 -60 -223 -82 124 245 118 78 462 200 -71 -67 145 -526 -219 190 -5 -74 1 213 221 57 109 -70
-51 213 -346 387 -487 -513 93 -200 27 24 59 -270 483 352 -391 134 -304 195 -605 -121 -58 -61 143 -293 152 -195 395 -14 -90 377 65 -583 226 91 -305 -15 -155 -327 -357 -137 -145 -383 -226 -149 135 40 -150 125 101 180
-157 17 -470 -287 -419 407 -200 200 -339 82 115 -36 54 118 -272 -266 -21 -129 -338 -66 -276 188 293 219 -125 345 68 354 242 425 -340 226 22 145 387 -14 161 -321 -76 -81 94 375 312 -187 -263 -58 157 282 -325 -274
138 366 384 -574 295 -165 251 247 315 209 -223 389 -21 180 -164 -340 159 259 -332 -91 -148 -170 240 -160 -18 98 -192 233 186 -354 -124 -166 -79 219 -262 -187 337 -142 396 -228 -322 153 234 -220 99 -139 -433 94 498 -476
-196 -437 124 -405 188 354 175 -39 143 -3 -147 246 623 257 -145 -438 178 72 30 226 -483 467 61 -159 94 380 207 -243 421 -45 -430 -11 252 120 342 164 -303 247 211 108 -242 -328 -101 64 -331 -287 176 -114 458 84
-145 -236 275 -96 -144 4 98 -141 576 29 45 472 175 263 -13 -141 -349 123 110 -35 177 421 -145 -259 -8 146 -20 83 -205 -377 -24 -65 279 -167 -417 176 270 51 -71 -93 25 -3 -275 177 168 205 -252 -400 168 -617
-123 -461 309 256 -28 -290 52 55 204 231 205 396 218 -116 -268 250 -222 -199 -69 343 86 112 -264 100 -89 649 356 -177 106 -220 -230 -515 -384 -296 -154 -26 174 203 -64 -255 396 155 149 81 202 334 -199 343 -353 35
-161 318 529 -104 -356 -139 75 -196 298 -384 47 242 -136 -114 -197 -92 -315 165 93 70 -89 56 -348 -373 415 -96 -154 -163 -323 -362 96 318 -182 -93 -153 300 -110 -21 221 -145 162 60 -339 -166 383 210 4 -40 -258 -121
279 290 419 2 287 -305 -22 216 288 -10 316 -317 -36 -246 216 -214 -8 -3 -362 -230 -55 -10 -186 -353 84 50 11 -16 13 -682 -48 339 -8 216 120 -163 236 64 -337 197 457 709 233 -86 170 -63 -196 384 4 192
-110 -70 -409 129 -648 72 -449 -181 96 -494 266 -129 358 373 153 220 354 -31 50 204 -521 -358 97 160 310 -9 140 381 86 -315 370 402 -116 -300 92 342 -132 -238 -96 103 -122 9 319 -38 -65 -464 149 -311 -42 230
334 190 390 133 92 62 -414 -436 227 -389 5 -33 -24 -124 256 -279 228 355 43 -303 89 -282 256 -318 -190 251 439 228 -24 -68 198 291 -487 -128 -183 -190 -20 -130 118 129 82 513 286 -64 -66 -371 -42 295 -277 20
-79 127 -406 235 -394 -522 -277 -136 -257 -20 -151 -362 -107 -100 7 326 -365 -31 -80 -96 -186 120 153 -422 31 -175 212 147 -390 268 319 -156 292 -111 -83 131 -123 -164 51 79 171 63 -125 134 222 258 60 144 -499 212
0 208 243 -80 537 146 138 15 346 142 -85 161 10 -350 165 -696 346 -83 -472 -112 328 67 -361 -486 193 -37 -453 -583 -151 -342 -268 60 222 467 101 -256 -230 -262 -138 -53 -98 -97 86 -308 50 -359 -70 45 330 232
334 -127 72 -75 42 -347 -155 135 66 -239 709 29 387 319 343 124 -237 143 -565 -454 185 -29 -39 -119 513 -194 -216 31 -214 -20 79 -151 -424 97 -124 277 -89 226 -144 -229 -322 -564 -158 -125 23 192 -369 206 25 79
12 138 508 -379 -60 124 211 199 247 238 -198 103 -175 -188 -225 -244 175 161 167 -252 207 110 -13 146 38 -567 111 87 401 -241 3 -8 40 143 -164 -247 119 11 -51 16 -117 236 -381 -5 -97 314 179 387 386 -348
-162 -261 273 92 22 -527 -73 146 74 411 412 -171 467 -68 1 -39 45 -111 125 20 201 464 -56 368 25 -176 356 -259 80 -534 -93 -412 55 257 3 84 -138 142 -66 -138 12 98 -277 345 99 155 -272 180 96 -248
-52 -57 146 -356 -308 -290 24 25 93 102 385 -106 495 -105 -4 -409 84 120 201 163 81 238 -94 74 -80 -19 254 -445 -224 20 -576 -442 -24 295 220 -175 159 -212 -184 417 -128 -258 -308 497 400 -167 -411 147 -20 -63
17 51 63 432 -13 -6 77 -265 362 78 -64 -180 -18 -13 -206 -425 -51 527 -91 434 71 157 -100 -223 -554 308 535 293 206 -138 -385 -49 436 -24 -130 -356 165 -124 -387 360 654 352 -68 -34 176 -81 -555 64 -168 12
-128 -143 252 -43 255 -166 485 497 -76 357 -198 394 454 -175 -445 -152 -163 -262 -285 438 501 -12 96 172 -424 698 431 -553 -37 246 -530 -303 -531 145 151 -76 -91 -343 -3 -74 264 -315 -392 275 -210 142 -333 451 66 -51
262 -58 421 -140 -258 -439 42 28 119 110 452 304 30 192 -53 215 -15 69 71 -61 -306 -546 -324 331 560 -443 -147 -56 -99 88 -78 -37 -216 -199 -99 166 452 -278 63 20 -656 -591 -107 241 527 -119 -183 30 250 420
-130 16 131 137 -377 515 -181 -474 50 -62 -73 -331 76 -68 347 -147 -33 330 462 383 -199 407 349 -276 81 558 244 81 -247 76 -155 -18 76 -173 481 -314 -253 -156 314 551 564 60 -196 545 477 -299 -90 218 -489 285
-433 -703 74 140 -54 -89 415 250 -219 154 80 612 37 -20 149 458 280 136 232 299 335 280 -97 122 -42 -212 358 56 -11 74 -68 -298 -338 -268 36 -85 -71 -315 -17 -295 -215 -68 -46 182 175 283 -280 179 15 -307
-262 -411 333 -110 303 59 161 202 -170 287 554 -82 173 409 5 109 -164 191 50 39 -168 292 190 395 -322 102 620 440 116 200 -379 -439 -429 5 187 179 -32 267 27 136 -497 -126 142 136 223 159 -151 144 -96 -310
-369 -59 -194 -7 -60 441 -317 -141 595 67 -295 12 749 303 239 -256 0 265 -414 192 -199 333 304 -118 512 -55 -138 165 -480 155 97 127 123 -12 308 102 -457 71 481 -49 -71 -436 -196 -39 275 -62 -217 -90 474 134
378 207 283 -106 42 265 411 -73 -146 -295 -307 -46 164 196 143 -152 -98 -31 -294 -151 -10 -60 69 -323 -105 -267 -34 59 433 150 -4 -162 -209 -10 -67 -40 -49 383 112 -166 -324 -23 -36 -129 -15 -425 -43 -165 -301 182
88 -371 -208 -14 -78 -285 -131 -577 58 -3 19 7 102 299 142 547 -104 218 22 297 -207 132 -131 -324 352 -88 206 -19 -488 574 53 -71 461 -232 -347 -181 152 -87 -282 320 303 -469 -286 101 380 91 -107 43 -155 231
-170 -183 -151 -318 512 83 146 -321 135 293 209 -38 -260 -219 118 127 78 79 188 -71 -416 -483 71 -363 -109 565 79 76 43 -61 142 739 -86 -489 149 -208 74 -188 292 133 212 59 336 58 -54 -77 -156 -38 293 219
-48 23 -112 308 -175 211 -317 16 212 -73 71 -341 295 14 164 -284 276 64 -178 102 82 275 -511 -101 60 -303 -259 -94 -224 113 25 -166 351 -17 -139 329 -102 160 5 7 226 -352 -478 337 -102 154 -43 -323 -437 299
164 -27 303 -173 -79 229 -123 -174 295 -314 47 177 131 -71 197 178 149 -181 303 -351 -66 -6 229 15 183 -317 -146 -119 144 20 52 -496 -255 -254 -152 -130 174 -141 158 -71 -821 -372 -191 368 184 187 147 -42 407 109
202 348 342 -578 -7 169 -31 122 -114 -518 184 150 77 111 -241 -192 116 -242 207 162 -270 -157 -248 162 197 -57 -9 -295 -45 136 -258 94 -192 -121 154 85 -179 277 466 -188 195 -236 -369 307 -147 148 -172 407 -117 -60
235 363 -92 -456 73 -499 70 -113 59 103 80 -10 -143 207 -69 184 -226 106 510 -137 89 189 87 -50 -250 -116 -182 202 -191 401 438 240 -213 -28 -142 87 -270 -98 330 119 5 -61 -90 73 211 251 -339 199 201 -506
-233 -52 -85 79 -85 -235 -142 -165 -44 -36 -71 -532 410 -284 -57 99 173 -374 368 500 -74 410 -206 201 46 -35 444 -307 107 26 -342 308 402 -90 372 334 -83 -112 -338 639 234 -139 -492 391 53 -298 85 -272 -30 221
-22 -423 110 -134 198 -127 -77 -286 62 -178 150 227 42 137 -75 59 -143 213 710 167 472 669 263 267 -389 159 413 161 148 169 133 -130 -332 -178 -371 -58 61 -19 -3 -103 108 326 -500 139 -153 685 -163 44 -24 -741
159 -266 186 85 124 372 -10 -358 -242 -505 138 169 142 511 -203 62 -15 -26 100 -104 167 -35 245 -73 -97 10 126 159 28 296 130 114 -583 -428 -63 216 606 253 102 73 -528 206 -310 372 -206 -202 -138 110 -202 17
141 155 -354 26 239 -17 48 229 -212 -151 -9 -147 104 -92 -17 -26 150 239 -98 221 296 -342 -221 203 -658 23 -132 143 -370 270 -369 -693 -3 278 -327 -438 79 574 3 341 -246 -304 -202 22 -142 35 220 39 -315 -280
-122 -16 -462 542 -126 200 -130 275 235 -399 -194 345 -152 136 102 99 161 -75 -52 -144 438 -257 283 -161 -39 -157 -220 -185 -119 -12 -39 -167 -111 -267 -165 51 -106 -178 67 -365 -530 -437 -361 -143 -339 80 99 -382 -239 89
-55 -224 196 20 -52 11 74 346 -76 -57 191 324 -166 -66 134 -254 -145 -48 38 -254 -97 -225 49 -215 5 393 133 -174 -63 -366 -97 232 -159 204 268 93 4 -41 55 -18 -159 47 43 404 -210 -53 147 274 -32 323
127 -316 -68 -288 -434 -374 158 -403 -9 111 43 581 297 -286 -288 443 -192 -254 5 262 -64 -316 -127 17 225 148 364 -591 36 183 -182 -87 50 -47 111 -216 29 -103 -495 48 632 -341 151 148 -93 131 131 304 71 309
-124 215 102 -9 -399 117 -359 94 116 -117 7 -99 -312 -392 19 70 291 161 340 265 -12 103 -294 585 -62 6 -288 398 -176 -376 47 -265 15 -67 -108 -16 -117 26 -112 96 190 125 349 -371 76 187 222 -102 -168 -554
389 -230 311 -41 411 -82 -53 450 -414 -189 -341 -177 -38 267 120 -204 402 -334 -269 -32 -244 -108 504 -76 308 517 366 247 393 265 -199 152 -136 -73 -332 76 175 -288 513 168 -31 315 -309 -9 -9 -266 -9 -40 -94 -341
151 -97 57 -213 -111 -141 -1 -80 -151 -73 -102 -46 244 -26 222 -216 -228 57 114 99 -59 216 98 352 -126 -169 -113 41 -229 92 448 -135 -239 -28 -61 -112 -58 832 514 -627 -13 400 422 -73 -160 196 163 -7 -304 11
-24 168 94 43 -50 114 -145 105 -102 6 -252 -182 -126 -440 43 -511 553 276 -493 152 33 53 -45 -161 336 361 -583 17 -300 -175 -136 -6 215 409 27 -252 -226 -354 -22 429 -158 -178 194 -367 206 -278 215 338 34 189
124 -157 305 -427 -625 -371 64 -45 -327 -229 -498 318 628 -327 -271 -306 174 -429 38 461 -188 -89 -224 352 420 -184 209 -690 53 -169 -63 -404 522 72 -265 -59 -33 -159 -78 -24 80 -207 -40 225 -33 -230 410 -134 75 31
121 448 62 -74 332 -373 -238 320 198 -31 474 -213 3 -326 -6 -104 -38 -189 -401 -181 87 -539 -549 -205 -462 -16 -270 187 -530 111 -114 -360 -210 223 -385 52 -86 -67 260 116 57 -36 352 29 234 94 -192 439 -161 -48
253 -218 191 -326 -25 413 675 -234 -279 8 -115 253 -70 -142 361 -54 -121 8 -219 -86 -304 -191 -504 -394 114 -5 -692 348 247 -267 667 -15 138 -147 -264 -53 4 327 -362 -376 -115 -187 330 -194 -135 -8 -39 -289 -176 289
-454 161 150 -480 250 -228 -107 -427 311 668 215 36 4 -165 -40 319 -211 27 413 -106 -196 493 -190 58 30 51 -216 20 -163 -450 13 333 178 146 -32 150 32 -216 164 -160 178 55 -38 -74 -47 404 -56 -118 335 -414
-192 -190 -72 -302 113 -158 -258 -124 189 19 -159 70 359 -226 213 -52 349 108 105 -47 235 570 45 -124 66 -13 23 -350 -371 260 -85 -44 -258 292 -47 137 -304 -238 220 11 -168 -597 -386 -76 -121 48 -74 -61 -286 -97
316 -130 -512 206 -324 -432 -59 -108 18 -367 -118 -247 -33 -422 -65 -455 303 211 -482 123 97 -310 19 83 -159 352 95 -75 -104 -568 342 250 145 -31 -104 -508 191 309 -263 -226 -280 562 31 -240 -49 -443 87 139 -262 396
62 -62 -446 -361 374 51 -190 86 338 616 -22 -5 -5 -320 281 25 -301 -25 -556 -788 180 293 159 -61 82 -177 -779 -215 -315 -253 88 315 132 526 497 -286 414 260 -76 -161 -416 -214 -59 -175 56 138 161 71 291 111
82 175 68 156 -109 371 -184 -37 -47 -109 -160 103 -51 234 -142 10 -187 237 -467 -84 -17 93 92 -195 -162 180 -491 344 -230 187 -344 -582 182 161 -293 87 579 -116 -65 482 -326 -638 44 64 -7 -30 -325 105 -259 69
-153 -159 -427 -58 144 163 106 -247 64 48 186 66 -98 227 31 -114 -129 -219 630 86 451 295 -75 -478 -266 -77 -348 -521 -150 432 191 187 239 -172 -22 -178 -405 -480 217 40 360 -92 -485 328 -52 304 -41 64 41 -87
487 -112 -194 314 -499 -13 178 154 -123 -339 -156 349 -146 387 99 -51 374 221 -474 61 410 -186 -213 -223 261 133 -469 247 -16 94 232 -187 133 -201 -741 62 504 30 -401 -9 -261 245 -246 121 67 -222 -53 -504 -153 -322
-27 -199 111 38 250 58 -177 19 252 166 274 392 151 153 27 140 -137 -392 -84 -131 -408 -68 -792 148 19 174 70 164 38 -140 -72 -419 72 35 -188 29 129 366 294 -32 57 105 247 602 241 126 476 -231 -155 -1
232 126 -202 -69 -402 -450 -52 -84 -121 -212 -113 -69 80 -174 -299 108 -136 -35 -347 -31 543 -236 -132 212 -19 -456 102 -638 -466 583 -101 -360 33 36 3 -330 -118 88 -231 -104 -269 -225 -220 -93 561 55 289 260 317 -308
41 -352 -209 -357 335 -314 442 161 323 69 276 145 300 -158 298 -448 104 -394 -153 67 150 -224 -447 -9 263 -157 -266 -216 -145 -158 617 -499 277 -268 -562 -315 -597 416 174 -200 -178 -197 431 137 230 -216 121 -568 191 -165
-165 -45 -17 -182 -250 151 -115 -292 -446 -99 -412 -117 -203 -63 169 -168 430 658 63 -150 -503 413 108 -161 -174 -18 -79 391 -221 102 297 425 -250 342 -19 217 -98 -210 499 15 -437 -74 233 -324 89 -184 145 -366 -662 68
250 -306 619 -23 144 -260 252 278 198 -3 -242 35 175 86 -125 -143 -54 -385 257 138 424 0 116 463 -401 159 232 -312 282 -284 -51 -418 -166 127 -230 -29 169 190 -115 3 29 -356 -440 232 -168 104 -226 86 -27 -290
34 287 226 -127 -392 -53 -365 30 10 -25 -23 -192 -98 173 -99 -271 114 182 401 47 -145 151 58 403 -64 -500 337 281 411 245 -67 128 315 20 -410 -82 -127 -321 -292 180 235 208 294 -310 12 177 308 -219 26 -608
-649 192 -216 -123 -108 -153 311 342 -115 297 295 19 -114 -191 -149 255 -484 -132 -72 -185 -100 -132 -260 30 41 179 106 132 -336 -246 -1 352 29 106 143 262 -346 -364 53 -331 325 322 432 -344 180 172 -175 -2 556 -551
3 68 284 -285 -373 257 63 -258 -96 12 -178 88 6 -457 140 201 -594 269 19 -329 10 285 -52 -36 -245 -690 -42 324 99 -228 -114 -62 140 134 -60 -90 310 -292 -420 191 126 -285 -219 -448 77 368 -477 -5 -203 -488
-296 -322 75 369 -222 -247 -785 -23 405 141 263 -34 28 -39 122 224 -152 -84 -32 250 95 15 -186 652 -18 -440 82 85 -339 -200 -249 123 -61 -109 167 306 413 209 -157 -91 4 -79 34 -102 193 293 -80 -73 -489 74
159 -4 -195 -183 93 205 306 -375 159 -112 118 204 61 49 -165 74 -144 -76 -54 -36 232 -172 -69 -545 -186 13 -16 -589 181 342 -242 167 257 -200 30 -108 160 -121 -575 158 65 -201 -170 132 -302 -10 -101 53 621 238
-219 165 36 40 211 -128 -85 225 113 852 6 -189 -163 -102 58 26 277 155 139 -7 -57 -92 -368 461 -262 -28 -343 146 -157 -580 -179 114 389 550 160 -45 246 -19 -84 -196 65 264 297 -263 175 -201 -313 20 495 -322
54 329 571 -449 691 5 -8 96 203 182 76 -339 148 222 192 -74 437 280 -35 142 -210 484 -71 309 255 -434 -65 232 -251 288 45 329 -131 65 65 123 169 330 177 34 -39 -70 59 -104 -26 174 -94 71 73 -62
-198 -297 -488 281 -304 -130 -70 96 -326 243 438 -81 149 142 176 200 -137 88 33 395 -337 210 -241 543 -9 341 -103 165 -401 119 16 67 -3 -88 196 127 -62 324 -155 75 -218 247 376 84 292 15 223 -417 -238 31
-55 91 -498 -79 -181 342 347 263 -327 -317 215 205 49 -60 338 566 56 -280 -255 123 -12 -6 -8 -283 -126 -23 -373 371 -22 -302 312 248 -23 -429 463 54 136 -17 -199 -242 19 263 97 253 -180 68 -376 224 71 -313
-82 -71 153 -216 400 -239 -365 -202 -66 460 -94 237 -165 348 55 232 -315 247 41 -174 -92 -27 241 73 151 84 231 159 -273 -103 89 172 18 128 158 -191 -103 87 444 -487 259 149 216 -225 111 155 -72 548 166 -244
-18 -11 -242 -82 -260 426 -141 -80 -109 -8 -467 175 -256 -124 78 288 -280 144 174 -418 -402 32 384 -25 -371 431 -52 565 438 -106 102 7 -14 -65 -133 4 249 -16 399 -99 240 317 302 -371 -554 214 248 -307 -304 -565
-260 340 367 -453 305 156 212 129 -319 603 152 -271 -310 -359 -46 -120 -161 249 -313 -203 -259 475 146 74 399 -123 56 370 -14 152 109 370 -153 221 65 88 -58 -156 88 -234 339 689 293 -146 -44 566 300 12 203 -40
35 -74 -77 163 77 189 20 -282 17 348 153 -246 241 177 -296 -78 -13 32 -87 65 163 310 -386 75 -391 -28 -108 -278 279 230 -61 -707 501 77 -233 -148 102 321 -458 228 84 52 10 206 -231 176 443 -22 90 -58
150 -637 334 -22 118 349 0 116 164 -183 -140 527 -195 -95 386 -27 -19 -639 809 427 66 -461 -213 -28 -170 159 -117 -126 323 86 -185 -135 -33 -634 -453 -145 192 20 176 269 378 35 -196 216 -59 185 -216 -266 -282 -354
2 116 -343 -622 -135 -65 424 245 -194 443 105 -41 -357 -532 -57 8 -68 -181 38 -329 34 -223 13 219 198 -481 -180 -123 87 131 430 49 149 64 -108 -104 -452 -160 141 -431 91 -43 -170 45 -62 313 48 -182 240 -169
122 -542 -576 -154 -605 -295 -88 -163 417 141 278 405 304 139 24 12 -378 160 13 -95 56 41 -201 348 -71 -393 -142 -186 101 196 371 -264 603 -284 -517 -121 154 360 -459 -407 -314 -123 109 -30 -208 444 288 -524 496 -477
-370 37 -87 -243 505 -45 214 268 -387 878 -79 74 -736 -326 -139 943 -459 -581 -16 -503 -240 -90 -90 -49 -40 -122 -36 141 -36 -1 -362 -126 305 112 347 77 230 -356 -71 -101 116 -74 163 -41 308 465 125 52 203 -188
-151 -206 -249 119 -479 220 -194 69 326 -325 -18 19 239 -194 -36 -284 -457 427 71 -343 334 306 396 -261 175 -30 16 106 -74 -121 -220 -108 -120 100 234 124 -202 -192 256 90 -43 -240 -749 38 94 141 -100 15 57 147
265 40 432 -458 203 -271 -187 -102 182 232 107 -12 -91 -249 381 188 244 -99 399 7 -420 -133 80 670 213 -396 105 -196 57 -261 134 396 175 367 -166 -51 215 198 -119 288 160 364 597 -143 -142 -130 448 -333 218 -146
-376 -104 404 467 407 119 115 418 364 170 -40 -53 172 551 237 -179 206 83 -255 337 53 301 247 -187 396 -145 280 199 214 -52 -301 274 316 -155 73 338 -213 -65 -144 -34 163 247 -9 -180 -312 123 -293 4 673 -21
313 115 -155 -215 272 -290 85 16 -456 -222 -87 130 -244 -223 422 6 291 -223 111 -95 356 -63 155 146 -107 -270 -190 -178 87 -19 398 278 173 -120 -16 -345 288 -79 59 -11 -42 588 601 184 -357 -51 244 -86 146 -458
38 -381 620 -135 -5 -116 148 100 -74 -519 -48 445 190 -214 -113 98 173 -155 488 18 -282 -717 265 238 290 369 557 -248 405 127 -94 135 -965 -158 -110 254 -286 -472 590 -155 -141 -598 248 -236 -185 -205 164 115 168 418
-86 -169 48 27 126 762 -185 -246 308 -347 -481 238 -325 -458 164 -19 182 -231 427 24 314 20 386 -50 -149 -395 344 39 540 156 -188 202 -195 -472 317 -356 -324 -58 237 127 349 71 -58 -110 -319 51 250 51 -284 130
156 226 38 -161 345 -94 -232 -268 -76 -237 167 104 110 16 27 -151 -20 -83 51 -11 275 -622 -294 -192 -349 49 -369 -123 -529 -60 -73 -295 -85 418 -238 169 13 149 371 78 290 -260 43 157 -7 -220 -576 77 -151 -257
-83 -331 114 18 -40 30 96 -121 -259 -1 -100 523 -74 331 162 234 -385 -102 337 -45 -307 -147 287 -37 -124 307 86 237 -63 -22 77 -143 -425 84 261 217 225 -355 376 -149 22 -164 141 354 29 159 -563 -71 -167 100
174 94 47 77 166 -371 -223 -380 185 495 -321 -110 -187 36 430 261 -575 -178 117 -434 -106 110 5 -326 -433 -55 -188 -124 251 -329 455 -20 551 483 -286 107 79 -93 -311 230 444 229 54 71 -352 589 114 -274 -52 -87
95 476 74 -67 -45 -132 -227 -334 3 -196 -103 174 47 -217 -341 -169 25 -251 187 128 505 -47 70 39 -371 -163 138 -158 -83 9 -298 -205 66 20 -76 -101 309 -589 119 226 222 132 -291 482 -135 -119 -498 261 -38 -350
-364 247 518 -22 364 -221 -231 -358 81 110 14 -172 208 -198 -11 161 -278 22 92 114 -16 651 -173 -16 -84 -84 442 407 -48 68 -150 -175 61 26 7 451 24 -309 127 177 466 370 -30 78 227 413 -106 -91 -268 -552
-341 194 -431 68 -400 535 -319 -782 -573 -190 -36 56 -60 23 -348 344 -451 492 -42 -110 -275 -86 -112 -350 -484 189 55 457 -208 176 -271 -176 114 106 152 356 106 -299 -16 108 71 -281 38 -16 -138 -118 -184 -56 -539 140
246 62 370 -437 89 2 307 243 181 50 -461 115 407 -106 398 -73 77 -146 288 -112 -66 547 28 -242 -162 108 -523 -378 284 -106 -172 -230 -235 269 219 26 200 67 357 127 -198 -200 -334 164 -130 148 45 -241 96 -166
95 116 -307 285 -18 191 95 76 -404 95 -25 -184 -95 24 131 353 -106 54 -363 85 302 129 300 -129 -442 133 39 413 91 72 -103 -671 150 12 -159 -274 252 -237 -572 303 181 10 -90 217 -147 298 -84 -22 -367 -238
206 105 -66 -307 -140 -267 -216 76 80 -473 -79 -315 375 -127 105 -28 -58 -391 374 421 -12 242 15 535 95 -5 179 -119 -80 -174 189 260 100 -339 8 -93 -201 449 279 -258 333 409 -377 -4 -56 67 26 88 13 -390
-362 -31 83 -574 254 207 248 54 -167 409 77 124 210 -112 -155 -267 -12 3 -147 -95 -638 132 -198 3 146 413 177 118 346 -316 -1 111 -36 132 163 -12 -320 -9 70 121 0 -26 411 32 -57 37 276 -222 75 0
-220 44 275 -675 -321 -209 306 164 -176 383 -30 130 291 -490 -175 -134 -529 -118 103 -275 -334 264 -77 179 205 177 167 -334 -441 -412 -219 349 -28 200 298 -291 -48 -55 236 -293 -67 27 -91 -113 397 -92 -1 301 203 -289
-129 -181 157 -58 334 -42 -89 -114 306 33 443 176 532 611 53 238 114 -180 62 378 32 156 -144 368 19 -177 235 -387 -115 -84 -182 -141 28 -306 124 22 -1 439 -28 -216 -377 -251 -163 559 -87 86 -53 139 303 203
-21 139 4 -85 317 -395 -515 -231 23 293 347 21 -315 14 -175 -117 34 256 186 -233 29 70 -258 44 -569 304 -166 45 42 -223 17 140 33 432 -265 223 307 -112 41 123 355 281 222 83 -338 492 -141 27 -283 -457
323 289 -42 -214 291 141 -107 175 -137 -79 472 67 -408 6 40 309 72 143 -36 -610 -507 -520 -398 36 188 -325 -325 631 130 135 221 332 -411 -24 -84 137 165 285 452 -312 -57 -136 197 -193 -70 108 -53 146 -348 57
-9 95 -328 -384 122 134 -168 86 -270 140 -207 -30 -528 -384 -112 166 297 -196 171 -144 24 4 252 215 -487 88 -13 99 -7 212 -422 328 -165 293 698 -207 280 -389 -35 393 -227 -117 114 -38 10 -178 157 332 -196 -78
172 588 140 -35 -228 404 139 369 -277 140 -87 244 -166 140 -105 120 63 -4 -488 155 -43 -423 -28 -14 66 207 -476 -39 -101 227 -368 -839 381 142 -201 -144 357 -105 -207 156 41 75 319 434 -92 59 149 143 514 -265
-276 -50 191 -1 -226 5 -144 -205 -12 -184 50 -9 -261 199 -200 100 -565 219 -504 -165 -185 219 97 -2 524 -107 8 320 -388 138 163 770 36 -162 473 402 283 -194 22 180 -135 -108 43 -244 429 150 248 235 -352 138
-82 314 -420 632 -127 166 -206 33 123 -411 213 -167 -651 115 -289 331 175 349 -67 -142 67 -276 170 -276 60 238 -120 135 -211 -122 65 51 7 -99 12 -48 34 -458 -111 217 29 -83 -404 -150 -114 253 174 371 -191 304
-115 -183 177 -92 421 5 2 425 -320 -95 358 -112 -61 -338 210 124 88 -548 306 -120 -218 -70 -368 248 112 -368 -78 150 -88 -260 6 230 -236 26 163 223 116 70 364 -53 -29 31 -14 156 59 -5 -21 59 -354 113
422 167 -256 -264 90 -151 232 -60 -540 -14 -104 -141 -451 -69 206 284 -50 154 -162 -291 277 -8 255 -270 -20 -38 -242 -184 46 368 238 -87 193 33 -121 -176 348 139 -152 250 -27 73 -199 311 -288 217 180 29 -126 -124
349 135 25 -121 434 118 206 382 166 -21 235 212 -396 603 32 -103 396 -121 -169 -190 -493 -242 77 -136 67 290 -504 268 440 -96 14 0 162 92 -128 26 187 -249 73 -93 -715 -49 220 -69 -188 -157 179 -47 411 83
387 199 -140 -93 157 -372 -28 286 -333 538 113 -162 -684 335 100 481 -63 -114 116 126 -73 -167 230 53 -340 46 -374 92 40 241 97 -85 92 270 -122 35 445 3 -352 329 455 252 92 -18 -193 407 -224 110 -310 -413
-39 14 18 552 -300 102 -42 -467 225 -62 -303 -580 158 -231 67 -213 -360 341 107 22 49 121 514 -272 -523 783 72 40 183 -310 -85 190 -170 165 242 200 15 -83 -188 246 326 -72 92 -334 -38 -266 -382 -369 -175 409
291 -294 -618 43 -3 349 282 -307 -30 41 124 -218 124 189 285 79 -451 -470 303 -425 402 134 6 -105 -331 -813 -574 -387 187 -79 710 -100 344 -140 40 -119 -65 738 -469 -394 -351 -318 -346 89 -332 -75 70 -505 -159 257
160 -254 168 322 -453 515 -2 112 311 -234 -126 286 154 393 188 -212 -342 -123 -269 241 -189 -595 173 -68 82 269 53 269 55 88 -99 -384 -2 -223 30 -179 -15 115 -8 -31 65 -423 -240 187 187 50 -264 241 -308 234
528 4 19 32 -112 -261 55 -485 -211 -52 -833 -510 -238 242 3 -138 -58 374 -297 92 42 652 607 -470 75 227 -17 101 -78 141 443 160 255 -12 -28 -424 654 281 -296 165 231 482 -268 -305 158 -197 -5 137 -683 236
-176 51 -224 -277 -129 -355 -640 -7 -361 10 -22 -522 145 289 -132 66 284 492 -153 -80 -407 456 490 347 393 -432 585 352 -185 278 -137 896 89 158 530 268 -105 54 339 88 -144 189 -45 -267 188 -110 -51 462 134 -43
68 215 -45 470 363 67 -39 142 -207 26 -71 -315 -622 294 102 239 355 -83 -24 -273 136 -354 -52 -370 -413 271 -166 408 410 122 112 48 -383 -17 3 397 84 -149 -102 152 -73 99 49 -165 -89 60 -292 -104 -265 -225
170 -217 178 205 70 -518 -313 -117 190 -157 363 -327 289 -12 -89 -332 364 26 121 284 -113 -589 49 206 87 259 570 -162 148 -429 131 -53 -209 -52 -122 -12 -187 171 258 53 151 203 -15 344 -63 -441 -72 250 87 531
47 -279 -28 -546 210 -5 -54 -262 60 -148 -201 98 516 -518 259 55 -37 -282 367 -242 -313 91 -188 -40 -655 -115 86 11 -28 -254 205 -93 -211 223 21 -67 -99 318 536 -90 33 -253 58 107 9 -74 -62 -293 -301 -411
-240 -71 -484 -17 256 334 15 -85 -74 18 33 -300 -21 526 236 -165 291 697 83 173 -155 230 27 -290 -228 87 -268 159 -193 512 23 663 -239 67 311 209 -287 190 185 8 8 -290 58 -436 -112 -46 -405 -284 -176 260
13 288 -36 -106 289 112 20 258 -289 294 -86 212 -262 -515 -259 83 -109 -113 -567 -94 326 -106 -84 -48 -22 254 -469 -230 -170 -33 -198 -305 380 283 -23 -120 180 -198 -79 -244 349 117 84 48 35 475 -69 398 523 -416
71 -785 -881 -241 -759 -237 94 -172 -404 194 595 2 510 37 -228 127 -28 438 -162 98 -228 166 -44 550 81 228 229 -134 80 291 335 -143 106 -318 65 -262 -85 628 -75 -297 -209 185 216 201 -42 -105 544 -145 53 -212
-1 -32 277 -110 -259 480 -114 -315 6 63 32 270 3 -215 -62 -251 -296 -94 306 -84 -257 259 63 240 131 -295 -242 60 365 52 206 107 163 -305 30 107 316 -154 109 7 250 152 716 126 -294 91 92 -260 17 179
-250 -246 -444 160 -310 -34 -344 -234 -64 41 44 -337 842 -268 -24 -170 -98 -117 -184 -70 38 146 10 188 -185 -111 130 -291 -181 -27 -203 -310 47 258 464 188 -6 65 116 101 -109 -398 -118 330 66 -449 129 -401 -475 339
79 -322 -860 74 -368 -126 -139 -291 -24 23 250 -481 274 75 207 -478 -62 316 -25 453 -34 182 -275 -130 -403 392 -194 -122 -218 175 31 86 257 134 -52 -99 158 535 -368 434 510 88 -146 44 -235 -186 -270 -578 -848 154
409 185 307 27 -137 108 383 -287 -501 -318 -191 -192 -300 282 143 -467 431 -47 299 487 -173 7 -186 -471 232 514 -172 20 343 248 220 -109 340 -248 -449 9 -48 -69 31 203 441 506 -49 236 -230 -446 115 -319 -626 -21
-268 171 -286 455 -203 318 -86 -94 -265 88 -91 136 -32 275 177 349 -269 241 98 -157 193 231 -268 -307 -244 -471 -192 -97 -122 1010 -161 169 -425 -22 207 318 65 -287 -38 219 -164 -468 48 285 158 304 -55 -336 -332 426
-84 -10 178 -174 36 -219 -56 -190 99 -199 216 -214 269 385 266 377 -27 -18 509 17 -318 88 -266 150 306 -382 -29 18 -215 -76 327 106 -330 -77 213 422 -352 39 176 192 -384 -828 -613 319 221 331 57 -223 -43 394
-59 158 -364 282 286 55 -245 -276 -110 314 -114 -422 -108 332 -211 58 78 116 307 85 -335 54 20 -258 -155 -145 266 -43 345 576 -243 227 306 315 151 294 -406 54 31 624 478 -231 -78 -11 -326 -262 92 -173 -276 592
115 -200 -91 -210 116 -74 -23 -191 256 -137 -119 -142 305 -82 383 -267 -31 -11 129 180 635 510 370 111 -189 -437 298 -421 -128 27 -10 241 10 -165 -37 -423 -70 312 -266 -421 -16 266 -484 -199 -114 117 -309 -95 43 -257
-406 78 272 -297 -101 188 448 282 -171 241 -465 335 118 -128 -192 -224 -173 54 237 206 -142 829 -145 176 324 -122 -276 -294 256 210 -176 135 49 256 247 177 -154 -101 60 -254 196 -92 240 -389 -77 361 96 -249 293 -86
-74 272 -379 -228 -403 351 -204 203 -533 72 -214 -201 -331 75 31 192 -221 -173 -77 -261 -509 -187 532 70 -151 202 -118 623 -48 -92 -105 161 38 225 627 -43 196 -181 321 97 150 -64 174 -23 265 -159 -365 235 -480 -400
154 482 -239 -1135 86 -300 -100 120 -154 -8 50 27 302 -656 -59 -19 106 -255 -237 -483 25 16 100 364 38 -566 -537 -545 -470 -171 294 277 -125 402 120 -60 -43 -79 362 -429 -412 -173 -140 -215 -362 330 135 168 489 -562
-270 -200 -78 126 -170 -184 -344 -198 302 -47 590 -199 739 485 296 -22 -76 162 -212 224 -19 248 -256 -215 374 -61 -134 72 -660 406 -210 -392 -273 -45 -178 614 -383 -82 75 114 -169 -887 -134 -127 347 -152 -523 -374 -421 181
-129 -146 442 66 97 171 403 63 435 70 161 -125 392 606 116 -180 -100 11 532 377 183 546 197 -6 -2 -172 187 -22 472 -368 -126 -381 205 -383 -115 6 -19 305 -17 -78 -9 -53 -229 237 101 -260 -616 -298 462 -355
168 -22 -395 -287 -426 22 252 130 -56 65 197 142 450 -98 -41 -108 -256 -502 -631 179 -71 -56 -592 18 205 139 -260 -291 45 27 175 -356 502 -152 -165 -208 -147 282 -112 -685 369 213 -55 273 12 171 76 93 129 -137
17 204 -116 116 45 -141 -139 -391 -278 -140 41 54 211 -78 -251 59 -168 -24 -119 146 -137 -197 -361 -428 117 705 -30 -205 -283 262 -118 82 162 -206 98 181 240 -291 238 -42 625 60 6 439 1 -88 -256 141 144 87
471 -219 691 -466 482 -525 317 46 180 -6 199 388 223 171 432 -193 572 -361 207 215 -361 -46 196 -198 377 297 165 -148 441 -594 16 -71 -256 -138 -86 -369 243 41 378 -276 -38 203 347 330 199 -369 -485 173 85 31
30 173 -244 -387 -200 -366 -329 -406 179 483 -121 -263 218 -577 -315 -493 -182 75 -122 -274 234 374 -155 443 -180 -286 -353 -306 -99 -80 546 206 293 377 -73 -62 -105 -131 -17 -581 -15 235 207 -266 79 3 6 -154 535 -325
17 -232 -83 -240 -218 377 -195 -39 24 -434 -111 464 206 -393 -10 -281 -123 66 -254 -151 194 -489 358 -26 28 297 -175 154 -158 46 115 57 -471 -107 38 7 -6 -436 414 -297 -76 -316 116 -110 -242 -153 -460 407 71 113
48 -143 218 -216 123 149 209 500 -523 -33 30 -155 -302 -333 527 151 45 -417 38 -379 226 320 447 614 187 -121 101 316 313 -308 154 259 -477 -77 512 -86 -21 258 33 -91 -371 544 263 -31 240 152 250 -111 -54 -669
161 385 -293 -264 -210 550 56 -25 -260 -176 -356 -494 -177 -64 -17 -261 225 8 36 -15 72 188 311 29 -115 155 -522 148 -268 410 332 4 -78 96 183 -201 -340 -64 -115 166 -227 -102 -87 -101 87 -163 13 61 146 -53
-421 344 102 4 -261 -333 -488 209 417 -200 223 139 177 -110 -356 14 -79 103 -639 -85 -224 -78 22 -11 342 -184 526 595 -474 -344 -251 494 -226 -136 255 266 75 -469 396 -123 -60 540 115 -78 650 -106 -235 470 123 -264
-27 -82 126 -290 -54 -103 61 267 -181 -29 43 -56 71 -338 288 -47 -158 -194 345 -127 54 36 394 441 30 -313 128 30 69 -387 426 795 -362 101 494 252 -49 141 -71 -210 236 500 185 -234 -344 69 19 -115 -31 -415
-288 -305 153 282 -486 306 -148 -571 -34 -224 -344 -88 131 -29 -55 -435 -45 -71 583 283 -76 678 248 -8 -39 468 254 -203 461 -499 41 25 524 -238 -91 -102 78 6 127 102 87 564 -259 254 -309 -209 550 -354 -402 -204
96 401 586 -802 549 -332 69 -258 285 203 415 278 146 -131 264 220 -102 -488 40 -304 -156 188 -320 -158 -51 -441 -48 -12 -561 -230 210 -40 -157 188 21 -53 4 -243 386 -91 140 -201 159 404 434 140 -466 329 -170 -501
-318 -416 -296 511 -653 368 2 -271 -4 -62 -122 268 429 -15 68 409 -490 340 -121 -372 327 201 308 -33 -212 -231 117 81 -154 50 -41 -527 -184 -213 93 51 -9 -96 -35 -5 -784 -415 -395 214 273 183 47 -278 36 -73
219 -397 46 -438 -72 -111 342 -152 289 -241 396 504 283 -43 264 -53 -138 -554 455 44 -145 -22 -191 -25 294 -284 -353 -723 461 -325 125 382 466 -249 -82 -50 -37 -155 -209 26 -210 -87 72 34 -187 -84 464 -430 372 0
-170 -312 140 -350 136 -49 115 241 111 67 154 30 638 -41 -19 -198 189 -355 171 299 -80 101 -90 147 -212 338 323 -385 -116 298 -235 -237 -586 -202 205 45 -403 178 366 313 -419 -518 -268 490 73 -176 80 159 -313 161
257 22 -227 105 -73 121 -67 16 140 -442 -33 669 -310 -45 -238 244 -247 -78 -331 -78 181 -389 -106 41 191 -1 -317 -445 94 -31 -99 151 -83 -128 92 -22 252 225 -265 -324 -96 -315 -58 -123 -621 372 286 264 42 665
346 -252 -153 231 -144 -312 -569 -240 15 -36 -333 42 -23 -58 -240 -283 27 241 129 -28 258 -172 -2 95 -102 224 7 -319 187 136 -2 89 387 410 -486 -32 -12 -83 -113 142 271 196 -149 -118 -389 62 455 127 405 207
434 329 -309 259 284 305 -212 -164 -254 -308 49 -215 -335 194 303 163 259 -141 -62 -299 354 -201 -304 -340 -362 -84 -765 -347 -43 193 -32 -134 -185 322 58 -80 139 826 -316 193 -196 -119 84 45 -80 -108 144 -156 -323 79
134 134 -242 113 -49 -22 290 331 -584 -458 -15 -243 340 -236 -96 266 -105 -119 -112 -60 50 -96 50 113 -364 -141 192 270 -271 195 219 114 -441 155 57 216 -54 211 96 -45 -115 -13 -371 95 -178 -274 -288 250 -385 -38
-269 398 -101 203 -446 339 394 101 -89 -44 -129 79 -431 241 -394 -185 6 220 -180 -19 -37 -468 -50 -246 270 51 -125 398 -165 266 153 -77 78 -135 -228 101 -295 -665 8 -81 -363 -252 13 -62 239 -411 81 -51 -35 419
-583 -157 -186 531 339 552 -115 102 50 95 26 -271 -439 -108 -70 74 122 -307 321 -23 -26 -299 3 -110 166 152 381 97 225 230 -312 330 -115 -578 292 -135 -96 90 62 329 110 190 296 -33 62 -260 327 -70 18 308
498 32 -149 -232 -14 80 -47 -17 -23 -89 -69 -273 114 -155 529 -257 -237 169 -101 -314 -122 32 233 -173 -80 -156 -630 -99 116 -42 211 23 67 26 102 -98 90 454 35 260 -134 -147 132 -294 -323 -11 -64 -276 -235 123
-68 -193 -403 87 148 -196 107 -20 17 -47 -27 17 400 -46 56 363 89 14 241 178 253 -28 -25 -89 1 70 263 -294 -485 15 284 122 -109 -378 -81 -267 -47 165 239 -124 192 22 -574 284 -160 -31 -143 192 302 -109
-82 101 284 -340 218 48 257 -128 -202 500 218 169 -411 -244 -33 208 -285 133 -253 -333 -234 -89 -76 -62 -64 -38 95 162 -55 -432 -8 -13 116 13 258 -316 101 -141 -131 -76 -50 41 391 -25 407 264 37 282 65 -101
257 58 -763 359 -298 241 53 -130 -506 -126 -19 190 -497 231 -92 454 -586 -3 -327 -146 375 -450 -86 -380 -188 -69 -485 172 -442 693 359 -271 60 -168 -312 55 -298 24 -239 227 138 -518 -117 3 -61 255 -157 98 -524 228
-435 578 173 175 -105 -261 -201 300 295 45 -122 231 3 100 -538 -62 12 -339 149 151 153 -405 6 387 -93 164 63 -394 -130 199 -300 -266 -113 -73 -289 141 -103 -606 291 -368 -307 41 527 -232 -98 -17 242 150 708 -270
-96 -190 56 149 -291 -71 -31 137 135 -352 -190 272 -163 -414 -97 117 -99 231 -158 -152 -105 18 72 -142 231 -36 354 167 -152 67 -156 -44 -220 -32 -258 135 -14 -262 178 130 -269 -12 -407 -73 192 273 461 -188 -260 196
-112 39 49 313 -180 -13 210 238 -40 354 -106 -285 310 335 108 -86 479 80 -274 451 -123 136 103 -155 158 613 272 -15 -58 197 -232 -349 146 -113 -65 -48 -83 -45 -98 -151 40 150 -116 266 -69 -334 65 33 -120 213
-504 -244 -19 498 -155 -368 -216 46 320 217 213 238 611 -34 174 438 -89 -238 -47 86 -555 -47 -697 -154 64 139 83 -80 6 -10 -145 -321 -162 -126 55 530 -164 -108 251 -200 3 -404 587 187 380 187 -267 -269 183 337
-449 244 98 -197 -484 -69 -250 285 228 -145 268 -389 515 -24 -112 -243 263 52 -149 22 39 89 258 215 217 -111 860 148 -236 1 -593 -357 -82 71 178 92 -612 -487 171 -68 -230 -293 -336 87 385 -362 -67 252 119 -292
29 -138 583 -276 281 544 -220 -179 351 -270 -28 365 -269 -431 11 -37 260 -45 605 136 301 128 -44 350 -115 -318 52 178 93 -220 -341 96 40 -94 -165 -389 248 154 69 90 440 212 184 -131 -97 54 145 284 27 -426
41 327 -56 -192 408 19 45 306 -222 -1 412 9 -488 -47 -215 -40 440 340 5 -246 -30 -179 83 295 -192 -200 -52 35 308 3 -159 431 -164 456 61 -31 -80 -257 -113 54 -183 256 399 -276 -493 80 407 153 277 29
-32 96 219 -191 57 177 -339 230 175 -281 186 141 -128 200 -29 34 -119 76 318 64 -275 -263 -366 146 66 14 -134 -92 -220 324 -304 457 -72 -21 56 274 -11 278 40 123 67 -45 331 -168 -146 112 210 271 567 56
99 -110 429 269 -182 410 -365 -586 397 -486 122 -16 345 53 203 -105 -146 470 186 -451 -101 238 231 -369 271 -12 55 -181 394 -203 -28 79 -302 -163 3 226 236 404 279 -27 -62 25 -161 110 -250 99 424 -306 -189 396
265 5 -398 705 98 -67 -194 -100 -261 -99 169 -210 -584 586 355 529 233 64 93 156 139 -356 -3 -237 -273 174 -573 37 -152 65 121 -27 39 126 253 309 337 -196 -271 468 -98 -64 -27 302 23 -221 -303 -141 -171 334
143 117 -165 35 121 164 -299 -475 249 -105 3 -286 506 169 235 -55 33 0 217 -460 -230 -14 -253 -536 -553 -300 154 109 285 371 -173 -119 58 -136 -95 -31 191 332 63 301 -30 -96 391 211 -32 -412 -210 -441 169 -102
307 29 635 -495 229 -261 -114 -226 103 190 115 183 -370 273 262 79 -99 -213 229 98 -561 -46 -194 -138 -97 181 -137 90 176 -186 -265 163 335 237 41 -32 409 21 -35 115 413 428 536 -166 265 103 -18 137 -31 -487
-161 -47 215 335 25 440 621 -18 209 -104 -232 311 31 144 -102 152 -243 -23 461 268 188 135 429 -797 -339 765 342 -147 -8 23 -208 -368 -291 -300 -79 -77 -251 -393 64 -1 221 -78 -706 304 -223 -80 -282 210 -114 202
-103 -72 -47 488 129 236 342 195 153 126 -37 -27 119 7 144 -96 -116 100 -142 113 433 347 -86 -367 -539 338 145 160 7 45 -236 -205 -186 -149 -26 -239 1 109 -494 105 -352 364 -330 172 180 -60 -359 148 -2 2
-51 -436 479 -517 -51 34 274 75 180 301 -267 294 268 -177 -201 -60 -473 -18 299 -64 -266 66 424 539 36 -35 139 -328 179 -44 143 240 -398 58 29 97 40 -236 239 -445 69 -469 115 -461 -85 331 -122 -151 283 240
529 -355 -198 -388 -136 316 254 183 -6 -478 -222 301 164 4 346 -630 421 -96 -28 66 -46 -338 548 -433 503 494 -389 -382 217 -34 265 -403 302 -155 -251 -492 -557 180 548 -158 -80 -306 -65 114 -304 -519 273 -8 173 52
-243 81 117 132 114 -24 -32 228 156 15 -160 -146 496 -60 198 -14 -304 -254 167 -81 133 501 -64 261 29 -664 -237 -229 55 -249 114 108 182 82 46 326 -39 24 91 -38 -75 -99 -337 -28 -59 480 -281 -362 443 -279
-264 31 99 -54 204 352 34 38 244 -72 -177 83 -204 129 -178 -63 125 -167 637 336 -214 -273 202 268 40 167 271 -212 124 40 54 248 -28 -375 120 -112 -543 479 690 -138 96 249 128 166 -152 -191 341 65 519 19
326 56 -16 -46 202 -35 215 104 -4 89 173 354 -225 12 283 630 -23 -288 66 -69 6 -205 -198 -9 -187 -700 -473 1 102 170 397 -207 -249 -111 -7 -46 360 1 -418 184 -54 -93 412 14 -141 430 -195 95 85 32
-264 577 273 -516 225 -261 129 -4 53 414 147 -435 265 -93 -131 142 -376 -269 -160 32 -314 592 -306 80 95 -64 23 -75 -49 -111 30 -211 -38 -55 246 93 -89 296 -14 -318 98 -57 183 161 324 364 -173 117 128 77
58 162 -193 -13 -272 -361 -224 109 148 -73 379 -261 319 572 -69 262 -403 -265 240 -382 -323 -101 291 259 244 -272 111 60 59 -246 410 69 -208 38 57 433 -80 240 -94 -198 -571 -136 -304 141 -195 -20 121 -56 122 261
173 554 177 142 -155 122 -310 -569 615 -393 -213 -290 268 205 347 -85 396 450 383 49 -40 329 354 -574 -250 -56 180 200 368 -276 -184 352 -107 -5 200 -22 99 41 166 258 76 366 -248 68 -262 -479 -311 42 71 20
166 -179 40 -348 -98 288 18 -44 380 -211 -236 34 -243 260 377 -424 146 417 199 -137 129 584 507 -77 49 -328 -12 274 200 -579 112 273 420 66 111 -615 -349 410 -111 -264 -353 143 -174 -348 259 -89 145 26 147 -286
-188 72 -255 612 -278 89 -5 363 59 30 -257 -153 -143 356 -285 262 -77 -170 5 -81 320 473 277 -158 -375 -356 478 231 379 430 -575 -123 154 61 167 161 189 -128 -427 587 -68 260 -396 126 120 -78 99 -17 -340 -209
-124 -125 205 196 -53 -187 -543 -122 644 -462 263 40 366 132 323 46 -31 -82 478 46 -84 -217 -477 147 283 -617 47 101 57 -314 80 -80 85 -317 -369 287 209 257 257 83 54 -15 -229 300 118 200 -57 -469 79 -112
207 181 -149 -197 75 226 -87 -161 143 -161 -193 -29 -242 -373 -140 351 11 209 178 -308 28 234 -154 52 -313 -85 227 286 292 65 -342 26 -40 -234 -42 -550 163 189 -235 113 -28 -86 -52 -299 293 -29 23 17 172 -355
147 126 391 -162 -319 -399 167 -99 -86 -226 -40 181 1 35 -104 256 101 -61 140 426 -74 -126 -147 184 6 -66 33 58 -338 -120 234 -540 60 144 -294 213 13 -250 -369 1 -149 -559 -30 102 -16 -2 6 209 -349 169
-145 -35 -105 141 65 16 -220 -220 -93 72 -161 326 -161 174 -164 490 -417 15 17 -351 138 45 136 247 -310 -273 65 -239 168 141 61 571 -260 -151 312 356 409 -392 -208 -102 -264 -159 377 -331 -483 323 158 -76 253 209
-242 -118 321 337 -243 171 -153 -63 508 -327 -183 -36 390 -108 -66 -139 -252 240 225 125 297 -155 -362 181 -34 -209 -3 -151 -13 -73 111 10 -338 -306 -464 417 -276 233 200 -508 171 -353 -261 -688 -212 263 -91 -304 24 54
670 -13 239 -117 -503 -636 206 340 -265 -226 224 421 81 199 157 -54 88 -570 -238 137 -174 -532 -152 -206 241 299 -81 -242 286 -17 -33 -728 -151 276 -460 -23 100 -178 -217 -59 97 7 195 278 169 -115 -25 119 -581 -25
132 93 -166 -295 -162 -102 0 -46 177 -37 476 -32 173 -86 -180 -157 -412 -237 -216 -153 -222 -115 4 -227 86 229 51 59 116 240 -343 -779 374 124 -438 250 -274 64 -61 243 -167 -277 -413 349 -213 201 320 -221 -113 -25
72 24 737 55 128 -269 -187 -205 112 5 37 -127 63 230 -167 -33 287 189 112 -275 294 713 43 145 -78 -95 176 -97 212 -80 -3 301 -407 -30 55 247 639 -120 27 -62 -662 479 -193 326 314 121 15 316 313 -102
460 -176 -45 327 -294 -108 -273 203 20 -134 -401 4 -166 -234 149 -142 304 -88 3 174 618 403 565 197 45 -169 -182 -365 256 264 -86 86 -206 -66 5 -318 396 93 -314 105 -269 578 -206 -19 66 19 78 194 25 130
-53 55 599 139 318 -4 85 -499 184 128 -578 120 -148 172 -26 -162 -403 1 174 227 363 35 -132 -108 -342 248 -396 -70 138 -76 343 -87 161 -22 -381 391 124 -421 -376 224 269 -346 216 -325 -241 413 -253 -411 115 -59
-146 -218 -501 -175 120 217 -325 -178 316 -37 933 342 588 296 106 13 -245 190 -87 -36 -80 14 -623 30 -139 134 -607 -355 -305 125 -232 279 -344 -109 212 254 -3 502 29 -234 -475 -677 -73 283 12 195 -370 -213 225 193
-345 -281 -77 -188 297 -119 0 -249 230 212 200 187 85 -166 219 44 -141 -67 216 -125 -19 -127 -470 78 -10 -126 -91 232 -278 -338 521 695 -162 -176 72 338 -258 267 -115 -413 -77 -33 184 -187 -80 105 -298 -320 246 -122
-197 63 -136 -344 96 -81 66 -431 -284 117 91 -7 313 -16 -221 42 80 221 478 -108 25 458 -118 32 -454 345 422 -484 284 -3 -197 -134 -145 205 50 -61 -180 260 -64 -338 -10 161 -152 174 -594 197 384 -149 73 -230
164 282 858 -26 208 280 -99 -576 110 -181 -98 193 -141 91 -198 -24 -110 29 141 140 -212 -185 -263 -219 42 -381 180 78 93 215 -172 374 90 -106 -228 179 610 67 -79 265 476 170 30 99 -185 27 -165 283 -281 260
401 -222 322 -188 119 -71 266 406 116 -118 -120 407 -258 -338 -109 -350 -8 -296 249 69 530 4 645 286 -30 465 168 -323 259 -258 -167 -185 -250 -32 -128 -587 -47 -164 229 -437 -107 371 -542 84 76 91 172 387 97 -336
-84 150 -45 469 -361 -375 -95 -297 -90 -231 -11 -235 -58 19 -322 117 -401 277 -62 -179 -166 -301 -217 -19 -25 283 -96 109 -26 30 285 -310 48 138 -583 637 132 -202 -134 134 16 -335 -8 -160 -337 397 131 -537 -75 232
403 272 1016 -385 538 -673 -408 106 208 -79 -224 208 -144 -249 301 -36 -90 -656 363 156 217 -140 210 319 -28 -74 189 -77 142 -174 -199 -69 -126 138 -356 45 539 -359 158 135 514 509 358 13 4 213 -496 308 189 -727
336 -209 250 -264 369 -251 308 -34 85 -482 425 531 -488 -3 -15 589 -8 -18 356 -303 286 -583 -223 -251 28 -465 46 155 47 -5 9 -46 -327 -107 -682 102 35 80 -166 273 -179 -389 -214 -140 -86 128 122 -24 -101 -126
81 27 -169 -322 -381 388 -138 214 -291 -734 163 38 242 -176 147 431 -243 -471 288 -441 -241 -311 475 490 216 -318 54 -22 -62 325 58 23 -403 -258 132 200 -107 172 326 -35 -680 -394 -164 145 -355 122 623 -120 236 -248
237 183 330 -149 -137 -180 24 -280 -51 68 261 -150 271 -161 200 -12 -440 120 61 -567 137 342 172 -200 -160 -85 37 -137 123 -64 63 -229 -198 130 -247 -19 276 -115 -360 5 -263 320 -144 192 56 258 -47 -216 149 -364
-101 -65 -269 -86 -525 -206 -270 -259 80 189 204 -14 13 103 300 248 174 20 467 438 -421 12 30 -77 -75 234 205 216 172 -561 149 162 366 -52 170 -77 2 -299 -238 227 392 591 125 461 58 -170 -132 43 46 -105
130 558 179 -206 551 -54 -30 238 120 244 -449 24 -191 89 66 65 -75 162 -707 -311 64 -146 243 -551 -294 101 -7 172 -262 380 -274 -125 -265 235 55 -284 102 -4 238 154 134 151 378 -184 244 109 -201 343 182 -352
242 188 -125 -243 141 69 22 120 -307 -183 -79 -44 94 428 5 2 35 65 -214 -133 -166 -305 385 -51 -111 121 -159 93 -339 239 -15 -154 -296 370 208 39 58 656 411 -18 -480 4 -75 254 -38 -162 104 220 86 26
-273 -356 -368 14 -357 712 354 45 134 -99 -105 -107 -74 -159 85 -171 116 153 455 366 -221 93 -210 -26 186 241 151 169 258 340 -172 103 164 -503 -35 -415 -503 305 375 191 304 47 -226 -11 363 -157 424 -419 -116 19
-214 536 -32 -111 534 -42 -206 50 369 -9 -38 -195 -261 -137 25 120 90 16 -86 -132 -203 -299 -201 -233 -243 50 0 461 -211 -446 -105 435 -6 215 181 -44 82 -310 238 -79 353 222 117 -233 113 -88 -342 187 132 -62
-161 136 -235 73 -220 255 -182 -129 -208 130 -255 -62 60 138 318 84 -88 -76 -56 -93 17 461 467 5 -75 53 74 378 44 110 258 -25 138 123 182 -70 -215 95 -79 -123 30 461 639 4 -178 -187 379 -21 -121 -218
-44 -394 -7 66 659 82 65 131 34 138 27 352 43 229 111 96 430 -294 67 434 8 -285 -110 424 -47 59 116 32 108 305 4 159 -148 -497 141 -257 258 292 233 -253 -10 -15 494 110 -186 -108 -86 152 95 99
4 -140 -430 224 -295 127 298 -372 -124 -443 -275 -18 -151 -499 -368 -185 -202 384 -237 -207 85 -206 71 -516 -148 496 -109 -202 99 136 213 171 151 -400 -263 -208 158 1 212 -190 -26 -4 -32 -367 -207 -197 71 -52 -157 182
407 -105 512 -197 777 130 -2 -548 351 -256 -241 47 243 524 380 301 280 -120 664 341 87 425 156 0 -118 -187 19 -155 -34 132 51 151 -157 -465 -17 -201 520 424 158 319 -111 -93 -619 540 17 23 -403 -164 185 -90
15 151 381 -420 -462 153 229 200 3 -217 -87 222 -150 -442 -121 230 -154 -297 260 -165 -527 -140 118 333 49 366 -158 151 146 -552 201 235 -271 22 104 189 131 -293 74 -274 -94 -117 330 -353 -118 11 44 143 140 -250
-151 521 -250 104 -191 -389 -143 583 -295 -51 477 -147 -260 -244 -218 50 -19 -159 -447 -299 164 -657 -432 -48 252 -136 61 -324 -641 296 -283 -474 -132 371 -13 248 -355 -512 -159 112 -221 -33 -182 141 235 140 365 214 155 -54
127 -36 106 -208 -11 -99 -159 618 33 -51 -285 -8 67 144 63 56 -95 -56 -34 77 -52 121 379 391 241 -511 -10 142 -228 361 37 725 -636 174 492 169 143 356 -37 151 -49 273 223 -371 257 54 -20 279 148 235
-197 356 206 395 -89 432 629 577 -203 234 -338 -358 -203 -286 -132 -335 215 260 -219 294 362 -31 -522 163 -140 290 -237 117 199 -303 49 -174 -179 60 -169 43 -347 331 -120 -197 366 362 -107 -218 -74 126 247 -379 -89 23
-645 358 191 -194 -407 204 156 -438 342 162 -657 -23 47 -85 -500 -426 121 343 129 488 102 1030 -102 -112 13 199 478 68 71 -316 -53 440 439 94 218 -388 -593 -577 -214 54 370 513 -357 -278 293 75 494 290 146 -317
-8 -297 2 -241 -150 228 -87 -225 162 -245 127 352 342 -299 380 -184 186 21 377 -354 -319 -248 45 52 152 -126 -175 -335 149 -365 161 -71 95 -12 41 -77 -80 147 285 12 -639 -190 295 274 -294 -127 469 -328 472 158
34 52 321 347 154 -351 450 309 299 115 -300 -93 -217 492 -42 -155 391 215 50 684 225 10 187 -50 119 385 -129 -193 -170 -604 216 466 -273 -143 118 -156 -78 -79 -4 -237 -163 12 -447 -421 286 -367 -538 372 -113 420
-227 39 27 -223 -403 278 -37 44 120 -157 -180 93 273 -211 -19 -333 -261 -453 561 -26 183 169 102 453 -390 97 152 -79 398 -167 -148 -92 -437 -48 280 129 -506 59 212 -339 -96 -205 -26 -61 -3 11 -147 -407 -106 -526
134 -52 714 -37 89 -606 -80 -12 -66 -156 29 37 95 243 -138 72 -217 -15 232 25 318 3 -25 345 53 -141 293 -4 -259 -355 315 -166 -196 -43 -474 195 46 26 22 -444 36 45 -230 -17 190 423 -190 244 155 -358
110 81 308 -345 -61 126 -94 -200 435 278 -221 166 -16 314 180 -371 268 43 779 523 -93 316 -102 53 -94 -191 -347 265 455 250 -45 233 225 -66 -258 -145 -42 92 180 244 243 351 177 -27 -28 -132 -101 -59 152 -313
-621 28 -324 164 102 -201 -50 46 155 254 303 79 -12 -235 -246 427 -181 71 -180 20 -152 -36 -220 -149 -9 339 325 -167 -268 -197 -292 -62 124 36 239 -33 -260 -694 66 -72 79 -115 46 162 307 311 40 332 587 318
307 150 304 -348 -248 -263 -91 77 -28 89 170 -387 -132 33 -87 -72 121 -228 -3 314 -267 325 404 616 -125 15 432 360 247 -132 -60 -191 155 -116 61 -423 390 213 -97 264 240 579 313 200 356 -21 33 284 -331 -630
15 -3 59 367 357 296 113 -499 441 -186 133 -125 235 11 -33 -318 -328 -55 288 304 549 -136 -325 -170 -414 -22 -92 -146 -64 137 211 -471 265 -534 -751 -211 170 545 -151 48 229 290 -231 403 -206 187 -303 -365 433 -180
172 -259 239 1 -17 -58 -151 271 446 -249 243 260 112 471 434 -43 325 -304 655 315 2 129 137 -250 283 188 -380 -237 107 61 -286 -391 -187 -71 -447 203 -15 -341 199 472 29 -286 -200 237 61 37 26 -481 -192 -7
405 98 321 -105 297 35 78 110 -429 -172 67 -312 -427 -366 -136 93 165 -130 235 -155 176 -258 206 172 -275 -284 300 162 357 -36 -234 -139 -83 455 -337 51 363 -58 -151 120 469 382 -280 -10 -454 -68 33 78 -371 17
82 -193 506 -543 452 -6 230 166 -17 -121 251 278 360 284 61 138 -111 -356 192 70 -128 229 207 -79 15 108 138 -121 -16 66 -448 -162 20 376 280 480 -11 -263 -3 360 14 -748 -640 411 -316 235 -271 258 123 -282
0 -156 -325 140 -254 1 203 -369 -228 231 -96 -404 167 59 -96 -49 -610 -46 -138 -479 129 432 23 -560 -135 -27 223 49 -70 336 389 -252 368 -200 -255 -312 -84 30 -161 -151 -178 62 -483 177 371 10 57 176 -242 28
-38 143 -16 460 -258 113 14 -313 448 -27 -164 -117 340 326 142 -92 -24 173 -432 185 170 44 -24 -303 -64 -73 133 371 288 -284 450 -113 536 -246 -571 209 -49 185 -628 -138 335 282 179 -80 -413 -175 -420 -368 185 -225
-40 121 197 139 -25 12 -106 -57 -48 144 -218 -359 171 -223 115 -388 114 -325 61 67 -56 178 -216 169 -20 -182 8 89 514 -389 207 119 -113 158 331 36 -215 360 199 -83 203 310 160 181 135 -195 92 -110 -455 280
286 199 -398 19 -74 63 504 -312 -435 141 -223 42 -170 -205 -274 -160 -155 200 -358 163 631 453 -434 -593 -495 183 -279 -600 168 342 -399 -551 552 226 50 -600 89 215 -768 60 399 94 -343 157 -21 16 -134 108 -137 -176
57 -49 -184 -404 54 238 114 92 -174 -229 131 345 -220 -367 -54 187 313 -37 57 -399 350 -86 -637 211 -234 -739 -379 169 -49 -23 310 -129 -53 -183 -285 -148 62 143 -90 -318 -679 -250 -222 234 -49 194 292 -59 -86 -304
119 383 318 46 -227 -139 397 250 -144 -250 -196 211 -60 210 -405 -534 150 -495 143 388 84 -51 -129 166 362 -59 -515 -602 293 273 101 -385 26 -206 -121 319 -158 52 266 -166 -395 -116 115 153 -54 -96 107 -306 194 -49
233 54 70 499 -29 118 53 236 180 -385 112 328 -465 26 192 632 254 -69 187 -90 265 -868 -143 24 189 -598 -102 -60 109 117 184 143 -275 -458 -31 74 204 -33 -286 132 -335 -234 138 151 5 -157 162 67 329 455
76 276 260 185 253 84 -144 -146 -17 40 200 18 -331 -40 152 199 -68 293 -227 -146 -54 -223 -128 -183 -127 -38 -28 397 240 -86 85 319 -397 89 -145 317 210 -121 -404 513 404 180 689 -296 -122 13 -281 -261 -318 15
-262 299 -50 543 -309 30 -273 -73 -185 -221 194 -64 51 -349 -185 323 166 -11 -262 -332 437 184 -752 102 15 -579 -46 -214 96 -95 -305 -118 -417 335 183 401 -83 -147 -589 11 -345 -97 -200 -85 107 118 426 -216 -309 188
-148 -346 147 -337 -58 145 384 -84 -17 -16 -3 380 470 283 -1 -436 354 -29 93 158 -563 379 -399 186 89 71 58 134 55 -150 354 325 -175 -201 99 -148 -41 119 404 -207 -536 107 448 299 314 -422 297 -315 -286 261
-427 -79 363 -259 116 -91 -43 98 588 248 -78 73 46 -211 151 -37 63 75 128 19 127 463 -101 109 337 -353 137 59 -236 -468 -28 -114 44 -60 -89 -138 -295 -134 111 -108 -280 209 -93 55 759 151 -146 -160 833 -320
-175 309 180 93 -328 -129 308 -142 314 168 -322 -130 691 -117 -446 -216 -86 121 -279 239 -206 292 51 93 256 7 210 -355 253 -138 -65 178 193 121 249 86 38 -4 -286 -99 40 115 85 -320 -217 -278 239 3 550 348
519 -161 -199 439 334 63 -21 1 239 -287 135 -56 158 182 347 187 -286 -201 65 -365 388 44 465 -368 -426 292 -58 -371 8 -120 -301 89 -284 21 332 -280 666 99 -298 351 -103 178 -302 36 -211 -362 -366 196 6 230
68 51 357 -437 78 -303 -160 22 117 -84 -90 161 -59 -243 -83 -48 -44 -189 -390 98 -121 -26 150 41 529 -42 -24 -335 -264 -169 -219 7 393 -34 227 -218 103 -31 444 -318 74 -6 58 293 558 174 177 339 614 -82
315 -219 38 -237 -85 -173 121 214 102 -360 -214 149 117 -196 412 -504 499 -147 -158 68 33 -299 247 -182 -66 37 -42 -59 -50 26 -95 -261 -204 26 -223 -315 -153 -8 464 208 -525 -312 163 -99 297 -589 -6 -271 -428 -221
-55 92 175 -72 42 -208 -322 -367 443 -118 229 287 174 -136 -53 512 -9 -268 138 -227 -207 175 -400 -560 171 -68 568 49 177 -2 -189 -467 189 -336 -477 66 -8 -413 -40 248 451 -48 -118 544 243 149 -140 -14 11 -280
27 -612 -335 56 -612 -354 84 228 118 457 182 189 222 104 -323 -207 -377 273 -339 -147 164 58 318 100 -175 293 -13 -86 409 -145 -298 -616 615 455 -245 93 418 -152 -547 78 -86 -62 39 -110 -276 107 -29 26 326 -199
-16 -197 -477 122 212 69 216 623 106 134 -137 177 -59 150 57 107 -47 -288 149 20 173 -355 123 213 -291 504 -66 -528 70 325 -386 -437 -67 9 44 -282 -352 419 227 -207 -374 -362 -183 14 -86 221 136 -35 602 -182
42 -230 -425 123 48 352 -272 -278 60 -252 495 -16 -177 140 438 -125 312 602 -81 154 -164 -168 565 -328 -109 321 -62 448 -291 -51 -277 75 281 -212 90 -438 330 -160 -36 732 -57 -1 475 160 72 -433 -121 -178 -310 -34
258 -117 -97 -250 145 285 -19 -306 -132 -49 -137 -6 36 124 363 17 -106 65 -359 -479 133 207 -98 -603 -232 -355 -179 120 74 -87 5 -549 145 210 -303 -337 1 444 -267 -151 -289 -189 -169 7 280 173 -217 -127 -161 -122
-115 173 28 -167 130 58 187 -123 -36 581 -583 -498 197 -540 -260 80 -376 -25 -125 139 83 397 89 67 -414 526 -35 -419 119 -54 -192 113 -2 274 373 -216 49 -32 -355 -152 526 121 -45 -539 -120 74 -111 170 538 42
-8 241 -311 -270 107 -186 260 -74 703 541 407 -78 214 291 -58 -320 -355 -286 -309 -72 -220 -187 -395 -225 151 33 -378 -189 58 42 199 -230 725 -157 -217 -254 -194 -197 -282 -136 -57 -218 90 114 250 123 -158 -167 723 58
131 112 -117 149 189 -270 -52 261 -231 -215 221 -142 -407 171 -101 -66 437 -108 -128 80 -43 -360 388 126 297 145 78 352 190 55 309 -45 19 -144 -135 154 61 -138 26 120 -10 384 342 116 -338 -4 383 -69 -33 -116
-107 -35 491 599 345 -186 307 157 259 7 -60 6 -370 39 48 48 157 66 223 141 26 252 -297 -190 91 201 -44 -18 -146 -311 -117 146 82 -142 -159 124 145 -204 -66 81 -216 15 -341 -71 289 108 -41 -110 -151 332
172 -232 -241 -95 714 83 -52 181 7 -269 158 249 -386 223 182 677 322 -189 261 -403 -74 -440 19 -561 106 -77 -151 338 231 -13 -155 250 -281 -76 -92 121 142 -191 199 260 -22 -633 -372 -33 26 -84 -403 8 -65 13
-39 -448 62 34 450 -247 -21 115 124 510 176 180 -54 287 -34 138 68 -147 39 -37 489 6 -402 334 307 -710 81 -155 -152 372 130 -124 -63 30 -314 42 -145 -17 -213 -113 23 -368 -292 115 217 397 -9 -140 317 91
-200 -88 -60 101 -236 171 6 168 -166 0 90 -71 318 99 201 -389 -26 -224 -126 -54 311 575 -29 274 122 -711 -49 296 -57 -85 234 138 123 -103 153 67 220 161 -74 93 -376 496 -34 607 250 -146 22 -387 -198 -263
474 109 -43 -414 165 -79 -260 -295 211 -150 479 -395 -75 3 175 22 150 -66 421 -403 -265 -169 333 -336 -181 112 232 176 290 157 223 421 -236 89 14 -39 -38 -62 -199 317 308 285 -65 43 -450 -127 -166 459 106 -22
-241 -296 354 294 -75 171 -217 111 260 -86 373 300 119 -43 -224 80 -54 67 -31 239 287 -140 -427 340 64 363 179 207 -125 204 -526 -347 -588 -112 -225 261 152 15 -138 92 46 -114 -15 51 578 120 -334 -2 3 -290
320 -494 352 142 -216 -53 -131 229 239 -56 -42 222 -20 -199 -20 -122 -134 -74 -106 -52 373 25 439 145 137 -225 446 31 -261 144 -451 -60 -159 106 -234 -367 372 -197 -22 118 188 -66 -362 -3 647 -320 -372 297 -513 -16
89 -319 -247 -384 448 -140 39 423 -178 314 115 95 326 -243 157 -641 110 -195 139 186 172 -270 -179 401 -323 106 -195 -290 196 -126 -162 194 78 600 241 -67 -138 216 -12 253 360 -81 228 137 -338 -67 -222 -129 133 -69
-277 -458 -321 101 242 -3 187 -282 168 293 201 -11 245 142 -203 44 21 223 95 -91 -90 252 -333 -102 -358 204 522 -67 437 -282 -7 69 380 27 -74 -18 -402 245 -100 -22 -29 -19 -528 241 -202 94 243 -313 315 -243
-226 -59 33 -131 219 102 532 9 307 431 266 57 8 557 78 -66 -316 496 -65 -60 -293 463 -300 -351 108 -137 -200 227 -145 -54 193 352 237 -319 85 64 -395 417 -53 -363 -241 -173 -135 -339 315 400 -338 -188 409 -166
-115 584 415 -97 -265 -32 304 -81 -368 160 -42 224 -192 -295 -588 -129 16 143 -317 175 -210 0 -93 105 92 13 -4 -68 -115 -554 22 326 276 384 -16 -66 357 -359 -252 -234 376 714 499 -46 -89 -246 347 189 -144 69
67 -73 -84 202 -453 -276 54 183 -516 -241 -149 -93 -50 7 -495 189 481 197 -287 47 -142 -437 314 164 289 -291 859 205 -81 282 54 -125 -6 -262 -375 -196 -75 -253 77 14 -193 304 -132 -123 272 -358 315 286 -97 -171
375 -243 -97 566 -6 -448 -192 399 -255 -409 -176 448 -28 289 20 309 -224 -16 -635 -11 519 -477 12 -267 98 112 -119 -205 -101 397 -231 -502 -243 264 -137 228 127 -128 -415 265 -42 -459 34 -123 57 99 -64 193 147 27
90 -354 -301 101 -91 12 175 372 -133 220 -142 76 424 106 -147 -513 130 183 -788 412 186 -46 103 72 427 164 -63 -291 -219 486 -375 -576 265 224 -19 -280 -149 300 -76 144 -99 -462 -378 33 -109 -24 132 180 72 311
252 -152 -26 -23 342 42 -199 -241 -134 71 125 -54 -446 426 258 203 -197 -389 344 -297 -84 -231 486 -320 -262 315 47 25 242 158 262 320 -29 -94 144 247 96 -133 -9 20 234 156 233 318 -393 -140 -199 36 -74 149
2 171 229 -57 278 151 -196 107 82 74 59 -88 394 329 54 60 319 -108 -17 259 -158 67 -258 65 -16 -790 196 294 7 542 -642 -5 77 154 -8 258 244 114 34 507 89 -47 -83 145 218 -317 -372 -153 100 -229
227 454 16 37 274 175 294 -83 -393 -244 -150 -234 -688 -209 -521 50 209 329 -326 -397 103 86 229 -423 -60 -50 342 274 427 10 190 441 71 -324 -39 -365 251 -243 -241 183 43 537 -5 -337 -248 -269 117 602 -150 -61
-397 -221 -298 -348 128 -244 -263 289 -117 216 443 176 266 -373 -103 448 -8 -322 213 -337 -567 -533 -375 378 -362 187 163 224 -103 -25 -460 -196 -242 279 262 465 80 -331 440 288 -223 -602 319 129 111 -35 -97 -195 81 -485
-298 266 0 214 192 421 435 -9 -197 -20 67 -61 -357 -149 -232 41 -84 297 -71 -255 -18 -371 -461 -366 -207 428 -231 129 -189 -261 139 237 -69 -16 4 157 -111 126 335 -145 -77 -124 -321 198 -217 119 91 202 14 334
-247 -33 -452 -358 114 -129 304 156 8 131 775 313 -46 -121 -118 444 -83 52 168 408 64 -112 -576 443 -70 401 -329 -303 -645 26 177 8 -212 -122 180 121 -630 487 218 -834 63 -317 -266 151 -341 567 -80 406 334 -126
209 -107 230 -159 -223 -483 190 361 -152 -105 66 -39 5 -472 -61 9 8 6 334 -20 -535 -585 -149 43 429 540 221 -382 40 275 -480 -48 -284 219 -127 107 49 -138 425 90 -91 -133 -358 -46 163 -126 368 68 26 472
-29 -199 -597 344 98 -58 -32 -158 -245 4 286 100 -269 -327 223 175 222 52 -186 -156 41 -557 -160 -129 204 -26 124 21 -83 -68 -76 473 32 66 210 -170 25 -317 -326 171 11 -47 84 46 20 -359 -4 -177 -273 630
253 337 -79 -154 17 -218 -277 -81 254 -516 355 -50 415 -70 61 84 276 -592 17 90 216 -203 -222 186 -127 -467 94 -116 -210 42 71 -545 106 -390 -324 -335 -19 137 135 -23 -508 361 -71 477 241 -248 141 309 314 -522
51 -228 294 298 5 252 264 -400 178 169 287 116 78 40 230 -23 -568 397 126 -339 80 606 -335 -476 43 110 -436 204 423 14 -187 5 2 4 -147 379 494 -91 -750 618 41 -262 -75 -178 -88 382 -285 -654 -79 54
141 170 445 -280 -196 -228 -551 -547 15 210 204 -101 426 49 122 337 -122 30 29 44 -237 -32 -75 489 206 -136 223 -121 -380 210 -59 -663 -107 -18 -323 -188 229 231 238 -474 159 -222 212 266 363 276 -169 193 30 -181
49 -447 42 -20 96 267 15 -232 -249 295 -428 385 -460 -67 -431 17 -152 139 -214 311 417 -5 -44 482 78 -28 -32 -55 -169 337 47 242 82 -58 -179 -213 38 11 -184 -436 142 -255 -405 -286 -23 196 -66 307 -166 330
-52 -155 -56 -73 20 35 245 62 610 439 -211 -14 21 -84 445 -481 176 -58 164 334 658 522 -409 195 -346 -497 -251 55 115 -178 235 -92 378 -174 -257 -370 -392 130 -406 -63 80 140 -211 -146 207 185 -212 -651 60 -737
464 -146 -746 -274 233 190 220 -287 -486 -298 -68 -76 -364 -139 207 296 -39 94 159 -311 100 -246 465 -590 -159 73 -266 -161 -21 149 454 441 118 -253 105 -463 233 345 4 229 -95 -31 -400 562 -449 -211 79 111 -29 536
-210 -30 -131 27 -108 209 168 57 -251 144 -451 -50 121 -545 -77 -428 -54 -9 -155 254 208 93 -120 -68 -478 484 -378 -159 377 67 -139 -585 20 223 225 63 -337 100 -4 131 -62 32 527 -285 -229 -142 252 -147 55 -153
-29 -76 399 72 289 127 -118 -61 271 -383 303 -87 -94 250 -1 72 -96 -471 760 29 396 -31 -134 -29 -10 -358 30 -43 -51 -154 107 -110 -352 -434 -321 227 -144 159 415 -4 21 -17 -612 212 147 63 -279 61 -80 -265
-464 -58 91 -81 -495 289 90 -253 310 55 132 339 113 -350 114 -160 -95 160 132 -215 -164 123 -118 193 278 -340 -181 166 176 -352 282 392 14 -88 -89 190 104 -418 -287 129 -131 -182 455 -260 -82 251 113 -701 55 -256
187 144 -68 -129 -17 -15 6 76 133 -105 214 243 -256 -234 -139 220 266 -104 -82 309 -120 -358 -273 387 213 -4 -220 -454 -16 46 -354 79 403 231 95 -60 -45 195 -723 398 -149 -239 44 -124 -399 66 723 169 212 349
54 -219 -150 293 256 -70 212 433 424 349 -240 423 129 486 293 54 -419 -380 179 22 496 -194 -24 -213 -278 -434 -282 -365 11 399 -76 -421 74 -118 -429 -20 -122 195 -168 -137 -302 -372 -191 31 -37 202 -508 -263 414 48
-351 77 10 82 478 386 216 26 -141 -3 -33 122 -282 -206 115 414 395 138 -263 212 -519 -213 -89 -438 34 102 428 686 -310 85 -242 211 -178 -276 298 -198 108 -6 245 187 213 208 374 74 280 -275 -245 218 -266 80
197 -233 -62 27 -97 -306 -188 64 315 266 423 95 -252 -215 -217 29 127 -158 -188 93 420 -477 -382 580 206 -29 197 30 -87 -183 341 34 -27 -232 -474 -273 -185 72 -434 -420 172 341 52 -62 202 -14 -26 418 287 59
-25 472 154 -193 622 -306 -212 109 -261 -72 -101 -299 -230 -165 15 214 214 -124 -85 -198 166 112 -38 55 77 -128 -36 65 88 -108 255 330 -43 41 132 151 146 -26 318 -239 397 419 104 45 -470 386 23 470 83 -162
-122 183 297 -134 73 285 239 24 -239 -6 -167 353 -146 -441 -171 216 -154 -63 -84 -16 42 -94 -247 -216 306 52 -377 -184 -219 100 -176 -232 37 174 -223 360 -210 67 259 -298 320 -276 -104 -107 -370 312 329 -90 139 -29
125 44 -378 399 -274 4 -26 -70 -55 -14 45 114 -298 94 46 263 -365 667 141 -36 14 32 147 -474 -139 550 -378 21 -38 197 -7 193 -8 16 213 -16 318 -118 -68 458 428 184 192 -3 63 206 -435 252 440 -16
-435 112 64 -155 453 -198 -114 107 -121 317 357 120 -427 -229 -159 783 -194 312 71 -230 -342 159 -167 -101 -79 251 540 550 -52 -384 -328 73 54 192 216 291 -77 92 -141 172 277 307 -122 237 -173 699 206 395 206 -281
148 399 174 220 -74 -140 -96 26 52 99 -590 -3 162 -114 190 285 398 -420 -93 345 299 157 48 257 -136 -531 -482 -337 156 -37 -27 -487 34 149 -219 -154 336 -168 46 -50 -207 98 281 -159 160 -220 -63 -217 136 -268
168 22 -162 -134 -372 196 45 60 -129 -467 -17 201 39 112 -191 -218 -45 -234 310 53 -84 -510 227 -23 45 200 -72 -75 117 232 60 278 -200 -204 59 265 -222 -285 260 66 -249 -269 -99 81 -401 -503 -31 116 136 281
273 450 217 -51 298 -90 -180 6 -40 -143 -9 -124 138 238 -65 454 210 -188 75 -73 -261 -97 220 -483 -341 369 399 -27 314 145 -631 -405 -105 133 67 -105 89 -267 224 25 534 105 -236 174 -173 119 -331 637 132 -271
30 114 -181 -245 416 -198 -384 -625 -134 -71 123 -410 120 -266 66 79 -223 -32 -236 -469 235 169 -242 -260 -45 -246 -293 -391 -184 32 303 199 -75 28 275 -56 102 119 94 20 -87 -121 -174 174 -52 304 125 186 91 196
238 141 -30 -24 -329 136 -30 35 -175 -117 -137 -103 91 126 -649 -470 -170 574 -679 -35 269 171 265 73 -159 48 -1 291 151 -72 -76 412 -118 226 288 136 354 -124 -378 191 -83 45 -374 -176 -28 -81 -530 549 149 161
121 225 462 -353 -154 -260 524 49 -180 58 -142 -313 249 -420 108 -670 -132 408 -347 225 62 134 -360 27 18 274 -169 -104 -170 -260 494 -13 5 219 -207 -60 -295 199 -145 -350 237 160 -84 -186 123 342 -110 -13 -111 -119
-21 484 -438 237 -52 203 -170 -364 -194 -247 -50 -70 -33 134 86 465 -34 -17 27 -267 282 135 -262 -461 -404 -482 -282 -104 -319 -192 487 -122 67 -98 47 -145 -37 93 -194 -121 67 371 26 169 -146 108 94 60 44 -281
-81 -33 -148 -569 -51 -35 -299 118 -298 352 78 -68 -155 -168 30 -274 76 5 228 91 -518 -296 -178 410 156 -12 -231 508 -132 367 301 626 -167 178 51 243 -228 -433 347 353 373 -200 359 -157 -31 117 -214 20 -221 -49
59 432 146 -59 -308 -74 -402 -61 -524 -331 -403 -290 -153 -262 -359 -192 115 -211 141 -28 -428 52 252 256 -103 140 104 118 287 355 -150 687 -300 379 316 385 63 -801 102 345 -73 158 114 -388 -300 -194 196 356 -454 310
363 306 -62 -297 281 40 -209 -245 35 -131 241 -33 -290 82 -18 102 283 46 652 -369 187 158 239 -36 -110 -241 -126 207 -50 132 334 -107 -2 204 -433 -206 -263 -126 326 123 129 277 -150 137 -85 5 266 95 101 -591
-154 222 -292 287 -258 23 -23 -282 179 7 -207 -405 2 -21 211 -252 157 383 -80 -239 368 105 331 -439 -332 201 -367 -28 -103 -214 677 564 26 119 203 6 -104 -440 -63 -265 30 251 258 -193 -244 -302 -154 87 213 56
-182 -268 354 307 -51 -11 -96 -160 495 -216 -80 -86 259 185 202 -188 158 38 483 383 -57 177 182 -153 80 345 282 -285 492 -190 -421 -302 -136 -246 155 197 37 -72 229 27 43 -56 -200 66 -113 -87 -14 -337 -33 315
-162 -167 -308 -201 25 -341 91 277 140 347 170 -263 197 -407 44 10 273 351 -234 -51 98 576 -158 467 -9 -284 152 189 -12 -377 338 -9 558 276 -267 -35 -306 554 -222 -417 175 506 -32 -232 -553 431 605 -120 264 -457
96 -337 50 35 -290 -350 -6 -232 270 -216 28 -111 753 12 -287 -385 -144 -10 -134 346 66 -174 -335 290 -65 -43 127 -352 -133 255 224 -356 299 -282 -680 222 160 425 -212 244 -184 -119 -44 238 3 -59 168 -520 208 45
307 289 -69 -197 -326 -292 166 239 -535 -39 400 -261 -315 -403 -126 351 167 -135 -193 30 -383 -480 -297 335 83 68 -250 26 68 -253 20 -263 -139 281 195 72 10 -77 -237 125 119 -61 218 -223 181 86 195 131 -239 -55
-21 -380 -302 68 -292 307 735 105 173 143 19 5 -244 -84 -165 -385 65 182 -74 155 318 123 -199 -193 -36 173 -187 -86 370 -319 527 390 234 -231 1 -314 -404 285 -527 -589 98 372 -600 -163 -53 186 138 -43 128 -19
217 -340 20 50 295 -292 -627 -543 190 -145 85 -76 152 -11 -15 -292 191 -211 -33 180 376 62 -112 181 62 -125 118 -436 179 -76 110 -95 308 -226 -257 -168 199 106 -120 20 186 121 -105 111 -46 42 -57 -2 34 -157
200 -179 -27 27 -11 128 -114 209 57 -87 79 -23 -61 -73 241 187 359 -64 475 428 -364 -261 266 231 -4 264 251 255 74 -223 -143 247 -48 -294 301 -260 3 267 427 362 344 485 -31 455 152 -441 -14 103 82 -86
40 526 253 -443 638 -137 -321 74 240 94 253 3 -184 -165 79 -219 339 422 -108 -178 26 26 -285 -47 317 -444 -314 157 -629 -326 -34 -15 184 431 -288 -126 -445 -22 433 -365 74 -166 -89 -456 181 140 -197 336 224 -311
-87 154 -363 -137 9 91 111 -201 105 135 124 23 80 82 120 -65 -63 -111 -156 -81 -170 -362 291 -355 -321 199 -179 112 -235 -247 573 -13 515 -283 54 -19 -103 -465 83 -77 87 8 660 180 -374 -245 -318 58 563 -201
0 53 213 -125 104 193 -79 217 25 -331 290 312 -46 0 225 564 -56 -755 207 -171 40 -208 -215 249 276 -556 -298 173 77 -32 194 -207 -486 -253 208 546 -396 95 212 -256 -195 -543 -147 179 112 409 -81 -66 -201 -213
409 -28 -166 34 -175 139 -135 -75 -605 -131 -181 -22 -236 297 284 -54 107 -458 176 -214 -232 -245 362 -78 -189 -126 -37 40 730 162 -17 -167 84 -22 -85 -89 420 109 39 168 -186 80 323 423 -170 -283 -31 -432 -590 21
-85 56 4 347 70 -60 -111 -176 102 -373 191 -58 -78 177 28 30 114 -7 245 202 -378 -431 80 -75 188 452 -74 -3 -80 -147 107 -371 151 -195 -176 126 -60 -225 453 176 150 -214 531 104 -162 -274 156 -285 59 254
517 -7 5 -528 23 -301 222 -621 -109 -114 501 42 34 46 38 -368 -113 -29 64 176 173 251 -61 21 -70 -62 -72 -294 -111 419 463 15 29 -309 -167 -383 137 -7 -144 189 -103 145 -1 526 102 83 -52 114 -304 15
-204 -198 659 -219 431 212 -286 -215 335 220 441 187 -16 -234 -116 -75 -238 15 229 -492 -377 -77 -364 127 -97 -35 235 356 -7 -326 -89 313 -538 -191 196 110 339 335 462 -21 -252 115 213 319 315 220 150 236 -195 207
13 -103 -47 -222 87 -300 -284 -56 -120 -126 267 224 -36 -195 -194 93 -235 -288 -20 -227 -533 -319 -218 -121 369 182 188 13 -81 -86 -218 199 -13 225 190 161 99 -570 278 110 398 -82 242 -70 239 -225 -90 165 -19 169
-391 -202 -338 168 48 369 -192 -176 30 661 -263 -153 219 174 -137 -31 -638 -98 -18 -326 224 673 216 -14 -583 75 105 317 156 65 -231 169 438 234 256 50 208 -171 -94 -153 472 250 30 -190 -100 99 -147 -140 -53 -450
-261 -247 -455 204 -137 201 -268 -319 -417 -117 -346 373 60 -192 -79 472 -432 -170 -302 -208 487 165 -161 -126 -12 -151 -255 -282 -104 522 112 23 -207 -263 110 179 120 8 -76 -357 -201 -82 -146 64 -67 616 60 41 270 -25
104 -182 -294 401 -82 200 -250 142 58 -229 -230 -20 -299 -348 -194 52 223 104 -224 -371 323 -142 -268 -8 -139 -291 -369 109 90 -98 35 -153 -86 267 -341 255 71 265 54 117 -437 -167 -703 -246 -287 175 475 -113 -457 234
139 -432 -484 -172 -493 -58 -747 93 226 114 324 -298 47 384 363 -267 -46 -95 56 -112 -33 -220 378 304 261 -309 -158 175 -13 71 -69 -85 343 135 -17 -87 -325 504 122 -62 -190 -113 -85 -122 289 -154 108 -35 -129 -233
-94 228 383 281 94 164 78 123 4 -228 -157 243 -79 163 210 550 -412 284 51 -272 -140 23 193 -250 50 -83 -372 89 -275 -344 -44 96 -414 362 395 442 7 173 87 68 -24 -398 274 -400 60 169 -193 -10 227 14
-89 41 280 32 88 -14 -149 62 407 148 -143 175 84 -349 -303 174 42 -240 -373 -239 299 8 -366 -121 -55 109 -339 -161 -39 -242 -366 -551 -10 -102 -212 107 137 12 -127 -85 -538 -264 -197 -76 293 213 60 147 573 -226
-97 -49 -363 115 78 -81 -206 -277 195 220 -4 -91 212 335 41 -62 301 217 -64 311 29 163 -106 -82 -282 -183 17 317 -31 214 17 -158 337 208 -207 -82 -162 305 -99 215 123 260 235 122 169 -181 -168 -160 81 -179
-475 68 -318 302 40 29 106 74 412 -37 919 239 13 81 70 216 -412 85 -31 -384 -105 -124 -21 -286 468 -10 189 110 -5 38 -101 -58 -77 -360 -42 181 -296 -724 -209 94 -342 -385 95 217 -58 243 74 -265 381 415
141 -333 -185 97 -60 127 174 -382 -322 -108 192 65 158 298 12 -89 -122 464 35 -50 328 555 -25 -546 -337 -214 34 108 244 -1 300 -194 186 -25 -328 -49 88 317 -670 543 -40 406 -322 687 -232 309 89 -225 -163 63
177 -75 531 550 483 70 444 222 91 101 -4 141 -22 694 -30 -452 -39 -99 -129 187 367 139 63 -51 -121 179 68 -378 405 -134 -582 -697 493 171 -272 -62 334 254 -253 276 -259 -29 -236 412 -125 -112 220 -456 -82 29
132 -397 124 -339 210 262 28 421 -5 -227 219 451 -51 378 300 140 52 30 243 -111 -164 -80 30 -123 398 7 -206 -3 120 618 -273 55 -582 -237 -270 94 -16 180 400 -83 -55 -408 96 -95 7 381 101 -219 -57 110
-207 309 -78 -66 -223 -246 -193 230 186 151 -241 -288 -6 -317 105 -423 -121 142 -462 -116 115 -22 277 122 278 -73 -3 297 -90 74 -239 -115 -11 320 42 38 -29 -226 101 58 -245 253 172 -425 510 -171 -74 -328 119 -378
282 -327 -79 297 452 10 -129 -122 -440 183 -334 -363 141 464 69 -83 -27 -32 -194 284 -40 -223 304 117 -213 190 154 -67 209 552 17 -517 245 134 155 -147 272 525 58 485 182 9 180 552 9 -51 44 -36 297 213
144 -221 -503 321 -27 -237 192 68 27 -150 -230 223 -60 305 -341 263 52 -234 124 189 395 -187 -231 -221 -36 -1 114 -364 34 512 23 184 220 -123 -349 12 -273 79 -97 182 34 -37 -912 161 -195 25 355 90 134 51
85 7 101 -30 -232 -156 343 101 265 -129 593 222 -449 -593 -175 -15 44 -263 17 -61 46 -201 -383 -66 139 -13 -201 106 245 -533 -14 -379 234 -124 -336 -145 190 -227 -287 94 -138 370 200 47 230 -168 268 -66 116 -302
18 200 508 -217 574 -528 -34 156 155 -33 -57 -194 237 -394 142 53 255 -803 386 143 -49 -204 -235 245 15 -151 -33 -506 -77 -59 -104 -112 -205 28 -286 245 16 -138 546 -192 -113 -181 -258 73 168 80 -55 -321 116 -256
367 291 145 373 255 -79 -27 286 -309 -181 -7 -210 -238 182 -32 331 110 166 -240 -212 131 -79 171 -247 77 149 148 205 -198 393 -155 -294 -355 26 -71 -9 8 38 281 319 63 27 -323 243 333 82 -63 388 -67 -32
57 -371 -249 531 108 -83 -2 -86 -128 -306 -15 -226 91 -7 75 187 -68 167 -74 -321 384 80 -279 -76 -136 -227 -99 -27 75 88 116 283 -488 155 24 392 116 614 -542 9 -308 -63 -97 -361 -272 -143 224 -498 -310 570
-83 -143 217 370 -324 -214 -483 -12 488 -292 -496 166 494 147 -317 -67 117 -54 -372 162 310 -161 1 -58 -97 -66 202 -331 -114 85 -580 -286 48 149 -236 225 318 -296 -218 313 -421 -549 -524 -173 283 -71 -225 177 248 -88
286 -707 -427 52 932 110 -139 174 -5 128 371 -173 -143 191 470 217 94 -151 713 -380 -198 -180 -102 -484 -411 733 46 62 481 144 -96 189 -236 -132 -106 89 -31 52 41 523 478 -272 -270 288 -516 94 -360 -322 -88 309
43 237 447 -354 353 302 -134 -464 -148 -575 -13 345 -49 338 -41 354 -23 -91 -164 18 -210 -80 226 -152 321 150 -12 399 -280 181 0 164 -394 -347 36 92 349 -187 245 -195 -170 -110 526 -320 143 -199 -149 412 -142 -25
82 11 525 317 202 -570 -255 241 -8 26 -111 23 -35 -32 -358 319 187 -126 195 264 -53 -372 -47 423 -337 -38 677 207 105 36 -391 -525 -367 248 -474 45 282 41 42 302 114 50 183 -17 142 -30 -86 370 -216 -58
71 366 142 278 -232 112 -217 -9 -286 -140 -387 173 -267 -142 -114 2 358 227 -671 15 293 -48 -89 -68 515 3 -314 -265 -123 -237 -30 83 125 325 140 -107 68 -165 -491 -244 126 140 193 -359 -231 97 378 552 -19 491
83 15 185 354 292 -228 -460 -491 319 -14 109 59 -100 -323 -135 175 -150 254 115 -407 584 -89 -422 -126 -307 -172 14 -368 -3 249 -169 -223 -192 10 -497 -7 375 46 -161 -85 -61 -159 -38 -160 61 259 -6 63 52 6
-166 570 -47 207 86 -284 435 676 -552 266 -173 -516 -223 138 -304 -117 -150 126 -392 65 -241 -201 -11 374 185 208 -268 -35 -208 130 568 151 -199 220 87 432 -426 31 186 -285 -160 -70 431 -267 -253 124 260 -51 214 563
96 -433 -182 175 82 207 -66 -321 12 -97 -352 -76 16 -2 117 -190 -73 -183 121 -9 -201 -162 440 -76 -88 347 56 332 320 120 637 46 -83 -290 -260 -154 75 38 214 233 -106 295 138 126 -47 -137 199 -334 -106 106
-57 49 -136 97 65 -68 -343 -305 387 272 465 -492 243 158 115 -373 212 480 236 84 -74 196 -75 -211 -285 280 284 445 33 -163 -307 151 196 264 -142 -4 -1 -161 79 297 563 250 -427 1 -192 -354 -528 80 -507 -124
162 84 557 51 109 208 181 141 -238 -282 -174 182 5 180 179 137 -144 -143 32 -192 44 381 518 -34 177 -172 563 209 318 -87 -437 -79 -179 -176 116 -96 329 206 173 -244 -20 471 228 96 112 -435 -36 -135 -164 -290
196 140 -195 -22 -316 136 -174 -64 92 -139 337 198 98 205 -159 -325 -94 529 -181 -331 118 -53 -299 10 77 -195 -489 -369 62 316 -190 188 338 168 -197 169 118 31 -349 -128 -126 -217 218 -264 -368 153 240 -284 500 -56
-331 -296 -378 442 125 -15 -204 179 -30 -294 153 77 44 -191 -162 227 -73 141 -447 -299 201 -476 -233 211 14 219 104 -7 -302 -222 -97 251 -554 -69 415 395 -172 -86 -114 -189 -660 -616 -19 -426 -8 -150 17 34 36 593
-241 297 -178 47 -649 43 -316 -328 114 -196 211 276 275 67 -471 -8 93 269 -167 76 -193 -120 -488 -26 53 -115 -168 -120 -89 -78 -238 58 187 172 -52 113 145 -243 -377 71 -38 -168 315 -459 -152 -169 104 287 -34 -126
-289 -201 -80 -77 94 176 -209 -287 54 150 -27 -14 -228 -152 29 -180 129 280 -55 154 309 259 28 152 358 -538 240 -192 -424 109 -19 747 423 41 341 -314 74 216 -72 -248 442 480 -64 128 185 -42 116 153 224 53
-32 -360 109 -389 81 229 -182 140 25 201 396 194 -78 -430 117 321 15 365 532 -301 -470 145 -536 114 -29 -197 -108 347 182 25 -469 -151 -460 270 -153 206 -20 383 315 206 -84 -345 -299 -28 193 437 244 -286 -413 95
446 -85 340 -14 403 128 149 20 -327 -596 -292 20 101 273 59 130 176 -434 134 225 -263 -98 143 6 214 29 113 -202 216 209 -68 333 -42 -247 68 107 421 -44 -45 215 13 -70 -37 -90 -325 -417 125 -32 -164 407
386 -511 12 -429 471 -386 471 521 -448 232 -209 201 -286 122 148 -174 10 -585 -96 -122 95 -282 277 254 -58 91 35 -30 285 127 443 3 107 -54 -49 -132 120 13 100 6 -91 -23 182 256 46 91 -271 -99 342 -597
-117 50 15 97 79 -183 -67 56 117 -390 -211 -275 154 -37 -139 -210 408 -11 -87 -84 -98 202 -118 24 93 -92 626 -8 273 -242 140 574 16 -311 144 -119 -51 62 141 -108 -193 501 -262 -237 -304 -171 393 344 -73 -12
-3 177 328 -183 129 -51 23 -574 156 -330 -116 -1 233 -193 -571 24 -117 -49 -361 19 -139 50 -132 118 70 118 446 39 -136 -383 193 -15 80 -38 11 -52 -171 -48 -302 5 56 -420 -129 -181 -94 40 -74 522 113 248
203 -403 -117 -373 282 180 294 -28 202 -61 130 165 -258 133 472 -260 61 119 291 147 -235 -182 119 -27 73 129 -61 220 18 6 504 556 64 -442 176 -224 -164 294 266 -57 222 -134 172 145 -103 -27 -208 -231 -50 96
-188 433 412 -114 -148 66 227 -129 -31 340 225 257 -355 -137 -254 456 -262 -22 123 136 -183 106 -185 199 -24 -365 -159 18 -274 1 135 -445 178 154 -76 92 -25 -499 -219 83 93 -259 23 311 117 683 74 345 -143 117
295 -318 105 99 -283 -8 178 165 -156 -394 178 67 -201 -134 401 -8 -59 3 -154 -169 113 -426 46 38 37 -116 -190 519 -51 -464 758 -273 -565 -101 -281 8 -205 69 -21 -152 -284 -21 323 -156 238 -58 -62 -47 -603 235
57 343 333 62 131 227 292 75 118 -128 261 2 -5 395 163 250 182 -175 -111 25 71 -77 -226 -187 55 -176 -239 6 -224 7 41 -515 -259 -179 56 -3 30 431 268 -201 -192 -118 -177 588 89 125 16 219 -234 152
194 49 420 -111 345 -436 -341 63 265 -180 -1 199 344 -83 75 -152 -6 -549 -185 316 188 -173 -337 207 287 -26 -288 -776 -152 -150 -285 -145 172 -97 6 140 112 381 81 -228 139 -319 141 42 -35 184 -77 80 277 0
-167 -95 -110 247 21 194 -240 -507 359 56 -129 -48 -133 -70 -267 123 -4 236 290 105 386 288 131 -14 -285 -65 484 341 58 -376 170 231 225 -157 65 -284 -51 153 -263 27 298 746 -596 97 148 101 -12 379 167 -408
-2 -262 1 367 -742 -9 85 -290 -339 -291 -304 229 219 55 -73 -245 0 94 146 250 9 -7 196 -141 220 348 130 -360 -146 224 398 4 73 -406 -299 2 135 -505 235 -230 138 275 -21 265 -297 -178 256 -144 -270 216
435 -164 -186 -75 18 -475 -189 -348 118 -197 273 -304 200 -189 434 259 -200 -257 -49 -95 -166 -53 -271 -441 -144 -53 273 261 -80 -1 288 -346 354 -437 -494 -215 246 499 -366 17 254 316 148 205 231 -129 -280 -100 -232 -214
85 -98 527 -364 -271 -286 -45 -98 -2 100 -334 -51 170 223 19 -570 125 -3 4 294 -164 189 185 456 238 -136 -110 -338 65 -142 188 199 227 -171 17 22 307 131 236 -422 -421 -102 102 -83 124 -1 -75 -58 -49 36
-429 117 55 253 228 84 361 82 116 109 84 -75 -92 -188 -274 172 214 -23 198 117 131 15 -522 -105 154 -74 -114 -257 238 -370 -143 -247 283 -74 -253 216 -96 161 -17 -27 -180 107 -200 86 -107 -180 337 -327 402 135
46 178 -24 -158 -380 60 174 -415 -308 128 51 -311 272 117 -287 -731 213 193 -415 440 -28 -18 269 -51 261 375 -268 -179 -158 205 345 -359 223 -1 -270 -210 -186 -234 326 -314 159 -81 397 158 339 -576 -274 -119 -104 119
179 122 82 -535 88 -253 88 435 -407 239 497 -61 14 -73 -8 -297 -25 219 -303 -244 289 142 -213 96 510 -567 -658 -187 -301 3 -42 178 213 509 48 386 -88 -66 -223 -36 -215 -378 -389 -57 76 204 -306 159 310 -164
-453 125 -65 -207 -255 -358 -83 99 542 304 154 72 -99 224 -277 23 15 151 350 -29 -97 124 -51 307 114 -437 230 -76 -14 -283 -69 154 469 271 16 211 -363 218 -59 -329 -293 111 -127 -55 30 246 396 -50 690 -290
-46 125 -61 215 -14 -204 -488 84 436 14 54 -234 -89 133 -233 -408 196 27 -121 428 613 186 -108 111 88 266 -99 -309 2 15 -142 143 343 121 -406 227 -248 -270 -532 178 455 -208 -686 25 -431 396 -129 165 -46 136
542 63 -63 -88 -137 147 202 277 -558 -236 -327 -124 15 72 25 176 -62 -140 -9 129 10 -34 30 225 -335 119 -171 -343 8 605 49 -228 -514 157 440 -18 100 463 159 -184 239 -163 -232 20 -423 164 116 394 -530 266
314 143 460 -235 278 -151 -315 -294 405 -168 176 -45 -180 89 568 -239 55 -134 242 19 -285 -508 246 3 348 -98 -281 395 -206 -165 495 218 -337 -317 10 -208 25 -4 651 -119 164 -210 716 -85 367 -273 -426 108 -394 238
103 -337 -21 241 152 -348 -134 79 160 258 288 26 -83 355 -106 81 114 -18 385 70 -189 37 -343 29 -245 388 301 -303 461 431 -390 325 -216 -80 56 101 154 -26 -491 601 -7 -281 191 218 51 14 104 -161 -25 449
-165 -133 236 74 -379 329 -166 -122 -256 -489 -337 293 131 201 28 -46 223 398 47 350 47 521 160 -178 -401 295 408 486 -261 -5 -146 262 -476 -82 151 42 204 124 68 158 122 488 -34 257 -111 -16 -45 288 -735 -213
-153 -34 60 -391 11 -156 301 -345 -242 308 441 -197 756 426 131 107 77 -74 -46 -49 -528 505 -237 -131 -106 93 96 -94 183 -129 -1 -556 423 173 -48 432 6 51 -224 -56 -226 -190 180 468 -398 -69 178 -666 135 -291
-303 58 102 425 151 -116 -169 -65 179 279 0 218 -339 139 -266 1 -423 -178 -1 85 245 -119 -231 -18 -291 331 15 148 99 93 203 -216 243 123 -488 353 -272 -296 -124 -77 487 321 222 37 -108 637 144 -124 232 -528
318 -205 -340 -77 216 -711 -162 153 -559 77 417 114 -23 25 196 348 382 -15 -216 -346 -130 -109 -553 -2 -10 -319 98 506 241 -114 366 -237 -120 167 -418 220 -21 -120 57 60 -192 160 183 483 188 54 -41 -264 -347 -74
391 -327 -166 160 238 -414 77 -211 -16 96 13 -161 -119 377 -171 -50 288 -195 -34 318 150 -232 138 402 16 248 77 -297 335 59 499 3 -10 -283 -138 -165 -15 110 34 -362 -175 26 -189 106 42 -47 -4 20 57 394
-166 69 -183 263 322 -116 8 143 -25 102 -203 -85 209 -158 -382 234 83 -490 -552 150 29 -147 -287 -52 107 155 170 -526 -308 99 -183 143 333 -29 182 14 133 50 -27 26 284 57 -13 77 80 -374 219 217 74 200
-344 21 119 -132 -243 -89 37 -65 242 -81 97 -102 293 -437 -189 44 -254 162 -18 -614 48 387 464 -114 -307 -169 401 250 115 -390 -43 -8 -762 334 617 327 -236 -235 143 -167 -701 245 -80 -170 371 -25 47 33 360 -312
167 -221 -129 409 -58 162 468 -208 50 -117 -449 107 -119 125 -151 -282 -551 306 -275 273 388 5 268 -247 -405 714 -53 -310 -64 164 461 333 -199 -93 118 -249 53 284 -723 -51 346 82 16 -189 -309 228 -151 37 -88 516
-78 426 129 148 374 35 -411 -310 262 30 -262 -670 -467 115 -2 -229 114 41 246 14 210 416 400 132 -131 75 -97 224 41 -16 249 774 196 -12 150 116 110 -473 -159 312 324 348 9 -305 -141 173 36 -60 -127 56
-168 84 -169 -424 85 -422 -714 497 104 391 159 -117 447 -258 224 -80 96 -11 90 297 201 397 178 640 -359 108 208 -26 -280 147 -651 36 -77 642 495 -53 -86 45 202 -29 659 243 228 -62 -103 304 -314 603 183 -810
-296 344 52 -91 257 -383 135 54 -176 128 213 -332 202 108 108 220 -105 -57 570 230 84 335 405 180 11 182 462 290 14 130 251 33 -171 26 -230 420 -575 -384 312 -105 443 405 -151 57 -504 220 -127 -58 98 -466
-87 564 -507 77 -351 -397 -309 -13 246 217 89 -224 -94 333 -209 142 -331 337 -8 160 38 167 -264 -156 -97 -481 -88 64 -145 350 -393 166 520 134 -68 -29 41 -148 -567 334 257 110 15 -272 240 131 -222 -20 415 -63
130 25 490 16 237 -209 203 482 109 -222 -351 326 -244 -314 389 132 59 -223 -14 173 247 -293 -49 -342 250 277 -253 -441 -309 -257 -297 -203 -296 329 47 -56 -80 121 -21 -48 132 -183 -439 -102 140 285 -134 303 -80 24
-311 102 5 130 45 -283 -83 380 -312 245 -253 -405 27 -152 190 -25 190 85 -121 88 109 219 78 -33 59 148 198 61 -304 42 -181 128 -147 242 342 -204 -327 -335 143 156 96 -18 325 -282 640 -310 -159 355 39 -165
332 -66 -442 135 -391 2 21 -292 29 -373 -253 18 -60 146 -244 -332 251 156 -48 315 168 -21 348 -155 -207 428 -73 -225 259 11 161 275 420 26 -108 -205 88 -260 -259 533 250 336 -155 -40 -270 -432 129 -126 -78 -225
-268 121 -142 -91 144 240 272 33 -83 222 94 -145 141 105 143 280 -79 30 191 86 -116 319 157 -397 -254 361 204 -3 164 52 -320 -56 -83 -131 70 -90 -183 -198 198 -20 351 137 -414 179 -28 139 -190 -188 -199 -331
-277 114 -259 -311 -128 258 -166 92 297 288 -283 -78 77 -38 -197 210 -354 -158 160 -233 -218 261 -23 -23 -285 -94 -198 407 115 -96 -452 -202 266 460 81 163 11 194 -42 260 -10 -172 -328 -117 110 192 11 -170 178 -321
-303 106 413 -145 162 9 610 154 56 162 -463 -178 363 -30 15 -256 -264 -309 118 322 -213 404 -11 -96 97 -133 145 -196 -302 188 -63 -214 73 -136 478 -83 -370 -40 328 -118 -123 -347 94 -96 778 -245 -347 -100 381 -76
-288 -281 -29 399 94 204 -41 23 -22 -69 -108 -5 -202 -13 -96 -138 89 204 30 399 524 596 57 116 -417 462 108 285 265 49 -297 10 -419 103 26 85 -150 190 -441 423 186 275 -109 -292 -50 285 26 -231 -641 -430
-115 138 35 -211 -358 129 -56 -115 219 -153 65 186 528 -119 -20 438 147 -44 289 -3 -354 -264 -440 239 -323 -416 319 50 24 -212 -275 -69 -110 117 66 30 -36 519 128 30 -1 -132 -137 171 -172 -37 278 7 -37 -291
-333 68 179 -264 -144 715 491 112 384 -252 -431 602 -26 270 -21 -16 66 -32 191 310 -409 -195 -93 -413 -78 287 -15 111 240 302 -269 224 -191 -463 35 50 -241 134 420 -63 -49 -77 111 138 -26 5 190 -429 269 -120
69 36 347 146 -90 -173 -230 -179 -380 -266 -106 -232 356 501 -103 -363 -182 -123 -255 -110 177 371 30 -198 -5 215 586 57 221 174 -310 -347 176 158 -141 281 -11 -104 -130 119 78 300 -424 304 -25 56 127 -4 -271 -427
237 -429 -141 243 340 51 -154 220 50 -67 78 -137 30 -35 316 -17 111 -431 199 -207 279 -174 47 -99 13 -117 416 -101 513 276 -357 -586 38 -271 -406 -406 -208 209 137 143 36 -175 -352 209 -32 -133 43 -89 -194 -24
-438 146 5 284 90 -57 -17 -389 344 116 274 73 88 153 241 189 -50 105 359 -33 -65 -56 -634 -206 -255 -508 -212 128 123 -282 267 -31 94 -301 -182 347 -144 -199 5 -16 -62 -111 546 -14 66 32 -465 -635 225 -95
68 113 -70 171 -35 -110 -61 79 -196 109 199 -66 -60 2 131 -247 144 -187 -203 -226 216 -11 -348 206 269 -769 -509 -110 121 -36 57 -432 456 -9 -113 254 321 1 -93 -44 -435 -195 -55 299 -232 80 -61 -487 -152 6
-50 -89 118 -116 -426 191 -169 -116 85 79 158 -42 724 87 -199 -303 32 89 -271 5 -283 309 -164 291 98 -76 -102 -212 274 -80 -121 15 -251 102 309 206 404 213 341 -51 -234 -71 -74 483 141 -90 47 -90 -155 382
-345 -231 51 201 -319 -317 -303 -207 612 168 258 153 224 -340 -353 325 -286 254 -198 157 17 46 -185 381 -248 474 276 -96 -136 -363 -465 -173 -151 226 158 103 181 328 -312 -205 -19 -75 101 -288 36 312 238 354 154 92
38 175 285 -230 -51 -448 46 -92 263 223 303 -368 363 116 361 -47 290 -86 284 168 -486 150 602 59 234 70 27 249 -153 -622 696 -50 -29 -91 -13 58 -125 2 656 -203 33 549 421 265 -54 -431 -25 -56 -4 -221
-257 -16 349 -296 -74 189 -138 -509 -111 249 -251 -288 -254 -464 272 193 -194 -164 396 -433 -206 55 -147 -71 262 -501 75 72 -60 155 513 597 -167 -373 289 -61 -155 -287 194 -267 32 178 529 -333 651 -150 248 -27 93 52
165 -210 37 4 124 -222 236 61 -44 350 236 -162 352 614 545 243 -97 -302 157 413 -212 199 172 -184 137 234 69 -58 335 159 35 -344 240 -347 -90 -59 274 372 -19 -5 519 3 112 556 -265 164 -392 -74 -199 114
-249 -86 -310 492 142 443 185 219 -259 28 -94 281 -170 103 -31 130 -315 58 -85 -131 332 175 283 -294 17 301 -461 -263 196 266 -222 186 -104 -140 544 256 46 -364 -187 381 41 -118 234 -109 -429 218 69 -132 268 246
-220 277 -329 520 154 -146 47 93 -178 96 164 -109 -549 254 -2 464 380 379 126 -30 112 -47 222 -121 184 103 -92 -138 115 102 -39 -68 -337 227 -15 53 -190 -491 -320 305 -147 -103 51 -249 -159 271 85 -141 73 346
-293 132 53 -189 -95 -65 -62 -412 596 -230 -180 -33 459 -7 112 -281 439 123 -37 610 133 -24 540 186 309 -159 98 177 -412 -332 323 250 -254 -79 313 -60 -333 -128 449 -260 71 -74 191 -105 243 -500 -603 25 238 74
451 -11 -164 182 -175 -256 418 563 -415 -122 313 380 -611 253 -156 23 88 233 -70 -179 166 -393 398 -122 167 122 -53 -50 227 -191 131 -152 -311 58 -293 -15 55 -283 -228 -311 -234 116 -248 -7 -452 63 -78 132 -379 456
155 -578 -154 301 -100 -5 211 -92 375 -175 774 191 574 135 273 -476 -28 577 -300 -143 254 348 -20 -487 -39 260 170 105 -153 -246 -63 -258 5 -105 -354 -267 233 264 -300 342 -313 176 -371 442 137 -94 -154 -187 -268 -73
-127 156 48 218 222 374 283 303 416 -22 264 193 -309 -355 80 68 242 -1 179 -172 270 -279 -10 -115 -42 29 -38 121 94 -302 84 193 -279 -163 -390 -351 -442 -447 100 -88 -10 243 -74 -295 -182 -75 125 244 177 -5
653 -7 -314 -93 225 -54 407 67 -92 -245 257 123 -302 81 -44 204 -107 -408 -24 -538 80 -499 429 -341 25 559 -461 -210 764 -350 353 -156 -133 -57 -59 -93 16 -326 -150 -161 -135 -211 -117 -189 -477 19 46 49 289 96
191 -335 -617 106 -17 -218 -136 -80 103 -220 72 74 334 2 -138 -78 -95 -241 -185 379 296 -109 -26 47 -146 361 -36 -606 -39 113 -31 -279 169 108 -31 9 -87 199 -410 11 275 -10 -496 161 -383 206 -23 -120 106 130
-27 -67 -132 0 436 79 -160 -188 260 -192 178 -8 748 300 -174 211 -285 -430 -158 -397 -25 81 367 -270 -202 -275 464 -398 174 286 -347 -241 -297 -26 508 204 -6 241 203 -315 -340 -440 -504 466 -252 269 -304 364 420 509
219 108 -286 262 -47 -137 -363 -260 321 41 222 -622 -286 -65 -66 -59 -362 204 -110 -235 254 35 -3 24 33 -37 -79 319 66 153 441 311 -396 37 -127 -67 -153 118 -298 -33 364 185 -86 -435 401 99 -394 118 -128 362
324 -161 243 -109 58 -86 263 -41 -186 -105 -372 169 36 131 85 -229 360 62 129 402 -274 273 89 -188 -173 623 52 -196 452 -35 -260 -355 168 308 52 -57 87 315 -41 216 27 -1 -30 251 -367 -86 265 -14 -321 265
128 51 345 65 474 374 -119 -72 -2 -85 -270 -186 -312 18 380 42 185 115 460 119 163 389 394 81 -283 12 44 344 303 -61 105 -35 64 -119 -52 -111 41 -265 191 363 188 185 -424 120 -290 363 -176 93 -3 -445
-142 -106 404 -99 48 -172 252 40 -403 -16 -130 -36 76 44 -55 39 101 -310 -127 45 -243 457 494 179 252 -162 436 262 49 -21 295 -201 11 -205 -140 -17 -27 143 96 -261 -249 394 542 -84 -25 69 387 28 -200 -295
-338 -215 -295 271 380 257 -286 -229 -121 562 -40 -453 -148 138 181 -338 -79 240 166 247 -38 184 -94 -152 384 -39 -114 -92 -216 631 -172 576 490 48 135 82 -180 438 107 268 559 31 106 5 36 -202 -241 -221 186 475
-196 35 -187 26 141 220 -443 64 410 216 79 -98 -157 -3 -47 -450 222 864 -416 6 41 130 -89 124 143 -100 -161 241 -176 -16 -449 334 119 512 344 -261 -29 -61 -204 607 101 -432 196 -338 272 28 59 98 83 383
-550 245 -619 39 -138 -142 271 47 -544 413 -365 -356 206 -281 69 -193 -126 -75 -102 243 -115 -153 -268 -135 -111 101 -27 -170 -116 325 56 -72 440 279 247 70 -290 -154 112 -3 460 164 362 117 -64 -124 -93 -475 151 -100
60 -181 -423 201 -198 -195 89 -340 278 -50 16 81 363 267 53 51 50 126 337 333 86 -233 60 -398 119 -225 -271 -409 143 319 124 -381 719 -251 -481 99 -3 100 -45 -153 134 -273 -459 188 -734 121 -8 -290 413 204
-112 -387 235 138 37 167 63 0 249 7 -279 258 12 -51 53 -533 363 246 -421 75 -6 39 79 -204 165 336 289 263 224 -229 32 30 -319 -199 40 -190 -77 53 437 -258 -221 317 143 103 190 -357 -199 137 -315 422
-128 -214 139 407 232 -74 -67 -237 431 -243 366 -205 269 32 66 -126 -174 -199 115 126 479 232 -244 415 -53 -544 424 -179 -81 -342 201 170 279 -319 32 51 -93 421 -398 198 -169 149 -264 414 42 94 132 -144 190 156
141 -187 167 127 229 315 65 -236 642 -190 -94 218 -204 -181 133 -364 -185 -74 420 385 384 -92 21 187 -124 63 -155 -21 84 -212 -104 -55 461 -114 -320 -313 101 138 -262 180 407 -209 -262 -96 -267 89 -223 -194 33 -4
-205 -193 -114 -49 -39 144 -159 -432 -13 -57 -51 51 59 -333 -128 384 -324 74 496 -252 387 484 -140 -168 -568 -203 283 302 209 385 -231 -261 -50 -269 -266 14 117 -130 -267 344 296 -185 -376 81 -307 581 103 -138 -424 -485
-30 275 151 780 -228 333 -46 80 -203 -450 -78 96 -422 125 98 554 -222 142 -155 7 -30 60 -139 -357 419 66 -180 50 15 -22 -242 -60 56 -139 -32 246 455 -73 -429 88 308 -10 -88 -124 -343 234 245 42 -519 571
250 219 -347 -129 -88 -286 180 218 -588 -194 163 15 -294 52 -191 329 58 19 -126 -295 -365 -349 37 -79 7 126 -201 127 500 108 350 -32 -199 64 63 214 -7 -435 25 -13 121 -148 297 -305 -673 350 175 194 -131 -14
166 327 348 18 425 79 170 75 -102 -211 -264 -103 27 350 381 -300 481 156 -6 123 323 57 519 -421 -215 116 -72 -307 220 -290 -300 364 -343 263 345 -209 131 77 170 250 -136 292 -10 -11 -240 -480 -321 207 -7 -21
27 113 189 63 240 139 -55 -156 156 127 164 103 -69 281 -95 -3 115 144 -54 -250 -38 96 326 -36 227 -116 81 -258 241 356 -172 -101 -276 113 247 2 -254 72 351 147 -356 -132 123 1 -106 -161 432 130 223 80
-187 -312 353 -154 -2 239 63 -370 298 228 102 196 177 -121 -1 -243 197 -56 198 130 196 424 -65 155 189 -118 275 66 263 -504 -372 -345 15 -155 -77 -420 152 -16 6 -237 -124 202 -125 71 324 -354 -206 -95 -123 -111
-123 -97 -664 24 -234 45 -110 197 136 312 35 -26 65 460 52 -350 180 242 -82 155 157 -201 522 -53 163 2 -284 -84 -544 476 -201 148 328 176 210 -337 -32 -224 62 78 -298 -253 2 -14 204 -476 -146 89 381 51
347 -34 -122 -540 33 -188 34 -380 51 -65 228 30 394 -311 -80 -634 -51 -358 -672 -110 -8 -221 109 -65 148 -68 -164 -482 94 -112 176 -40 310 158 282 -423 280 -230 -175 -73 -77 -248 32 170 -150 -104 -128 446 -73 322
-368 -17 -127 110 -191 -224 -208 35 517 368 423 -185 72 123 -110 216 384 152 432 475 193 211 -348 178 299 -244 553 12 -88 117 -288 -114 244 -343 -217 -172 -278 18 -417 21 409 481 -418 79 108 93 238 113 249 -265
-12 -398 9 483 53 184 173 -333 27 10 196 64 -136 248 421 -40 -15 455 533 154 -66 493 463 -444 -87 727 412 206 268 229 -40 139 -55 -308 -147 -32 -5 61 -236 627 117 499 62 313 -336 -51 69 -360 -216 61
-362 123 -222 364 -20 448 -553 -49 502 232 -111 -95 -538 -37 25 17 90 -77 -47 -146 -68 -271 158 -121 24 159 -24 633 -125 -229 149 -54 82 -481 -41 -146 -36 -60 334 -123 146 98 365 -31 120 -133 -146 122 -319 102
-24 -240 76 242 -78 441 99 144 57 106 -261 480 26 129 20 -256 -406 -3 -106 -127 398 390 483 28 -397 240 -181 -256 259 266 -554 -193 -225 42 309 -77 757 -306 -198 64 -542 -97 -138 117 -156 167 -366 -32 -56 -13
276 136 502 183 334 -35 119 218 -177 -249 214 23 -399 142 -93 695 208 70 264 -335 181 -146 57 -32 68 -336 233 -23 -21 -52 -61 115 -525 -16 23 127 229 -102 -125 347 -443 -123 -600 199 69 -41 178 534 -32 149
-39 321 236 185 331 -119 -88 -177 300 -347 170 -124 -70 266 -231 -104 261 -135 432 328 468 437 -6 86 -307 -174 289 -109 16 -262 125 561 -52 -353 226 2 54 86 -290 171 -45 561 -142 344 -44 -102 25 378 6 112
-467 377 -56 -185 32 -112 268 33 200 206 -130 -311 225 360 -421 -161 -318 117 -327 253 -125 367 -195 -168 212 24 34 29 -556 -163 104 390 456 49 288 81 -198 179 57 -176 258 255 -398 4 153 144 35 265 474 -38
581 -307 33 -284 -74 -244 114 -174 -321 -178 606 235 113 420 328 435 -93 116 292 26 -21 -223 318 -175 -20 143 -119 -153 -72 196 110 -62 -141 -64 -153 225 441 -204 -437 563 -26 -370 -513 531 -407 227 -263 26 -340 -84
-52 -28 -49 283 49 140 201 175 202 -376 292 219 -288 16 -434 -215 -280 117 127 -243 276 -313 315 -370 187 -9 501 114 260 -116 -155 374 18 -147 -130 -47 -21 -196 -15 270 325 493 -153 118 -105 -224 -57 241 475 67
-182 73 138 86 145 -28 -55 -366 -17 83 -687 111 -47 -308 -378 -212 22 193 -183 370 286 121 -86 189 -338 382 -252 -383 55 -128 19 15 108 -26 -128 -63 301 384 -211 -122 119 200 655 -613 -367 -94 98 -166 73 -143
286 -90 22 190 -89 165 -251 364 -90 -160 -179 280 -175 76 323 170 -234 30 -65 -46 239 36 340 399 198 113 -194 -141 -75 249 -51 574 -332 -44 506 118 433 49 -63 11 59 333 125 63 -127 178 136 103 260 134
2 -327 -274 -165 476 95 -355 530 -70 313 -115 -139 -97 212 181 8 -104 179 156 -139 -91 261 286 -34 -474 120 -257 192 -16 138 -592 242 -156 835 478 252 103 258 210 405 392 -261 -169 -332 -37 144 -324 -17 -361 -156
283 427 313 -299 436 109 -32 -49 247 -116 190 383 -74 772 -166 103 450 17 169 -58 -145 -24 -477 -570 -218 -14 -31 5 32 252 -545 -68 38 8 12 -22 249 -268 -5 360 -13 -203 -168 470 74 -155 -483 512 306 -109
21 -521 -403 238 107 236 -267 -19 -37 -136 412 435 253 529 -101 35 52 -228 451 -35 131 -374 -239 59 -211 253 67 -133 160 279 25 -117 -17 -332 -100 271 -102 17 80 -4 80 -244 -92 562 -390 -3 -91 -102 135 -35
-374 -96 19 -87 -101 41 -169 -302 -99 172 325 177 16 454 146 283 253 299 -127 37 -541 35 54 -2 218 269 239 588 0 -292 50 251 1 -7 251 329 -157 -343 62 -420 -194 20 257 -1 -47 -62 -45 -42 34 -155
-37 130 256 -392 463 -93 -359 -379 40 330 -99 -104 250 35 196 -154 66 71 174 267 -26 467 -122 169 261 -258 -285 -189 58 299 -117 415 -69 520 455 287 -124 411 156 -179 628 142 369 -154 -64 159 -16 -138 316 65
467 -186 215 -74 65 105 65 300 -702 -143 -74 143 -91 127 309 -27 191 107 190 -31 -193 -41 468 338 -149 446 -182 -5 -32 183 78 -227 -400 -9 67 -280 446 -78 581 8 -434 44 568 392 27 -291 161 144 -196 191
327 198 -419 -120 125 -346 -223 358 -793 -311 -189 -481 49 -53 -255 -221 468 -203 -16 192 -155 -327 185 194 110 249 203 -231 -65 603 88 521 -340 167 107 134 -85 201 321 -35 219 452 -39 -121 -402 -472 116 283 -189 200
-103 -26 -185 -205 -379 -259 -460 -96 40 286 703 43 31 -52 127 306 -282 6 -120 -140 -812 -506 -122 47 137 177 65 602 -249 4 34 -183 -182 233 -46 532 -237 -174 169 -61 423 -312 462 -200 45 351 -367 16 -436 -135
-114 23 284 -104 815 112 317 -68 -26 -167 -71 -14 -99 163 200 270 201 -132 343 -59 -104 130 -69 -19 -358 13 346 234 -167 -501 -40 143 -167 22 260 -149 226 137 43 148 -281 10 -238 261 15 -148 -66 -104 -221 -48
-7 -60 112 -5 -86 -153 168 79 480 -136 269 198 235 445 108 162 423 219 446 229 -534 218 -220 -66 296 107 -57 29 31 -290 151 -121 341 -170 -471 110 -338 -214 431 92 -150 -76 -294 66 -160 -26 413 -263 138 -151
-233 125 66 -213 169 93 -73 -395 -108 7 -275 53 55 -105 339 -126 261 -90 347 327 -328 -20 -68 61 -270 134 -78 177 -211 -132 486 121 176 -20 151 -99 -370 -173 455 329 -27 103 839 290 112 -421 247 -204 -50 -164
-242 82 -454 207 -175 337 163 41 -27 -317 -504 327 -147 -317 -148 188 -103 -271 -386 329 396 -315 218 -8 -131 -12 -144 -203 -446 -33 258 -373 75 -449 -166 -309 -309 49 -136 -556 -188 -330 136 -257 -183 176 -95 106 135 193
504 -159 -21 55 -209 432 -180 36 -570 -426 -363 26 -191 -231 326 -36 31 -510 371 -82 198 -195 615 251 -556 -12 -295 237 641 216 -33 101 -325 -48 182 -130 698 -160 176 330 -3 131 224 449 -197 -183 -289 -55 -577 -20
-21 -461 166 -508 205 -245 349 531 98 325 102 154 385 -113 -108 -564 -36 -148 -36 -192 50 234 -95 302 -22 -9 20 -292 348 -197 -104 5 97 217 -265 -58 99 -50 -156 -206 -258 170 95 -231 -79 169 50 -298 593 -423
85 -71 207 76 -417 -317 -71 416 -603 -117 -394 -177 -49 -6 -518 -294 -88 -251 101 158 -276 -299 45 480 -124 317 253 -212 -125 87 380 -101 -263 11 133 269 -68 -244 183 -297 133 83 202 -18 93 137 58 300 -145 222
-47 39 -177 -227 244 11 -136 283 28 369 322 -300 134 53 383 -122 134 -36 -29 -422 -188 260 26 277 -22 -232 12 33 413 130 -70 326 18 253 562 76 -245 81 122 -38 -217 176 366 62 8 47 229 -158 444 -226
-64 -103 384 -371 -13 -126 -161 -353 206 152 -375 276 -61 -446 8 273 -159 19 148 -61 19 403 191 63 -206 11 257 -140 -29 -74 -445 -358 137 275 13 -486 578 -270 223 21 293 16 49 57 206 430 149 411 -89 -198
-20 -537 -86 340 65 103 -65 -178 -21 -10 1 110 27 332 260 -129 61 121 -10 169 251 53 -268 -116 173 -374 21 -31 -100 40 80 169 166 -83 234 -44 46 537 -128 146 299 -269 -176 319 68 -123 -258 -68 -561 374
-136 -2 -881 -38 -518 287 458 -374 -242 -121 48 -7 138 -187 -36 149 -337 475 -243 -433 380 -56 -382 -195 -45 -768 -358 -73 -439 499 654 34 234 -180 -340 -218 -285 678 -491 -523 -461 -196 -119 -260 -83 205 391 -530 190 -139
22 210 -140 292 168 102 -366 433 -142 -243 -146 -267 -248 318 -172 179 229 133 -103 -54 -579 -746 320 228 323 353 1 644 87 27 -221 110 -148 78 109 306 -77 34 490 441 -155 -55 276 -299 129 -285 113 1 470 150
-66 577 108 -68 -301 -46 -278 -32 225 -200 -93 347 -523 -389 -422 -120 47 125 -144 -67 273 -204 92 -122 139 185 -469 -506 -96 -68 -144 -118 -109 47 -52 -43 -82 -416 31 -178 -25 188 389 -550 -161 393 501 369 288 -180
-371 -395 86 -125 -459 176 15 -261 340 171 59 17 917 96 -3 -327 -301 -169 210 310 -330 17 62 148 144 -87 206 -188 273 151 -29 -405 147 -137 -68 363 -308 227 125 -542 -31 -418 -133 251 -159 22 111 -577 -25 372
37 188 -334 -52 -72 353 -352 62 58 94 -163 106 -69 -217 -303 -289 75 515 -279 36 417 75 -311 142 -644 59 -304 -74 -9 127 -268 116 -76 523 9 -241 -172 60 -142 164 407 203 61 -415 -170 313 109 354 42 -257
-95 364 331 -113 428 6 228 -137 428 -76 52 -18 73 -479 29 93 -147 -205 -52 -56 -102 -504 -490 -374 -284 185 -96 -201 -262 -286 20 524 -436 -130 133 -94 152 -330 -32 -31 303 -288 128 -184 75 -31 -605 321 131 435
138 49 239 42 76 -260 509 389 -508 202 -204 53 -551 -117 55 383 -219 -349 -6 -178 225 -120 122 96 96 15 57 -348 187 126 152 -418 -77 83 -156 35 16 -372 -144 -2 0 -67 40 257 67 281 266 -202 -51 67
-184 -240 -49 21 19 -63 -78 -99 231 209 -21 135 90 -216 -11 -179 -245 -164 86 307 -42 -27 291 288 -259 536 281 87 242 -225 -61 -247 138 -106 -69 -355 -82 -78 187 40 208 395 259 149 -132 14 2 93 78 -257
-207 281 295 -64 104 -141 -276 117 206 85 -383 4 -191 -127 -303 -256 -74 -99 -22 179 20 181 130 426 -47 19 194 119 -298 233 38 37 68 167 89 60 -43 -31 33 8 185 247 323 -30 -20 444 325 226 236 -183
-72 -176 11 246 268 -60 -19 50 -129 338 -10 -223 -53 78 -275 -499 -3 275 -429 -133 115 -59 257 -279 426 324 -21 -137 48 304 5 252 10 -141 -173 105 -95 -296 127 -63 46 -104 -154 -215 148 -24 -114 -193 98 209
404 -230 -329 227 -11 -141 -122 -9 -341 -75 236 20 61 461 -69 -85 -94 266 -255 -119 35 -106 -189 -224 -41 227 -367 -328 23 377 264 -393 250 307 -526 294 -202 323 71 49 159 -324 -270 364 -384 449 263 -134 -230 346
109 -35 427 -450 401 196 83 136 244 35 138 122 -101 -125 178 81 -20 -35 333 -86 -192 -82 -449 248 -23 139 -311 44 -157 -375 194 211 -353 81 22 -147 88 113 -80 -263 197 -202 162 -161 -21 343 26 131 267 140
-617 257 127 39 -121 184 -532 131 -59 188 -162 61 125 -49 -109 34 183 65 -6 -90 -9 256 -584 316 111 -567 -346 -166 -275 61 -417 301 -5 451 234 580 -27 -310 260 -63 -257 -178 225 -273 140 23 295 -229 294 -155
136 -120 58 221 102 240 -149 33 -210 -179 396 141 314 202 407 -162 -168 -186 -312 16 100 -442 376 226 -130 526 -237 74 -31 -213 42 -379 -412 -166 151 166 205 21 140 26 -140 -119 689 313 -345 -127 -400 -169 -15 -8
93 179 -79 286 13 -232 -141 -278 -22 -72 -733 -397 -16 -55 -262 -167 -294 148 -364 42 504 238 96 170 -534 -81 128 -72 -196 -116 147 174 174 390 -34 -90 131 165 -650 -25 -29 114 -407 -626 -102 172 -263 213 19 -16
41 -263 127 -225 -76 -472 321 -124 68 -10 135 148 484 -283 -182 -581 2 99 -332 320 238 228 -162 346 149 -163 140 -338 28 -519 190 -52 219 10 78 -179 20 149 -313 -345 -91 9 -223 62 50 239 -382 59 244 -16
-493 270 -40 -76 -92 128 443 98 -14 -62 40 -415 -168 -395 -201 -111 107 -58 354 200 69 237 -139 195 160 164 452 -14 13 -422 315 98 0 -319 114 -343 -833 52 64 -461 219 457 -280 7 -21 65 676 -16 105 -86
215 -175 -266 -90 75 -26 576 -48 -163 -120 -199 -240 107 56 88 42 169 -60 -409 230 64 112 285 -452 239 1 -309 -325 -130 -398 -19 -222 534 22 261 -285 -4 550 -271 89 -241 -261 -469 -238 -67 -502 154 -60 -187 174
-47 120 -13 115 198 51 371 118 272 -17 -199 -19 64 -87 -164 -235 286 -268 211 560 213 -235 -234 53 -142 -102 -114 -191 -18 393 0 16 19 -240 -88 -42 -87 27 -48 406 131 -86 383 -30 -91 -511 -91 -115 176 311
-61 -101 -61 -776 -210 -96 73 270 -559 -198 269 168 188 -353 288 33 331 104 -181 -340 -175 -26 -60 139 462 -134 78 432 -410 -88 207 188 -434 100 51 -20 -138 254 412 -99 -255 107 205 143 -59 -49 398 183 -390 -375
-682 14 306 82 195 376 -38 195 128 497 -62 49 -497 -106 25 -6 88 28 594 147 -316 -148 -199 206 -362 -12 21 506 48 -211 -519 -332 -154 165 -55 26 -171 -481 438 107 -54 -176 324 -232 594 36 -362 -441 22 -423
-341 179 196 -346 -228 -301 228 289 -240 290 78 15 -121 -8 6 353 -550 241 -170 -36 -304 413 43 107 173 -48 333 263 -287 -118 -379 92 -27 334 346 -3 142 -147 6 -242 101 300 66 -307 632 259 36 168 -165 -431
-240 513 -32 464 341 405 157 -283 -148 423 -514 -265 -240 -9 -11 -315 341 278 -246 226 303 253 -56 -338 -512 93 -305 92 239 118 165 271 -13 342 34 -75 0 -396 -233 290 492 387 463 -406 -361 -183 -394 -43 -298 82
93 110 -134 376 -237 -212 -393 134 -248 -539 -102 -257 371 -272 -197 94 -101 -306 -228 -16 237 44 447 183 -445 269 323 -39 -65 239 -335 -588 -580 -16 43 185 320 -261 224 -10 -318 31 29 180 244 -225 -241 -36 -358 -114
-67 -216 -431 517 121 24 -11 461 -300 -159 -568 235 99 168 50 90 -27 -215 -319 191 525 -179 81 -206 -44 -26 -43 -227 -167 424 -14 151 -167 -46 157 114 -336 -75 -77 51 142 -237 -207 10 -64 149 -442 198 230 303
-253 297 -416 314 -472 134 -585 -93 314 -58 -302 87 -158 68 -527 -141 -3 -127 -101 198 265 -213 -463 186 -220 -5 -163 -177 -37 400 -294 -7 185 222 -66 54 -445 -91 -141 -28 155 -61 158 -447 58 -21 296 281 201 5
92 -424 -220 -104 286 225 -28 -85 -297 90 -11 115 -389 -168 212 396 -199 -201 369 -294 -54 -266 -396 -258 -343 -136 -172 -162 -77 493 9 -105 -95 -175 -74 -184 -93 247 142 288 -28 -512 -279 119 91 390 50 125 -349 51
-211 -111 -228 -32 3 52 349 -276 -191 93 44 156 241 -147 -232 -63 278 -218 257 314 -403 -394 87 -61 237 147 327 -241 439 289 -117 15 93 -230 222 1 -290 -344 81 -82 -17 -41 67 16 -447 -410 71 -93 216 343
188 170 -53 140 539 -295 6 17 -63 57 -513 -609 -97 -64 274 28 -177 -91 128 117 756 323 99 184 -194 -298 -298 -544 -249 -137 373 -52 142 376 62 -160 -408 601 -405 -97 437 -213 -447 -407 -368 545 -15 13 133 85
-137 255 -98 -185 -104 -193 87 195 -175 132 450 -105 -158 179 -192 44 162 234 -190 75 -58 93 -212 -29 71 42 -2 266 -275 -511 68 423 223 310 466 301 68 310 -323 -127 181 492 -222 228 -368 -25 -107 658 -129 -62
21 -154 -131 47 253 41 151 27 716 259 -207 -19 242 490 159 -520 244 63 176 242 435 304 123 -210 -57 7 -243 -222 289 107 198 305 367 -156 -397 -269 -91 110 -15 -9 84 338 -175 -64 -207 -223 -108 -327 682 -343
136 124 165 156 329 484 -110 -147 72 -402 -172 274 -236 45 527 295 175 311 108 -261 671 555 506 -354 -465 -236 -137 493 249 -416 45 -2 -188 -26 153 -100 273 -148 -203 347 -109 405 46 326 -281 185 -242 102 68 -347
-178 395 -174 -39 5 350 258 237 -15 419 -171 -337 -88 141 -106 -104 -508 20 -270 -462 -39 666 427 -464 -193 -135 -344 157 299 461 -300 -171 232 474 435 162 -150 -328 -19 203 -293 -45 -301 168 221 394 177 -114 371 25
160 129 516 16 -15 -238 24 -85 28 -103 -40 75 -189 -150 211 233 -7 -331 99 -134 -348 -302 296 -66 247 209 479 134 235 -39 -213 -41 -448 -93 170 -71 242 -387 204 205 36 177 289 77 347 -289 27 20 -339 74
-160 -25 113 -320 -296 -267 70 -221 198 50 -114 66 -211 -251 68 98 358 104 625 384 -592 -13 -89 -140 141 149 311 -59 253 -296 -209 24 651 -144 -125 -219 -68 -570 62 266 186 23 30 -73 290 -246 43 -140 191 -315
195 -139 59 142 182 -308 -175 -317 -376 -428 396 37 -291 -47 -233 79 205 149 201 -54 -37 -544 -128 280 -25 -212 214 84 -5 233 4 30 -341 -69 -298 192 59 7 -43 114 -389 -186 307 -304 86 -319 143 -276 -382 37
-126 -202 -275 -1 -263 236 55 -466 252 224 -55 262 -101 -450 -109 199 -819 -178 -74 85 394 -76 -431 -105 -443 248 -188 -129 -263 -46 -32 48 34 -181 213 -442 267 122 -606 110 425 -227 -306 223 319 422 -353 278 -181 88
-122 -93 -673 -51 -186 -10 -45 70 -830 6 -174 207 -119 -276 -270 214 -147 -564 -455 -27 53 -403 41 143 -150 431 119 34 56 421 -121 -40 -36 -21 350 -81 -215 -227 18 61 15 26 480 49 98 -231 128 217 -179 -309
-138 373 914 439 459 -112 -70 -89 419 -239 -17 305 -319 -104 -1 -9 284 -13 139 177 348 -39 -379 -223 208 -7 146 -133 136 -255 -408 -172 -223 -171 -206 -15 73 -742 -113 366 85 -235 -40 29 195 113 -76 195 -233 189
-550 109 500 -218 -116 -523 -129 411 471 367 -92 346 255 -86 -473 -284 28 -151 -343 468 -75 -225 -371 57 425 261 465 -158 -303 -139 -455 -621 261 60 -416 201 -575 -651 299 -332 387 -186 67 -116 235 212 -43 371 459 -209
-50 136 271 560 -721 179 95 -95 -261 -59 -78 111 141 155 -228 -660 287 491 -591 308 217 218 -372 67 124 -15 -55 128 106 -44 -40 -155 203 197 -237 94 50 -210 -510 88 -28 396 485 -153 37 -383 108 -93 -290 85
-211 354 -521 -261 -131 436 -141 -37 -163 197 100 -67 -123 165 -358 105 -210 283 -64 -326 -502 2 8 -258 -403 352 37 370 -126 307 33 -117 22 252 -63 192 -483 -403 160 -65 103 -157 -304 -181 -369 341 63 114 -124 -303
-2 -246 -373 60 -203 -156 -128 85 -432 49 316 -295 179 -44 -84 -455 -520 216 -600 -176 227 52 90 102 -205 380 250 5 -380 338 -77 63 -1 70 444 -52 126 177 -240 -165 -45 -101 15 266 276 103 -316 321 -210 98
-1 453 321 -172 -127 -117 -322 -421 261 -34 -401 -434 104 -263 -53 -484 519 -250 -36 321 -450 -27 -297 -170 346 -12 -41 -107 176 -538 371 80 463 -143 -342 -119 81 -90 117 -127 400 525 300 -117 40 -395 86 -116 -132 233
64 -144 -188 -2 349 392 277 -218 324 200 -447 74 92 56 217 53 183 -153 457 117 -224 -29 -178 -506 -658 546 -293 -232 439 249 -220 -321 8 125 133 -117 -294 283 36 151 -33 -508 -52 6 -183 -39 -263 -183 351 243
142 9 -7 -164 305 210 305 -478 -287 33 -286 -243 -121 -32 335 -236 -114 -54 14 65 -239 581 -22 -643 161 121 -380 28 -53 35 437 317 417 -228 182 -230 21 120 261 209 158 338 -88 154 194 -329 -68 -164 -512 89
-360 -263 -149 512 288 -293 -202 -131 400 352 -1 -28 420 230 182 -147 354 -310 573 469 313 219 -223 95 -443 182 91 -386 149 -46 -321 -200 367 -118 50 123 122 -181 -13 333 -15 -150 -13 397 -330 -300 -409 -265 222 -170
-223 85 -88 -32 21 -4 419 24 115 208 -34 23 128 167 -172 -53 -327 79 -8 -58 -579 245 61 -238 -207 -45 -32 -48 -37 -196 161 262 485 -86 215 75 107 -237 77 -8 -65 -222 292 -17 -181 -45 46 -268 180 254
-117 213 178 106 -13 44 88 -116 -182 55 137 -14 -195 453 69 461 -74 -30 334 168 -102 -110 417 35 3 120 146 257 -410 179 83 -198 -136 -287 -69 203 60 -555 271 11 206 -361 -46 123 -82 72 -351 -43 -345 -281
189 18 136 -141 -322 -63 -261 -121 -2 -104 -148 172 -190 -288 6 426 -84 -259 -271 94 -252 -310 333 224 85 172 331 378 -118 157 58 -190 82 -275 -19 -184 241 -275 68 82 222 173 279 45 78 64 173 523 -177 -290
472 211 -103 327 -281 -40 112 131 -426 -379 -173 90 -350 131 -21 138 404 -108 83 40 102 -595 -46 -353 -105 102 -244 -65 346 -15 -381 -103 155 149 -44 33 642 -262 -344 621 -8 -44 -289 183 -253 -563 -84 -20 -500 30
392 337 204 -1 252 -240 -523 -182 192 -402 161 -461 -381 42 205 213 -406 -21 102 -101 -42 -481 427 -383 -11 65 -177 505 -234 164 89 76 -466 -38 -148 281 222 -313 265 314 483 -131 -250 -392 111 96 -913 451 -455 56
13 -89 -21 71 143 -583 -337 -184 -112 -198 598 -133 32 11 -185 121 248 -404 -24 -78 117 -240 -150 670 24 126 584 112 85 -424 313 22 -147 -215 -300 141 -185 -310 -36 -315 -250 161 -209 111 -204 47 3 145 -120 -434
-223 51 65 -445 95 335 174 421 -134 -36 17 -95 -99 85 -67 -439 594 195 -376 -46 -264 7 461 38 588 -211 53 436 86 -89 -110 98 112 217 431 -16 -496 -132 207 121 -197 -272 108 -346 35 -315 275 78 -41 -292
-19 -351 -284 236 247 960 50 -7 -370 -270 50 313 -376 163 -18 176 143 249 -190 -324 259 -88 67 -171 -132 -104 -253 557 363 -113 4 229 -75 -211 35 0 256 94 -223 94 -25 -43 14 -47 -297 -68 -123 -228 -183 -179
-96 12 268 -283 363 34 -32 28 293 433 -559 72 227 27 -11 -180 0 -233 -281 -100 -59 353 -120 -588 -119 283 141 -424 234 -371 -387 -197 590 121 217 -276 86 -16 -38 -136 530 136 -40 68 6 125 -130 238 590 -309
-199 -94 31 365 266 -71 -251 0 -143 245 -297 -274 -106 -125 -465 -103 -240 142 120 -204 424 423 293 390 111 -233 378 -227 335 203 -245 332 157 318 250 220 -5 -132 -336 332 329 -155 -405 -84 -369 530 266 15 323 309
-116 224 223 184 288 317 59 154 -85 127 97 -181 -112 411 95 231 -114 -224 521 -44 -137 382 -132 -225 -299 -133 -316 281 97 228 -193 -239 -167 -66 -189 270 -87 -131 168 291 -121 -208 59 164 224 166 -166 -316 -33 -17
56 -356 -119 -45 252 211 -177 408 36 167 -126 -179 -205 102 148 -351 329 444 -185 -196 151 518 332 -117 297 -408 -120 251 -49 479 -213 368 37 -10 -7 -239 -141 159 71 460 -588 -49 -395 -287 205 -6 521 6 -3 46
198 -393 205 -76 -278 50 -109 -166 -7 -131 -305 149 50 120 -12 134 -498 31 157 -21 -1 270 537 -57 41 268 400 137 209 242 -156 399 -303 -28 215 117 77 184 113 -60 511 47 -428 -243 21 195 -565 426 -213 -242
-76 466 -85 181 10 -239 -19 156 179 390 47 -43 -440 387 -415 311 -161 59 -297 222 181 -319 -257 -37 9 112 -250 9 -44 35 -137 -416 235 76 -376 56 16 -273 -217 -438 280 6 -84 -253 69 272 -9 119 300 -31
-155 70 -290 456 35 533 -162 101 367 -91 209 -32 156 -129 86 304 -377 -17 45 -375 187 1 7 -290 -97 -154 -186 -328 -20 207 -744 -31 -281 271 577 226 209 53 73 413 65 -145 -250 94 159 -184 -107 -161 287 380
-343 -53 -34 -155 -228 531 -178 -17 253 331 -240 143 151 -483 -36 -551 -132 150 -166 59 -141 330 -68 -302 175 323 -231 312 -215 24 -500 -371 480 190 -46 -250 26 -393 237 609 395 47 329 42 382 -303 87 -170 16 -196
-40 261 -28 215 -27 -257 -56 -62 -149 -199 -29 28 -117 -380 -286 455 227 171 122 -231 58 -134 -188 167 -650 -272 343 209 76 -497 -52 -29 -253 74 18 -206 312 191 89 -51 -359 280 71 173 -11 -58 0 398 -81 -109
-269 27 452 -385 256 -245 -357 -419 -50 437 385 -313 468 -218 271 172 187 -18 305 174 -221 513 -500 463 -250 -261 338 375 -82 -293 -7 -55 254 67 -125 185 262 373 79 -127 342 527 571 425 55 23 -222 -41 144 -605
248 153 34 -485 -85 -18 23 -31 82 94 408 604 -45 63 -366 546 -294 -254 5 11 -431 -75 -395 145 -245 112 -12 268 435 -241 -349 -162 -150 -18 53 -210 585 -81 -141 -112 214 103 -63 349 215 329 -455 500 -49 -246
322 205 -12 261 -108 118 151 -726 324 -350 -171 35 -306 283 -379 43 -276 -33 247 -27 556 86 -448 -454 -625 196 15 -247 -32 -151 339 39 432 -290 -302 -365 47 1 -578 62 342 177 -553 45 40 8 -98 335 42 -365
-30 -48 216 -3 -283 -288 -389 375 -2 -209 -36 176 197 -73 -333 -280 88 52 -215 336 31 -551 -528 633 102 53 -224 -63 -209 393 -422 -440 -155 -56 -443 283 152 15 148 -83 -341 -405 367 -466 318 69 104 -179 296 -418
-329 268 -96 230 -584 -92 -271 -735 160 -62 -371 -238 124 -229 -164 256 -233 -33 237 447 -138 -123 -240 -149 -60 -16 94 109 -280 -295 131 -311 477 -65 -258 73 -175 -51 -52 76 499 94 101 -139 -62 -303 133 -104 -123 135
21 146 318 -226 351 425 -333 43 315 329 -22 343 46 -18 -101 -336 283 -166 -351 -188 -309 -259 -326 15 -73 466 -271 68 21 106 -758 -521 60 426 -232 -145 442 153 355 103 -57 -90 440 66 118 -185 75 -34 26 -326
-371 317 59 -94 -46 113 -114 164 -85 59 271 257 -82 -165 -123 107 80 -153 -36 -66 -361 -103 -74 -50 226 340 -139 34 -100 -42 -212 176 -262 -204 194 175 210 -654 393 58 -315 97 444 72 172 -134 -9 233 112 -15
401 -635 -261 141 -692 228 181 -46 -168 -246 333 83 27 120 173 -33 46 184 26 -59 -25 -183 285 -76 -208 -119 291 729 348 -12 13 -192 50 -189 -331 -198 279 71 -449 409 30 170 43 187 90 -402 -159 -280 -520 -120
-177 132 -148 519 -682 177 -110 19 -169 -32 1 94 -262 441 193 468 -410 363 60 -214 -9 -8 198 -55 -344 -268 -97 815 -225 -117 95 -348 57 14 -152 76 542 -344 -323 160 -389 176 213 90 236 212 -45 -51 -390 -96
-669 -44 -324 295 -160 904 -279 196 67 4 87 -36 -399 -223 -398 114 -110 -27 -114 -108 192 -49 97 416 -189 83 0 335 -233 -174 -319 217 -216 65 509 152 -183 7 -324 -6 -274 -283 -13 -312 -48 92 309 216 -97 202
242 49 201 -54 -69 103 -131 -145 -139 -171 -27 -6 7 237 -18 39 -421 -97 424 -369 497 576 96 50 -156 -590 -72 -194 80 192 -38 -24 68 -101 -93 58 399 325 -31 -72 -147 56 -736 501 -51 520 77 -60 -77 -286
123 117 -134 -90 296 -137 122 364 17 133 -204 -31 -326 -173 -385 92 97 -200 -435 99 256 -258 -105 327 -78 148 -165 -112 14 -69 123 -173 165 -121 -144 -235 -75 -20 -178 1 107 -234 355 -286 2 19 162 176 323 1
147 16 -86 108 -36 141 -130 -233 -163 4 -377 -109 -244 330 -233 619 106 144 194 -247 -223 153 377 -47 -213 21 328 115 390 136 -135 164 -141 86 301 -56 232 -371 -117 129 -226 26 -307 -257 -161 -51 231 459 131 326
206 -245 186 301 -470 474 499 24 247 -414 -468 129 573 2 268 -366 -47 366 -519 61 435 353 77 -405 -302 212 -182 -102 -1 -358 -132 -627 78 -7 -209 -341 34 592 -187 -296 -438 -195 -336 -64 79 -365 -189 -175 44 -135
-290 -359 -206 105 -611 -239 -230 463 -171 -44 275 -48 464 -372 171 -265 -120 -40 -435 -435 -57 218 9 305 101 -193 270 130 -27 -537 222 -37 -4 377 166 337 -270 -96 5 -458 -281 189 -23 39 -122 229 230 -10 -202 -253
-163 79 -237 257 7 172 -49 -63 38 46 -607 -500 -93 391 96 54 349 502 -233 342 -175 294 714 -356 94 -161 292 537 -105 -126 -223 96 788 37 127 -484 100 -51 37 133 197 286 14 -419 488 -751 -140 -19 18 -153
-5 46 413 -472 452 89 49 251 122 40 285 83 -355 -327 -314 423 88 -468 407 -313 153 -481 55 645 -157 -348 42 57 174 -333 237 55 -591 -212 -77 -27 26 88 129 -314 -241 -265 45 -139 -302 349 270 460 318 -155
-399 87 151 96 97 283 209 -283 514 -3 -61 10 -17 -450 5 -349 202 321 187 233 373 654 -426 -394 -355 -293 220 8 -18 -489 -252 323 287 -26 34 -494 -318 -515 -771 479 154 11 -318 -322 275 -97 -190 -14 -135 -130
0 -4 46 -79 253 261 -182 -276 -482 366 -630 -481 274 -246 528 -542 384 -248 46 93 193 214 150 313 -91 -115 -444 -425 196 373 208 -91 -64 278 341 -4 -82 262 302 64 -103 -179 520 177 -133 -427 207 -711 -404 234
-20 -104 -244 258 -276 98 -129 -359 -28 -103 243 52 143 60 26 113 -542 384 -110 -442 312 360 316 -250 -79 -149 353 429 5 -47 101 -81 107 81 191 -33 82 78 -523 240 -40 119 -179 223 -118 33 -242 379 -51 -117
223 162 297 267 98 249 284 -7 49 -241 -606 53 -578 154 222 270 178 -82 424 282 297 371 302 -392 -284 221 -277 87 547 -206 327 28 -131 -290 -150 -132 155 -233 -313 187 206 777 -42 -102 -310 316 85 36 192 -83
310 265 384 -49 554 -531 -377 -307 -286 77 -444 -233 -192 146 139 533 -237 -15 36 -232 317 185 234 269 -340 -436 -265 -60 46 41 474 19 -282 184 -20 124 576 457 141 -360 87 256 271 -211 -104 764 -42 189 123 -356
-208 44 -347 231 -554 -164 -153 -52 -103 -23 5 -259 162 157 -297 -241 -341 204 284 50 217 160 -9 191 -100 -93 87 -28 -199 87 268 65 151 -63 -232 205 -357 196 78 -378 69 247 -632 71 -190 350 265 -257 -158 -239
183 122 360 -393 -192 -168 -80 -340 263 5 -421 246 333 -424 19 14 -161 -160 59 -166 154 339 158 -66 -162 -406 -192 -657 -54 -223 -297 63 0 547 492 87 379 -1 -1 50 29 -220 -145 111 71 87 -191 116 214 73
20 -303 332 366 760 -328 -125 76 377 369 39 -185 304 -111 235 -499 199 121 -159 106 228 183 -415 -28 -159 -101 228 100 139 -389 -122 -265 146 140 -335 -117 -201 212 -241 2 282 62 317 -320 157 -178 -444 -304 -28 100
243 141 -452 82 17 -149 -331 132 -226 -125 89 -212 -69 163 -36 -269 135 -260 -281 70 -227 -212 196 130 -32 290 -370 -350 76 222 332 52 124 246 200 50 -173 117 -48 191 -119 93 453 118 -465 48 607 171 -119 518
207 382 -304 89 -462 38 -147 -13 -253 -371 -150 -224 -80 -618 -31 -59 146 238 -102 -263 556 0 -214 -129 38 -338 -838 -370 84 247 238 -334 -33 187 -293 85 -119 -49 -220 100 -156 -273 76 -178 -247 186 262 -73 195 161
283 -148 -126 -505 -29 -67 -5 336 -30 -8 283 25 -455 361 322 -1 67 165 232 312 -428 -318 212 180 224 264 -429 346 82 -197 48 525 -51 -49 331 102 -36 440 166 198 -37 158 150 -170 171 -86 -198 2 204 -204
234 424 452 248 430 388 242 -227 -218 -283 -418 -121 -524 131 45 -66 -81 136 -345 -475 -38 -227 267 -1005 47 281 111 190 93 141 -97 125 -145 -183 -8 -220 357 -300 111 185 227 162 -8 -23 225 -125 -262 84 -68 71
174 428 -253 51 -221 -152 -141 298 -169 -102 -438 -481 225 209 310 428 -450 -60 -11 -329 104 46 688 -51 -174 -324 58 9 -76 151 284 -78 -445 217 354 163 -135 -246 105 -321 124 -386 -521 -142 -124 450 -431 127 81 103
-295 132 86 -28 -245 68 188 0 -524 -46 148 -141 -348 -380 -80 38 73 -5 -379 -90 -223 122 310 -61 287 160 258 260 25 -162 64 394 -17 169 465 148 -37 -957 -99 193 147 187 493 26 108 -272 96 224 -228 225
297 -157 221 101 529 -505 -752 -145 724 194 195 103 -138 495 259 38 197 -100 73 352 427 -274 47 196 93 -132 -90 128 -69 -35 -181 -191 -5 -20 -379 -51 165 260 -176 4 505 -2 177 -219 120 198 -566 81 141 -261
43 -118 -41 18 -174 481 291 449 -195 -264 114 122 255 32 40 -217 -39 -205 38 -92 58 51 837 -96 147 268 -75 -128 124 420 -261 98 -480 53 167 99 -130 -356 233 363 -466 -375 -280 137 -315 -346 22 107 -30 137
-91 -57 -221 175 326 262 63 147 -434 157 120 -8 -375 497 77 108 142 1 8 -200 64 -241 444 -80 120 -29 -261 38 -22 161 -2 392 7 73 275 356 255 -139 -200 84 -544 -11 88 108 -341 -259 -73 -144 342 320
-80 -72 -718 574 89 123 -42 158 -69 464 -389 -122 -329 -404 -434 303 -30 30 -194 27 773 97 -591 -14 -770 -13 -459 -298 79 63 -39 -504 460 191 -447 -58 -27 155 -778 134 240 -15 -296 -222 -445 388 333 -200 191 67
203 199 -344 215 -214 -78 -458 -539 -4 204 -134 137 -65 153 -127 504 -227 -11 -232 -50 310 -196 158 -214 -101 -57 -236 -254 -260 209 -52 -376 326 284 -10 -126 500 61 -303 -154 207 170 -337 545 -89 236 -150 437 335 176
417 -22 -603 -176 -26 -157 -71 211 69 -242 64 -393 -221 -279 -30 -257 85 359 279 -180 -32 -104 144 -13 -519 16 -73 -112 339 -584 20 675 189 481 273 -250 -109 156 -312 397 213 232 -492 -291 -497 -119 244 9 -90 264
86 -34 283 -29 29 75 180 -285 187 194 -120 -108 421 -169 26 -188 -29 -270 69 -181 394 367 -261 317 -105 -391 341 -201 504 91 96 72 -209 -260 185 -247 15 329 -244 -199 -145 82 -69 209 409 -136 -146 -190 143 -285
177 181 225 -220 -193 -52 -40 -126 -213 -359 18 -125 -414 -221 -250 273 -133 25 88 -454 -128 23 758 -56 279 -165 337 220 15 -252 288 449 -354 -5 339 -33 111 -411 -67 -179 14 154 -259 -268 -113 129 -156 801 -49 171
-48 158 314 -297 -227 230 -74 -349 188 -245 -244 178 14 -284 -67 -72 102 308 78 317 -249 299 -35 371 267 -221 -4 -18 261 -473 -160 410 152 154 566 -289 275 -131 -158 54 422 -95 10 -213 11 143 -115 216 52 90
-205 115 395 -320 -93 -363 -167 89 -167 -17 130 153 190 -120 3 438 -331 -446 331 -139 -245 -36 15 122 116 189 430 -166 -137 49 -248 -83 -206 -63 292 282 -36 -383 181 -52 148 -273 353 75 136 97 -191 533 277 -332
-99 38 -33 160 180 -293 -48 88 467 207 347 527 430 663 -317 314 -58 -97 -170 116 96 -15 -454 28 9 -82 6 -383 -123 -79 -317 -256 286 9 -185 203 73 -351 -125 10 -113 -518 -327 217 57 122 -514 261 602 -129
323 260 185 -122 -162 -407 256 128 -51 223 270 95 -200 -17 570 786 -570 -586 217 -152 -80 -142 -40 -38 145 -768 -166 -339 -29 -37 -58 -434 285 70 102 -127 286 -248 -249 -12 144 -190 -163 396 382 389 -132 -80 -64 -119
-237 102 -165 53 9 -137 213 324 -312 393 -149 34 -57 -548 -395 272 89 4 -305 -22 -161 -279 -29 310 -185 131 468 112 25 277 16 -208 -123 77 139 -82 -220 -734 106 65 116 50 207 130 16 381 391 266 399 102
93 167 -22 153 -465 -384 40 254 -73 210 191 -48 -307 -101 -533 -232 -247 16 -31 -125 201 -7 163 -3 176 -189 89 -357 261 -326 -299 -75 654 495 182 26 158 -498 -418 209 206 479 -407 248 68 -101 257 306 328 -5
-56 150 120 -444 12 -699 -212 49 62 425 498 -271 475 -156 -281 -128 -380 -580 95 152 -132 75 -443 629 -196 -89 573 -73 -145 98 45 -193 -66 7 28 87 -205 120 38 -304 358 344 220 528 465 327 -67 141 219 -271
-310 30 151 592 31 -182 -403 209 -148 385 -157 -416 -466 511 -448 479 -262 87 -176 146 -115 -56 196 183 -92 141 716 713 -422 290 -282 -37 -193 40 -131 189 60 -332 -66 194 341 67 -140 -340 537 133 -264 537 -488 124
334 -90 81 362 32 -297 -590 -269 367 -306 156 -87 120 -19 -12 -89 194 17 42 -279 256 -104 -304 96 -276 -283 16 11 -57 -468 117 -239 23 91 -370 -10 348 327 -317 102 -292 209 63 -104 -29 -184 209 -36 -94 -14
-226 488 256 74 40 -94 331 -11 95 -219 -554 188 -19 -515 22 -412 -178 -116 -306 187 357 61 -33 -295 -123 178 -53 -129 -397 -154 273 -354 -50 -98 -60 -346 -412 -471 295 -330 12 114 518 -293 342 -168 -247 229 135 -208
-322 9 -146 -35 -216 -333 -127 -120 301 102 239 16 682 288 263 8 -73 175 -166 5 -77 99 335 -186 -82 -260 568 -5 -382 -146 165 320 -56 -306 277 -46 -211 -293 150 -268 -205 189 261 297 122 -265 -219 41 316 -37
-71 397 651 -254 86 66 314 102 -94 156 -447 -47 -57 -21 -111 237 -350 -269 -66 -8 -212 -183 -162 -137 81 142 345 63 92 196 -267 -237 -318 -211 125 74 -36 -53 311 -37 464 -316 58 38 499 137 -291 4 -20 -204
232 411 129 -226 -398 180 -299 -488 60 -359 -80 -223 -84 -352 -26 -15 490 321 -93 -489 -230 -81 -80 -108 213 -314 201 308 132 -228 6 4 147 -29 -107 -428 -54 -145 -104 -27 -203 -77 47 -311 227 -305 374 207 -194 -115
179 -224 -46 -132 -136 -54 -349 -174 38 -570 364 325 30 82 -375 -14 21 280 -128 -394 100 -351 -16 -117 228 -117 46 -189 -195 -319 -44 356 -283 -94 80 42 170 -206 307 -215 -537 -346 -421 68 397 -272 -223 468 359 157
-298 522 425 215 250 -145 -569 311 101 272 -47 -30 -575 272 -144 790 57 117 150 14 -87 -184 281 367 94 -93 192 442 -423 43 -235 38 -714 224 34 381 -65 -346 164 22 176 -299 15 -333 207 444 -314 445 -227 -79
319 -123 280 -208 406 -195 285 489 309 -7 373 211 170 -246 2 -87 378 -233 8 19 -11 -476 34 -100 249 453 49 -279 356 -141 -519 -628 -65 -29 -407 -194 12 3 115 15 -106 -240 -324 114 -200 -89 -157 231 414 -93
-349 102 153 117 -112 379 -286 337 -174 -333 126 105 -83 -443 -82 -71 158 97 -334 52 -24 -14 -112 184 218 6 -104 384 -247 -505 -560 166 -20 303 542 403 91 -162 30 219 218 35 111 -207 -147 -163 -105 189 -139 -254
115 -155 -831 168 -527 562 -49 -174 -470 -699 185 8 -134 -156 30 673 -212 142 6 -325 -171 -308 -10 -456 -80 8 -99 351 -46 638 264 330 -450 -754 296 -8 -26 174 178 -41 -200 254 78 26 142 -127 280 167 -40 208
-80 63 365 -194 103 183 182 -2 -315 206 -520 103 -415 -356 -342 294 -644 -9 317 -121 -262 -90 -90 323 -464 319 129 121 180 12 106 921 -795 6 403 98 144 140 -114 -63 366 41 274 -587 78 373 -162 177 -213 158
261 197 389 209 -33 -379 -409 -146 331 -689 -29 231 360 45 -156 -125 -147 -204 -350 -272 378 -379 138 -377 220 -154 298 -234 -123 -10 -511 -105 -210 27 -273 -42 609 -195 -81 104 -282 122 -305 -59 307 -350 -157 361 -71 -93
-25 323 96 -126 -283 61 -414 -337 285 -221 -187 284 204 78 -131 -218 38 81 -349 -54 108 -179 -351 -244 193 -138 -322 -392 -366 -187 -14 306 157 124 32 204 275 -192 12 -103 -13 -30 -239 108 -110 -8 -176 295 112 251
-607 32 153 123 -230 210 -19 26 240 657 -224 175 -165 -271 -125 -321 -148 574 -94 150 3 369 70 388 268 71 -191 391 77 -134 -21 319 8 41 104 82 -438 -338 233 -342 -126 93 438 -706 354 94 -93 -159 432 -234
-98 41 310 -466 71 26 220 226 224 55 266 185 85 -80 142 -168 -90 -69 60 110 -1021 -278 -301 89 324 160 -188 248 -143 -576 85 179 223 -43 69 224 -185 61 694 -38 129 -351 384 31 71 -23 -136 -218 -21 183
-176 501 83 -140 785 -43 401 782 -448 412 182 -214 -616 284 151 212 500 -133 42 -10 63 122 409 -306 313 148 -18 104 -86 546 -215 -10 -414 171 127 14 -491 -552 435 -76 266 150 35 -134 -143 172 -205 399 41 -268
245 -384 -245 -363 524 70 76 72 233 92 71 34 -131 40 498 -305 181 -78 231 -54 343 295 435 -541 -131 143 -424 -60 -277 420 -165 -111 -18 90 -36 -371 -123 -218 -5 398 -12 -364 -256 -160 55 -117 -463 -89 -110 -363
220 -130 151 -261 -208 -251 -279 121 64 -517 159 478 -245 -182 -199 173 -3 -379 453 662 186 -136 317 484 -84 -17 -210 -207 -74 -172 -202 115 176 -9 78 88 309 -420 -164 404 422 -99 -229 153 -214 486 -66 478 -238 -261
34 245 -111 28 203 -333 -116 120 45 271 21 -250 -174 125 227 82 66 -115 122 -86 71 -415 39 -200 -56 205 12 197 -628 86 69 -116 247 312 -293 4 -83 -408 250 78 56 147 -341 216 148 -208 -26 153 122 -204
-27 631 237 48 192 -204 -259 -131 207 -86 -195 -484 150 195 256 302 -274 -404 155 77 -9 182 197 185 -290 -283 -235 -174 -156 -9 -55 -261 255 228 166 367 77 -137 56 87 267 -285 274 -177 -59 124 -207 -326 36 -362
-87 32 -598 454 140 101 -222 276 149 66 162 -189 -45 -88 133 110 256 -70 36 -261 497 -13 -229 60 -279 -176 -31 143 -27 177 -332 -27 77 123 -91 -36 -358 0 -41 4 -387 75 -569 -119 -36 -132 238 -150 183 -391
295 -30 -323 23 320 -274 -76 152 -696 393 238 -383 -519 199 320 264 259 417 124 -285 91 -12 -101 -88 -359 25 -100 53 -85 509 -342 443 -315 634 322 80 304 -140 -252 419 18 166 -400 108 5 96 6 -86 -525 116
469 -13 -322 -236 -75 232 -8 375 170 -107 229 -5 -330 215 21 -308 -36 29 319 78 -78 -8 97 34 38 246 -549 -365 204 388 -170 -191 -33 15 -28 -47 -78 571 -91 154 184 -239 -110 -87 -484 319 140 -122 -199 347
162 73 -292 416 517 -366 -357 72 110 67 106 -328 -187 123 237 -480 179 150 -603 -79 706 293 72 -348 54 287 -321 48 138 -204 -44 -224 370 181 -80 -131 180 -36 -179 19 96 430 -138 -159 -87 3 -293 179 -173 -227
32 73 309 131 33 -218 349 302 -527 -491 -420 60 -293 -263 -120 325 515 409 39 122 -59 -45 604 -83 41 274 377 335 -212 -171 358 44 -352 -51 -374 227 -11 -351 388 72 -61 394 94 -231 -354 -118 118 131 -47 -260
-104 -314 151 -40 -96 -127 2 -116 394 311 388 917 108 -281 -338 280 -481 -198 74 -134 185 -169 -504 266 -187 -199 301 -132 257 -361 -99 -186 83 -281 -351 -139 146 -88 -78 -437 414 176 232 97 -85 418 -248 238 281 -499
215 -64 -327 -82 331 56 -56 -125 19 -227 148 -9 -115 668 209 208 266 -70 73 -119 39 6 350 -199 -145 -307 -110 246 -55 101 552 303 245 -430 -61 -187 468 -117 -167 216 -278 -13 126 270 -219 -84 -308 149 177 -226
-4 316 -498 -154 48 713 -368 -331 -350 42 155 46 69 371 116 184 -177 198 -243 -119 -260 152 -107 -59 262 -265 -476 149 -121 676 -228 235 217 -181 388 -107 274 146 -130 214 69 -162 342 94 -77 14 -149 -66 172 52
398 -131 -940 272 -222 -35 -300 100 -21 -263 12 -30 -54 209 -212 -10 1 75 -147 -126 -34 -696 -158 -55 -226 59 -459 -74 0 11 315 220 165 282 -40 8 5 347 41 38 129 201 -140 -221 -146 -261 207 -95 163 14
324 6 301 -314 240 -393 -135 238 12 -466 385 233 -86 -180 42 -124 635 164 250 280 -60 -310 -423 109 411 -176 166 -25 23 -55 -222 214 -172 90 -543 104 -2 -157 490 93 303 127 -184 20 -52 -278 49 41 -277 16
7 77 -39 289 -85 -177 -148 397 -408 80 -379 535 -325 -273 -98 426 269 -2 -193 -15 196 68 6 187 -66 142 -198 -319 285 -138 -643 -108 -80 719 248 96 460 -679 -417 300 -123 8 2 -212 -339 302 456 209 -79 145
422 -25 -136 -228 216 -296 47 -9 -239 -157 472 397 -3 240 40 133 -3 -93 -9 38 181 -53 -3 52 33 -117 -35 -265 120 525 -63 -346 -44 -129 -256 -209 485 162 -125 340 64 167 203 547 -350 387 203 96 -186 -110
-55 405 134 -83 -360 -150 12 -170 -606 -65 214 -232 210 -12 -295 -144 -355 34 -257 119 261 -249 -116 -27 -8 95 93 35 -449 280 -190 -318 -141 237 -3 296 135 -460 -105 284 353 -164 -243 346 248 -5 -506 215 -432 -188
-32 -345 253 399 570 -223 -251 297 22 145 -52 96 -465 48 178 326 51 -29 -42 106 -137 -689 262 25 -63 771 494 480 97 -201 -528 -20 -300 -65 109 88 292 -97 43 363 136 139 196 23 151 -113 -170 99 -164 206
-282 237 665 -350 286 239 506 -403 -152 -134 -292 57 -254 -311 -148 29 86 -8 415 -95 -470 371 300 -391 198 424 652 438 331 -510 290 266 181 -356 -44 -91 -372 -520 486 -269 231 429 54 95 -12 -98 170 128 225 -309
41 -86 -214 444 223 303 69 -279 -531 -514 -180 -13 -288 -62 44 362 478 145 257 50 383 51 -70 -288 -152 18 129 320 330 194 283 -326 -84 -194 -522 -28 -252 280 -224 264 167 277 -39 235 -366 40 355 -343 -300 -186
251 110 -395 -380 -250 -248 -82 -441 -704 -9 275 -428 271 -70 -77 18 -259 37 -534 -169 -43 354 441 232 -404 317 -148 2 24 52 286 190 -197 238 858 32 499 171 -235 -40 -219 174 608 359 52 -61 -166 316 -131 70
-29 -382 -79 -218 374 -165 -233 -67 326 51 93 65 432 141 196 56 262 -306 6 170 367 325 282 446 -84 -147 22 112 -228 16 204 -20 -353 -92 -23 -33 54 399 141 -57 -467 -257 -245 209 -47 230 12 40 -56 -211
-24 272 634 157 40 733 88 -315 244 -39 -254 508 103 413 190 151 -115 31 -340 75 212 278 17 -104 74 -203 -220 263 271 33 251 108 -362 -425 5 68 532 148 -222 -221 23 206 562 130 -191 53 -390 131 -21 23
-247 -252 -125 -361 562 -266 -79 -138 89 443 -157 -418 536 20 26 -31 448 124 342 29 -36 452 -300 244 -21 -375 338 13 -225 266 -92 39 281 149 -34 37 -317 217 395 -76 -3 -331 -549 -81 70 -16 -116 -183 326 -340
433 128 351 -242 129 -158 633 -47 445 194 98 -276 -34 -48 -257 -657 -229 -100 -265 -223 -14 46 209 -392 178 206 -53 -324 257 -392 628 133 -83 -15 -432 -230 -226 -150 -44 -133 53 151 -381 -78 69 -136 -229 54 18 544
480 184 -14 -426 27 -376 -12 125 -83 -137 164 240 -136 18 349 26 137 -64 -239 -423 260 203 38 -152 286 -490 -7 -116 -14 -95 158 -310 228 22 -536 -313 194 175 -66 -232 -279 400 -95 259 -400 147 608 -55 -192 -244
-225 -193 -59 -223 26 -390 -326 -200 540 131 20 -40 312 -183 -313 25 -75 -163 152 76 306 773 142 404 -145 -218 478 -286 -267 -327 -37 85 442 167 -242 -36 195 50 -276 57 -31 362 -641 256 -57 229 336 -47 83 -398
184 -115 -280 -18 -558 -8 -34 -276 204 -161 -38 -72 514 -129 171 -120 189 199 -419 119 -230 194 -425 -142 156 -38 -145 -100 -137 -275 183 14 243 -93 95 -266 232 606 -575 -19 -124 41 131 -131 -36 -360 290 -91 -425 375
-198 -534 -377 191 -214 181 -181 -4 -94 -367 -15 47 321 55 108 336 -209 -41 182 -108 -178 54 -59 106 133 -68 12 130 75 183 275 432 -428 -227 66 587 -173 450 -59 43 -172 -76 148 -174 -139 140 369 -660 158 202
-562 -274 -473 717 -528 188 -204 -89 248 104 -193 -98 481 278 -422 93 -774 19 -53 53 83 73 -176 -73 -310 197 537 -39 -11 549 -394 -383 -49 -375 -144 277 -451 208 199 -214 -92 -471 -628 116 379 337 -132 -302 -4 209
394 94 139 211 169 -102 102 283 79 -426 -221 134 14 -383 -5 347 -65 -394 -8 -459 505 -89 -273 -174 -451 -147 -338 -314 -75 -411 151 -28 -119 91 -68 173 263 173 -101 -97 -220 98 -364 68 -53 -1 5 156 309 -291
501 -125 -311 -289 -319 195 -345 289 137 -244 -102 342 219 -139 273 -194 26 -331 -64 222 141 -510 -230 365 74 -388 -719 -363 -276 582 138 -258 -247 91 -177 -217 -75 673 406 -209 91 -415 45 157 69 80 25 29 -239 124
74 431 285 302 -16 -271 -30 13 -373 -120 -433 -327 193 -276 77 -59 352 -256 -149 237 381 128 -135 97 123 -187 -328 -289 -48 77 354 34 -133 157 -66 405 78 -171 -95 183 198 170 39 134 -359 118 85 -73 -89 180
38 -89 32 -261 -300 77 -62 318 17 -239 427 236 64 -13 261 81 253 -252 -34 -29 -327 -251 311 577 473 -451 -51 88 3 -535 476 458 -132 -364 387 80 204 158 168 -370 -351 289 264 262 -155 -123 -40 85 88 -170
260 343 111 57 451 -27 -36 87 -237 -384 -359 -215 -421 190 -232 -16 52 334 40 -159 171 53 357 -213 -188 330 -92 31 128 19 189 133 -197 253 -335 315 -117 -107 -12 109 166 -223 -462 -325 -780 575 -14 164 -90 288
-34 250 -622 -43 -170 -300 353 -55 -73 190 385 -292 103 -64 43 -195 -361 0 279 -240 -11 235 83 -227 -150 229 -156 -601 125 -196 272 -202 653 -23 -129 -387 -165 185 -91 -429 -172 496 -6 294 -525 90 529 -198 511 -42
-78 -269 -366 -386 12 -387 55 375 -406 153 276 -135 58 -374 -109 76 628 -258 25 -76 -204 65 164 132 429 -72 267 -197 184 -123 -231 249 249 458 320 162 -339 -329 212 175 43 1 -344 -18 -429 -320 637 214 -130 -31
16 362 -4 -211 210 -99 -33 -515 126 149 -94 -64 88 189 17 162 -16 -354 773 -95 -108 124 -420 66 -425 -593 -53 -161 296 132 429 117 128 -334 -243 -124 198 -12 145 -111 109 188 313 154 -300 -88 -29 -355 96 -283
-205 -47 154 528 -372 464 15 -567 6 -217 -470 -58 166 82 -29 -153 131 122 257 68 -210 277 62 -531 -2 558 698 27 566 -101 -246 384 96 -319 30 -146 -52 -389 89 136 462 392 -187 231 -9 -466 139 -238 -333 357
-482 175 -105 415 208 149 303 44 255 -274 -281 -16 39 -20 -132 296 -109 -178 66 -66 214 182 -163 -237 -28 -392 247 -292 187 -44 193 194 -41 -529 457 -19 -546 87 142 -330 -372 -130 47 -187 157 27 300 145 599 202
-341 -245 -303 266 32 129 -536 -483 274 -84 296 -146 -35 -266 274 188 246 228 344 62 -75 -54 -425 -197 77 163 149 26 -48 -461 58 358 -144 -291 145 47 -330 325 -10 -53 378 -23 -11 -100 -179 -8 -39 -54 -371 403
392 323 -83 213 -202 96 -143 368 -403 -62 133 -152 -697 123 122 -117 -118 348 -141 -331 -73 -255 51 -160 -158 139 -413 323 82 -365 -58 -40 195 557 -96 116 66 37 -237 -63 208 266 -30 -341 -370 142 -150 242 -327 4
-143 -35 -262 181 -73 35 -346 -4 37 -3 201 427 -203 -9 14 532 -201 -129 293 -696 -97 -173 125 134 1 -555 94 141 383 -107 -54 535 -370 59 319 275 -10 -387 309 -61 -153 5 115 -66 -37 200 56 -163 96 -133
648 104 74 -38 362 -107 -49 441 -435 -215 -43 -131 -356 97 105 187 165 -322 -301 31 218 -384 114 290 -184 206 -233 -51 135 -172 219 61 -398 151 187 -266 460 89 -252 -49 156 300 146 193 -16 82 -119 532 21 267
-46 -177 -542 348 -240 -386 -399 -141 137 -6 -54 -147 512 -7 275 -56 -104 -63 -355 8 -144 -248 312 -166 321 -58 -32 -232 -297 -166 252 240 125 -54 404 -35 -42 255 158 -149 -68 33 256 107 -110 -244 -5 126 158 774
9 -84 575 -417 -115 241 -117 -255 -31 -270 -269 -157 296 61 81 99 143 -76 627 132 -694 61 298 434 85 -81 494 323 -9 -107 -114 542 -269 -180 440 77 293 169 264 194 -69 -206 369 38 148 -715 74 -158 -100 172
269 -419 -303 70 431 63 164 29 -195 -7 57 166 35 253 44 414 366 -76 -38 -149 60 -435 -142 -226 -148 -179 215 215 77 93 484 -281 -21 -321 -376 -128 -108 159 16 32 -220 -184 -328 518 -227 -54 184 58 79 236
26 142 -355 -90 -173 -61 -177 310 0 -242 28 -96 16 57 168 66 585 -94 -142 264 -257 -301 16 -38 293 -149 -268 -192 -228 151 -185 -310 466 -91 167 -143 -84 131 231 465 -563 -187 25 500 318 -186 626 -20 361 68
82 -246 -212 -99 -202 -492 -178 -521 -170 -107 -332 -540 195 -421 -235 -184 -373 80 351 -446 -307 253 -268 -141 -322 -138 492 3 274 37 543 477 227 -158 -110 60 -26 198 224 -50 195 240 -142 -93 204 -66 234 -284 -323 48
116 190 -239 -322 -184 -268 29 251 -451 -339 -153 -99 479 -116 -120 172 -67 -160 -370 -236 -45 -90 -235 182 8 -772 193 148 -252 94 286 129 -181 186 4 124 -159 28 89 -237 -101 -110 -230 -214 120 10 -102 87 -13 -382
200 -162 270 -276 370 -134 -33 -58 -174 -341 96 174 -230 -285 93 100 29 -481 -141 -43 -308 -459 363 2 371 109 172 167 -65 272 26 346 -185 -215 -56 -59 -2 -615 379 136 -32 -183 290 -380 120 -91 196 260 -200 -82
118 44 229 166 44 -69 279 -231 74 -80 -425 229 -111 -393 -77 -189 90 0 66 57 263 268 430 -106 -112 105 -219 -471 119 -305 468 39 71 -179 169 -355 23 -481 -59 106 -245 276 503 -73 78 -82 71 160 644 49
-103 232 138 -78 178 -148 104 68 222 321 -356 -139 213 233 -199 -334 259 348 -48 355 55 210 222 -110 190 295 54 -221 -181 228 -286 -368 426 180 -259 -368 52 -139 292 -78 78 -83 -44 51 104 -231 -36 189 696 -23
-12 -131 -210 46 -94 -121 -130 78 -297 151 293 -42 -591 173 -63 76 38 556 -65 -382 31 95 -356 77 -119 -273 -289 118 69 177 129 -129 316 191 -584 -66 44 3 -341 -78 -413 132 330 -448 81 382 708 -269 -145 -289
-100 -34 -159 69 -339 -39 -143 -280 98 -15 -531 -172 213 -259 181 -109 -24 187 -444 -168 -70 493 -12 188 23 -53 -308 214 63 -501 439 274 206 5 204 -65 306 581 -130 -322 -569 276 435 -355 -162 -139 339 -143 89 144
-376 234 62 -266 309 -431 -446 291 332 -116 -201 -262 125 -289 -62 -95 322 -310 87 588 -56 -285 -316 446 24 139 130 -129 -650 74 0 83 -180 -86 142 227 -434 46 524 109 325 -300 38 4 213 87 -66 63 -12 -226
-212 142 354 -187 247 -27 185 85 338 -129 -90 207 520 56 -13 70 205 -413 5 435 -125 274 -205 447 3 -382 412 -211 153 -16 -361 -542 -51 -24 232 -46 -27 273 36 -38 -388 -92 -36 252 -62 165 310 -16 181 -55
-11 106 -117 -5 71 -553 129 -76 147 169 -93 -324 -44 -206 89 -204 -39 -480 -176 -42 64 -340 -370 -31 90 241 -159 -241 108 -656 521 -1 164 41 -178 -52 -141 -90 -32 -526 -64 70 -101 -255 -1 -211 -101 -55 -164 203
-33 309 -577 194 -439 -47 -108 277 -180 -322 158 10 -329 297 115 59 207 291 -358 -105 24 -311 523 -308 671 -46 -180 413 -286 54 163 248 389 76 -50 307 -399 -595 102 -26 78 195 -327 -214 -520 -110 449 -78 -177 -154
308 149 120 -181 -4 -139 95 161 62 -81 169 -101 46 623 -60 114 -173 -105 237 -309 44 38 748 202 136 -241 37 174 79 -10 628 402 -271 -2 63 320 -44 -19 38 -129 -277 87 -521 182 -526 297 -4 358 256 -45
97 402 -88 94 26 94 119 36 -73 -60 412 137 -277 -15 206 193 541 -94 394 155 -30 -158 -183 -12 -372 64 -381 -22 424 -804 -45 -92 43 333 -43 -106 152 -238 -543 111 193 357 277 118 -629 -17 120 -188 -329 33
-173 -241 -196 -112 -80 -109 10 93 368 -51 365 16 488 121 345 -109 -127 -28 110 96 253 273 -151 -197 75 -564 47 -150 -761 218 114 -153 29 -251 44 -178 -201 661 461 -313 -230 79 -478 574 464 36 -204 214 -30 -120
-33 199 440 -301 364 187 604 81 -164 396 -382 -50 -368 -114 -13 -200 186 82 -348 107 -235 71 41 23 -107 152 -36 3 208 -261 -43 -68 285 214 239 -236 123 80 72 -293 -286 240 250 -213 83 -152 306 61 27 61
206 -162 -165 -220 -255 -657 -60 -49 -397 -131 587 -358 190 347 213 451 95 -165 130 -18 -372 65 29 312 534 -313 158 -246 -145 -328 643 342 -9 -262 264 188 -30 484 -122 -204 -198 287 -39 265 -60 -33 296 46 -51 11
213 68 -141 139 -46 113 382 95 -267 110 411 77 262 401 -141 25 -87 315 -241 75 209 272 17 -145 50 -190 0 61 12 414 -126 -438 159 0 -390 -381 32 390 -64 -214 0 369 -246 222 -16 -88 47 240 -61 -269
273 255 -273 127 210 -174 411 658 -246 125 942 -103 -621 233 -197 70 3 372 14 -512 37 -178 65 -172 -91 175 -68 73 144 61 -309 -121 -226 410 -301 85 -195 30 -145 308 -253 -52 -191 14 -243 63 331 -60 -310 83
276 47 -272 31 331 60 137 357 -104 -196 103 70 -22 348 -280 -56 -93 -382 -104 297 110 -196 -73 -139 -8 397 -97 23 -193 423 -206 -388 60 -205 -89 -165 -280 240 71 155 135 1 -48 226 156 -283 -14 228 185 48
388 -159 -278 319 153 165 -103 79 202 -49 196 257 -103 -8 22 -30 -54 -479 -166 132 526 -504 349 107 -268 -175 -148 -435 121 249 -82 -347 -104 -136 106 -355 53 212 -114 8 87 98 -89 420 -162 171 53 153 14 189
89 181 298 -301 378 61 75 106 219 -67 -113 -75 -120 33 332 244 -176 -390 295 58 81 -87 -50 -83 25 -134 -332 -201 152 -142 14 289 -256 -282 40 -19 72 156 46 62 174 -256 -190 -119 72 269 -326 -127 160 -180
-63 -70 542 212 189 46 -183 -77 17 -14 -495 -73 194 286 160 -111 250 11 615 380 -235 12 20 -2 136 96 256 -206 -75 -53 -207 578 -96 -80 219 111 343 340 222 117 270 370 119 90 201 -602 -257 -131 149 188
15 -114 -72 514 -67 652 54 10 150 -96 -480 118 -98 218 246 1 -150 227 37 -417 2 -67 529 -296 -211 16 -356 131 138 -214 8 320 -185 124 322 61 513 -23 -17 328 -380 -100 -126 -163 -96 -173 22 -466 -102 215
52 154 131 -78 -277 -268 175 335 259 217 -76 264 -89 -475 -62 9 116 -95 -222 -3 377 -131 -84 -55 -300 151 154 -43 -9 128 -299 -597 -104 105 -343 -279 254 -177 -283 -69 220 368 37 98 -109 271 37 219 -147 -524
213 15 -172 -101 -314 -344 -153 137 -135 -223 49 -195 22 78 328 -302 326 -190 420 242 -287 -259 464 145 259 161 131 -219 303 -96 227 188 -242 92 239 21 -276 73 321 163 16 234 56 208 -172 -242 35 -70 -200 151
180 503 -125 -408 287 -432 -20 275 -314 243 124 -593 -167 -194 135 -302 -37 -375 -212 96 220 64 543 -45 272 -4 -191 -296 -312 372 159 -129 277 331 47 13 -196 -155 -43 243 511 207 -223 72 -456 219 -5 194 -109 -438
203 290 448 151 -25 395 -155 514 -135 -118 -211 68 -599 244 -330 -155 -17 24 -8 -27 -89 -381 154 372 -130 196 -344 51 -44 374 -291 -29 -659 65 130 78 205 -215 508 264 -105 -448 285 -276 250 161 -183 438 -168 231
246 364 -489 -202 101 -297 -372 -90 -544 54 511 -213 -130 -207 185 250 37 51 -294 -92 170 83 -315 59 -461 -163 -649 -46 -374 118 115 227 101 448 160 163 469 -79 -346 132 413 243 385 224 -312 290 -245 98 -459 -176
-49 197 -26 234 138 -133 -148 198 -276 56 -328 -277 -504 200 10 -55 362 724 -83 -19 98 398 377 -131 99 27 -140 246 46 240 100 558 -228 308 13 271 -63 57 -168 129 -257 252 -95 -645 -377 313 231 161 -49 147
8 -157 -82 -295 -312 -60 97 97 36 -83 344 116 545 33 215 43 168 -62 214 -189 -27 198 53 318 -121 -580 90 -495 -157 -194 56 70 103 117 283 -121 147 247 125 -177 -568 -85 20 455 -175 -188 361 96 156 -13
194 -418 -475 57 -310 26 -12 109 -233 -303 57 -39 -71 203 -96 -307 61 484 -236 -107 152 158 201 -304 265 -80 -105 -222 -90 457 0 218 236 -217 -260 -193 35 303 93 -138 -216 223 -241 -301 -136 -144 471 -64 -113 26
220 -287 -240 -63 -197 -64 -47 -159 -133 -516 291 57 5 -354 195 539 -251 -3 19 -239 162 -263 48 -153 201 -471 319 -118 -182 65 133 -313 -212 -275 -98 -83 -14 346 -66 -3 234 -289 -358 286 -302 251 124 117 -354 375
-472 -120 -276 197 -60 248 -285 -287 39 -113 -265 7 -144 -230 -239 -22 -396 -261 184 119 284 -97 66 -175 -112 -2 181 -144 -114 215 -261 5 179 -259 321 133 -184 -265 -189 235 266 -424 48 137 -39 38 -62 -129 131 309
-257 -364 -705 258 -646 578 220 244 -465 172 -19 287 -43 -296 -349 290 -454 262 -503 -388 -344 -376 -512 -103 69 -113 -312 505 76 385 -172 85 157 5 74 280 224 -169 -322 -103 -124 -308 125 -458 -102 -37 247 -252 -22 291
219 231 670 -548 377 -130 -173 -214 466 -157 268 285 382 50 -177 -132 67 16 -52 -102 -181 45 -441 513 107 -132 59 -159 211 -367 57 281 -155 -49 -54 66 306 248 70 -393 121 -30 197 137 -275 445 47 161 429 31
63 -97 -39 35 179 -237 304 112 51 311 227 379 -205 223 -308 100 108 -232 201 227 199 89 -570 -279 -322 685 40 -478 368 262 -247 -527 100 -55 -311 -95 -92 -104 -454 44 335 94 -96 470 -264 481 335 60 108 -95
40 270 105 -428 -422 22 13 57 360 -20 -409 412 -95 -82 -297 -442 379 -112 274 31 -434 -312 -43 -181 113 -148 107 -57 406 -158 -60 -261 595 -72 -509 -358 -97 -301 529 -237 -129 470 139 186 34 -449 352 -23 401 -261
302 299 286 7 -107 -103 -256 160 -184 -87 208 40 -154 -88 -187 513 -121 -413 -27 -253 -116 -299 2 157 -249 -31 283 158 -23 420 -491 -202 -259 226 -157 43 571 -417 -424 546 30 127 360 133 320 -38 185 321 -90 -192
-141 146 88 -7 -567 517 313 -312 -258 -184 -393 -102 405 -136 -112 -142 39 7 -40 -194 -403 282 73 -175 -76 -174 55 96 292 -164 305 25 147 -278 30 -25 -96 -225 -141 -93 -373 58 214 29 49 -331 221 -533 134 -95
-114 -232 -216 324 34 205 302 -38 81 107 327 -100 25 89 365 51 -244 88 347 -214 199 209 485 -109 -32 -186 95 180 370 -41 167 243 178 -182 -117 298 132 -353 -211 256 193 7 -22 107 -432 -110 -244 -822 -196 -40
-231 510 164 -77 202 175 189 25 -585 120 50 -224 282 103 -247 41 290 -79 60 53 -5 320 -241 98 -148 -97 238 -260 -51 129 -75 209 -285 -39 436 226 -73 -22 -7 -179 -342 467 -51 435 -170 -230 128 176 376 18
132 -102 104 256 375 14 64 31 288 -125 -219 214 -236 -81 287 -48 -70 -345 14 388 485 7 510 -447 105 107 -99 -17 259 -189 -164 -116 123 -303 100 -216 -289 -275 -39 75 666 55 87 -226 67 -86 -590 28 -50 -127
28 179 363 -382 561 15 520 293 -218 157 -454 -144 -122 -94 101 51 -209 -473 482 -213 -383 14 386 -93 103 188 57 -419 496 -238 -129 246 30 183 417 14 205 -28 -14 344 213 -171 87 -100 -508 0 -14 -118 299 259
-197 137 -32 18 -30 -96 114 147 158 231 15 -28 35 -144 -220 -429 -97 -127 -216 -84 -217 10 -103 -25 -22 -18 -167 -52 446 -375 306 161 770 83 -184 205 -50 -624 -142 -104 194 183 298 -76 -304 167 15 -264 555 -272
-36 3 26 162 278 262 -208 -158 101 108 -291 23 -342 -164 395 260 23 380 68 -81 -329 2 249 -252 138 3 -453 395 253 -73 1 363 -86 388 260 285 70 183 -170 500 181 -62 642 -519 -30 44 -174 -301 177 289
43 -171 491 -320 -289 186 -36 -457 -88 -470 95 524 411 234 -10 -186 198 -189 47 349 -192 52 -185 210 226 -363 339 28 60 218 70 -152 -110 -266 -197 163 7 54 -261 -144 -245 -103 248 237 -123 -78 245 -219 -329 -89
124 -325 -91 278 -455 388 195 -398 -23 -138 151 189 -46 270 185 292 -116 318 207 271 369 365 100 -275 -114 -97 234 494 28 89 36 52 41 -324 -105 -152 27 341 -726 438 256 315 -446 347 272 -47 -377 -60 -376 -379
160 -280 -578 149 -89 -168 -722 73 259 75 363 144 243 313 394 57 338 608 -202 93 -97 -238 -195 -107 358 -244 -843 -158 -601 447 -142 207 190 427 15 229 -29 201 123 357 -218 -575 74 -49 135 -84 -202 63 373 372
84 -71 -355 -83 -388 64 154 89 -193 89 199 -221 -398 394 54 52 12 180 105 68 68 131 142 359 26 -125 -289 423 -90 61 678 517 -17 -109 -116 103 -195 294 -314 -116 -189 390 -177 -181 -265 255 362 -43 -283 -24
284 125 -323 344 -512 -274 -86 -144 -323 -342 -568 -225 305 -334 -22 263 -84 234 -155 -367 135 -67 -571 -66 -371 -204 -316 -398 -44 -2 443 -123 -140 355 -378 319 145 736 -344 -146 -105 -39 -95 -369 -341 175 325 -448 -158 106
-379 -139 -166 -156 179 159 -154 42 -179 532 57 -56 209 216 -61 -336 -116 -283 -131 566 119 489 -456 260 -150 328 -8 -84 -274 512 -190 -43 322 -4 147 255 -110 2 18 -77 591 99 -25 519 38 288 -170 -185 -205 -181
208 540 337 -155 81 -758 -546 139 13 -227 95 -14 -135 195 -28 384 -11 -315 -70 -53 -51 -398 -88 119 87 -441 74 63 -239 162 -75 511 -494 353 345 467 296 -677 79 227 290 -39 33 -24 246 171 -554 705 -165 37
207 -167 -231 20 -396 -209 -178 -59 291 -259 676 -84 -97 179 53 -226 -467 251 -52 -130 223 -222 282 -218 80 -173 115 357 -201 -51 406 465 -150 -351 -105 161 -106 -42 -286 -189 188 70 -204 -54 36 90 -711 264 -56 46
-569 327 -203 227 -52 46 -4 348 302 212 -204 -98 -145 -494 -362 -487 35 -66 -144 85 137 -86 -327 -19 244 140 -248 -5 -366 -313 66 219 273 106 -178 121 -450 -131 235 -98 46 254 -174 -110 127 -40 218 -169 119 78
-258 -171 -88 302 -6 149 -124 206 -371 97 104 -216 54 -53 -213 248 133 115 144 501 185 4 -439 760 -247 -70 297 225 14 520 -476 -458 61 -92 9 271 -46 833 -313 151 192 -66 47 -8 -317 249 248 -44 -201 -258
247 -288 10 -390 253 -461 -315 -144 103 -145 278 52 -77 42 132 286 502 570 -10 313 -501 -148 161 420 255 -10 156 456 -284 -44 129 254 175 -104 35 -74 291 -151 64 442 -23 -231 354 -210 1 -53 -29 262 4 3
104 -29 -14 43 -336 602 139 116 -94 -222 -57 265 348 216 -114 163 -378 -295 -85 -19 88 -80 152 152 0 -17 -198 -361 -216 42 -45 -259 -94 -195 268 -28 151 -205 67 -179 -32 -534 -483 377 -96 197 -134 215 96 273
-58 -435 77 -174 324 -102 281 113 -259 123 12 75 174 168 173 281 211 190 114 -237 -69 556 212 -76 46 -138 542 -49 207 -3 -266 724 -482 35 580 -145 141 -63 -25 60 -190 -224 -339 205 238 49 -279 86 118 194
-582 -75 391 -167 4 52 -203 -421 124 61 287 258 19 -128 -373 -66 -219 240 39 434 88 -40 -45 488 296 -413 694 374 -272 -81 23 357 209 -273 185 142 -318 -281 -74 -79 378 -30 187 81 189 240 -191 474 242 -91
-203 -278 -399 65 318 117 353 63 -368 80 241 95 27 35 -52 -64 -454 63 -629 111 207 54 89 -83 -101 315 70 -207 -691 52 214 312 -74 -205 457 -284 173 6 -100 -260 194 -8 184 199 61 103 -280 273 -233 440
143 86 459 -502 562 -210 -100 79 166 -7 -346 5 -22 -76 -28 -42 -206 63 -306 -166 210 97 322 17 -27 -144 -58 -48 -357 -21 105 267 -285 126 353 200 7 507 488 -394 -59 -106 -166 -425 -132 259 -287 702 151 -196
163 100 373 -50 -2 -734 -124 517 119 131 365 -48 -76 -82 -126 -114 26 -227 -195 -259 125 -204 -219 361 208 56 24 -358 -113 -497 120 -364 122 179 -521 197 43 -463 -15 126 -97 278 -38 116 188 326 374 -149 365 -543
233 66 -139 226 -203 -681 -80 289 -469 204 197 -421 -81 -115 -346 -32 146 163 -207 263 346 -125 146 664 -160 227 135 -93 -12 53 -49 -197 16 337 -7 115 94 179 -230 -245 136 605 -209 -134 -127 65 183 194 -118 -437
128 136 219 -303 355 -448 331 71 829 513 258 126 -2 110 -209 105 -56 -226 385 99 -28 11 -167 3 -414 140 -110 -332 450 -520 -52 -344 326 104 -505 -164 150 -183 -113 -284 157 323 -60 -235 -130 221 -395 139 839 -409
303 300 -200 -32 -372 -7 96 297 -623 -14 -257 -203 -81 -240 -16 -38 59 -179 -15 -300 39 -224 130 121 57 -42 -309 -433 426 53 319 -41 -107 132 -143 -50 -128 66 68 -544 -61 227 -91 10 -418 146 525 -230 64 -1
91 -100 204 184 161 217 99 289 291 -448 -129 249 149 377 615 -467 137 -21 24 125 394 174 663 -354 -115 135 46 49 144 -286 -321 56 -254 244 321 -108 -163 111 -85 327 -309 226 -351 -23 -217 -104 -362 130 -68 -339
139 -166 -183 -56 344 273 -76 159 -14 1 164 29 -269 255 -204 124 229 339 -43 31 -300 -574 201 -119 -129 462 151 505 110 249 -326 338 -243 267 123 133 -82 -18 -123 546 448 -507 290 -294 -257 -227 -254 333 -86 499
-234 4 -30 295 -391 502 -326 -225 -180 18 -64 19 -53 270 -132 -98 -16 -75 -258 -67 -437 -414 105 241 224 -277 159 209 90 342 -56 42 321 -341 50 36 325 -314 -161 213 -488 -45 738 60 150 -579 445 -315 -35 344
117 -358 231 -16 -57 -188 -474 -288 597 -490 -348 405 166 -170 159 177 -268 -369 -227 -27 432 -21 -272 262 81 -297 112 -119 -194 -245 93 152 -288 -206 99 -42 219 501 -391 26 -74 -374 49 -143 271 234 203 10 -226 123
37 266 -552 587 -381 -160 -448 -120 -198 -70 147 -165 -658 -297 -355 513 -374 -144 -210 -216 451 -365 -174 206 -287 140 -248 10 -212 189 128 -429 11 -23 -443 125 324 -220 -691 -69 103 68 182 -194 -186 409 102 40 -280 150
-177 42 213 405 -331 148 -259 298 19 -82 -146 471 -145 -9 -41 91 -135 130 -765 161 471 -69 -82 272 353 193 -82 103 -500 155 -438 -549 -121 104 -234 -119 -136 17 -296 -101 -274 65 259 -312 509 341 352 291 141 -297
13 227 31 -16 201 -199 -277 -519 349 86 270 5 -414 -17 -138 409 241 -479 376 114 -262 -122 -486 -17 52 443 -222 -318 -26 8 105 -199 186 -257 -233 -68 -100 -240 -115 204 -34 -37 -15 54 -19 297 587 120 -39 -46
95 -305 -206 -359 -125 -451 85 517 21 2 454 -105 352 -136 12 -310 131 -127 -42 133 -139 75 -196 234 76 -631 473 -121 -408 236 -10 -158 333 -8 -58 -194 -326 70 15 179 -174 -110 -265 307 391 -242 -79 220 -206 -149
-100 -30 253 -42 61 -105 220 -204 -271 102 371 -78 142 -194 -38 572 -402 -343 234 -134 -660 -215 -516 -150 -197 326 502 245 46 141 -30 -393 -380 -147 -40 342 -63 -162 23 52 191 -40 230 333 277 48 20 -140 -334 254
4 229 350 -258 339 -199 -124 447 144 -86 272 -15 -17 -192 -182 -702 847 155 -97 252 392 86 -319 121 218 -196 17 -425 157 -50 -441 102 -166 330 -276 -36 -377 149 297 -104 26 292 -237 -9 -225 -107 334 264 -232 45
28 336 722 -597 239 74 -368 -318 206 -449 11 -110 -95 -357 -101 -42 6 -148 472 -18 -709 -320 61 13 77 222 479 152 69 -280 -381 475 -276 -142 336 152 82 10 613 50 390 199 171 -80 48 -128 -7 295 -45 5
89 -237 107 185 -225 414 -7 -88 202 -433 -298 -145 -203 334 -113 -345 8 213 156 192 -174 -2 434 -58 -130 324 54 593 117 -30 255 65 65 -276 -480 195 220 -181 91 170 -44 -230 -215 -168 -249 -303 -114 -420 -436 136
235 16 -157 158 -80 198 495 130 -261 -234 -25 233 -352 194 67 239 19 429 -326 -217 167 35 465 -660 434 288 -187 24 37 -18 222 -14 30 -187 -186 -175 -45 -287 -182 -254 97 133 -279 -281 -307 99 -291 310 255 4
310 -162 41 -152 290 -167 -130 -432 447 -151 292 -19 92 14 335 -130 9 244 390 -226 -126 346 218 -95 -223 -352 -164 14 246 -462 308 374 341 210 -185 71 317 227 -26 469 94 150 86 89 -462 -38 128 -531 -226 -61
-41 11 109 170 356 -53 135 250 18 44 -153 154 -302 -297 -179 172 142 145 -71 -36 266 -683 -33 -105 3 324 -15 -105 -313 -339 -128 -101 -220 348 55 18 -130 -305 -27 61 182 -13 -218 -244 -20 80 -55 385 517 191
105 226 -17 -4 -10 4 -471 -196 -41 -183 429 -286 -94 78 -131 -115 252 -79 7 47 -495 30 8 85 79 104 -325 214 -184 -66 58 396 143 135 53 360 335 -177 -11 479 276 148 356 -120 -362 -56 86 62 -461 118
-202 224 -46 -292 -324 -83 -37 -37 146 -79 -376 -326 362 18 -444 -225 -219 -54 -279 -36 -302 50 -78 -67 -21 200 122 -116 -209 128 142 168 13 -88 -30 -55 -40 -56 128 -256 -238 -52 -212 -249 152 104 256 305 214 164
64 240 243 530 103 -87 -153 525 410 -130 -250 13 7 331 125 -259 187 -102 -144 428 243 8 -9 -392 31 369 -186 -154 136 330 -756 -730 -29 112 -261 40 -119 183 225 471 -22 313 -178 -48 187 59 133 45 126 -258
10 -561 -554 227 -410 100 -188 -137 -41 -74 -183 148 -34 -323 -141 -186 -175 -18 35 -177 -72 -474 -94 73 -326 260 -245 -265 519 252 322 -43 82 -169 -479 80 41 -101 -2 -161 -4 24 564 -473 -570 75 369 -469 114 159
67 -184 172 -581 -433 -25 199 189 231 -287 368 374 77 -115 -115 -558 438 310 419 367 -330 -345 -148 367 324 425 -177 0 -257 -48 -75 67 -208 -199 -137 -131 -124 73 681 -118 -356 -202 93 72 37 -369 159 149 57 -22
154 431 192 -5 -457 252 -41 -295 157 -426 -228 8 -247 -16 -500 77 -154 419 -259 -164 82 164 138 -207 217 257 98 99 -194 -103 436 250 -264 -117 -66 -167 -197 -255 -22 -515 232 209 -531 -338 93 272 4 859 24 120
-338 201 149 -2 -86 27 -668 -161 292 29 -76 98 -56 -231 -103 141 -2 -102 42 -264 -272 -511 -129 13 40 -8 -282 -49 -311 -75 -384 -391 -64 281 -133 255 55 -443 557 -192 -18 -664 217 -260 258 135 -167 -64 50 -97
645 414 -143 -384 -155 -532 -314 -347 10 -221 545 -171 91 414 -339 -218 -382 231 -233 -859 -71 250 -18 -16 42 -621 -197 -262 158 98 249 275 212 340 -173 236 555 161 -271 83 -565 89 -185 78 -272 87 293 16 33 90
100 -211 66 -208 363 354 61 -219 -46 234 -265 196 50 -64 42 512 -395 -214 644 -570 -147 354 150 26 -553 -90 297 -29 442 -178 7 106 -35 -152 380 -272 311 96 137 -78 199 -66 -82 232 -297 227 -62 151 202 -164
-94 -340 -188 349 -446 -152 -55 -242 205 -138 -424 211 205 -416 -30 17 -54 321 11 262 295 16 -70 127 -213 18 -9 -469 -348 63 93 49 142 72 -61 -34 210 -60 -241 310 -86 -57 -205 -77 -63 92 81 -76 101 110
17 214 528 -255 92 96 -110 320 -84 84 31 141 21 141 -126 -45 273 129 -138 -235 -153 255 -138 6 412 -410 -156 -97 -150 -57 -377 280 -331 315 626 199 315 -88 48 102 -397 5 -66 136 423 -32 73 460 247 304
-190 -422 -408 -394 -11 187 207 -312 -71 -110 333 239 460 -395 160 -81 -288 -132 -28 -184 128 -69 -190 -419 -242 232 -96 -236 -515 95 218 -37 -1 -342 130 -125 -205 89 332 -161 43 -204 134 568 -80 -147 -126 -4 7 23
83 224 -172 188 -267 -10 -504 348 152 -126 265 190 -255 158 -125 255 18 -358 -217 -29 -72 -442 240 255 11 341 -196 60 34 -62 -449 -81 -155 125 -156 118 292 -419 -90 228 95 166 325 -235 35 154 -45 103 3 -323
-379 -132 193 254 18 -57 202 -195 -49 140 -134 487 -122 231 -72 300 -169 73 -35 255 509 393 285 -8 253 218 196 104 -173 -164 -45 -85 199 -133 117 101 -41 -411 -205 -386 121 142 250 111 115 37 -84 64 476 -193
376 78 -264 -39 -124 -128 -29 374 -33 148 208 -274 -63 -227 116 -280 225 -94 -200 -305 97 -516 -194 288 131 -377 -275 -333 399 -255 120 -267 506 153 -150 -271 -200 233 -205 -54 -295 27 38 173 -255 -89 561 -44 502 309
146 213 111 148 -163 -175 -118 -735 -42 51 434 -116 136 -65 -361 328 -274 -91 -136 -35 12 -146 -108 19 -202 -59 599 148 -184 -266 53 -301 246 -211 -63 -269 412 32 -388 -326 479 254 59 477 208 -128 -447 487 -222 65
532 -132 -206 -42 341 -592 -67 -120 -417 -18 -222 -14 -292 -62 65 6 -100 -55 -481 35 -28 -278 122 20 20 431 -213 -117 57 -86 159 23 326 1 -9 -232 467 144 -336 -168 32 211 462 -400 -213 -172 -118 76 -41 83
-52 -96 -242 206 -111 101 -59 -301 119 -100 -91 -121 -464 -200 118 251 69 75 42 -117 -44 -636 -248 -161 15 -288 -130 245 -112 -95 494 368 248 -197 -304 81 -466 -49 -26 -213 86 -178 134 -566 -78 -225 363 -267 -137 177
-52 -519 -220 -84 141 -62 235 165 -105 107 49 -62 485 -7 90 -34 17 51 -276 -206 117 174 -154 -359 -111 407 92 -260 8 169 -300 -387 -312 188 94 -206 -402 430 -51 177 -168 -676 -294 -111 162 0 40 50 -145 -110
-187 -311 -214 520 -34 18 -278 -244 -35 226 -226 10 92 2 -111 -43 75 283 -162 489 420 43 -469 -131 -92 187 104 -182 -396 229 -390 -140 501 115 -220 -82 -42 70 -489 246 731 -50 -79 -82 101 -54 -385 80 28 106
-76 -46 188 -95 -571 451 215 -165 -300 176 -422 510 -48 36 -386 184 -605 72 -373 280 3 -76 40 442 -5 346 114 -17 -148 8 -21 114 -37 -27 280 -214 156 298 -190 -664 329 58 233 -63 198 138 7 404 29 29
156 -531 -827 138 0 -793 -322 77 267 48 -245 123 279 413 -108 50 4 6 -106 326 197 -69 218 106 -83 223 455 -46 -289 264 334 -261 540 -256 -565 -285 -173 235 61 -260 157 149 -248 97 -21 12 57 -136 210 -309
-712 -117 -440 160 -568 296 -433 -54 -92 397 32 -116 7 -416 -331 -113 -355 94 164 51 -67 6 -217 705 -100 -284 137 142 -120 368 -221 485 233 193 360 379 -322 -32 -89 184 54 74 238 -190 -19 2 485 -265 -10 -74
179 -244 -391 412 -227 -280 113 569 92 -245 220 21 -67 646 -73 -236 444 373 9 300 411 -236 38 69 -64 30 -265 63 259 -93 -71 -10 -270 273 -304 73 -137 -63 -512 250 -529 -156 -319 -479 -136 -336 -32 -121 -120 108
116 128 243 11 -265 -619 -290 32 333 63 477 137 -148 -132 -270 -354 168 427 118 81 44 92 -158 28 85 265 71 -310 176 -271 -429 77 192 331 -316 -27 212 -555 -511 200 343 124 -29 -356 -84 283 -142 294 -154 -136
-180 -345 -265 246 -554 73 -211 -507 283 240 406 -31 299 340 -93 -240 121 337 -32 338 -4 500 -412 -108 262 -193 -107 -224 -125 -74 -228 144 630 136 26 75 124 525 -516 28 166 273 -265 201 107 -182 177 -233 -256 258
-487 22 689 159 -156 52 -312 -48 341 90 -276 -170 -35 84 98 -174 186 178 586 502 -299 104 -83 91 91 -133 481 741 356 -142 -462 -154 126 -16 -120 222 -198 -13 292 181 592 42 426 -273 379 -247 -317 -145 -188 -341
-162 4 -122 177 -378 183 256 150 -471 -339 -102 -19 191 -49 -217 247 -240 35 -30 79 -60 -471 -95 -10 -147 307 150 37 -60 235 -319 -75 -541 43 373 289 -147 -40 68 71 -216 -614 -345 59 351 -231 -462 137 -180 216
219 124 -318 -291 255 180 193 86 238 -58 517 116 65 255 96 -308 -391 9 -597 -360 249 198 284 -374 389 -238 -691 -382 -333 -94 -2 540 229 158 690 -245 169 -185 -409 54 -256 -327 -229 -98 56 11 -268 400 371 281
90 257 8 157 363 -545 36 498 240 195 155 193 -191 283 -216 548 -90 -124 -102 73 472 -271 262 243 -143 -49 -12 -334 207 -93 -98 -463 -107 155 -133 88 -25 -285 -342 -190 154 -245 -91 -93 -440 700 -127 408 613 -60
339 -193 434 -502 214 -210 -101 209 -272 -87 -260 450 -76 545 -184 -97 372 50 -47 -85 -471 -128 73 407 -64 149 62 292 276 147 -24 159 -172 144 118 120 378 102 505 -63 -431 93 349 4 180 -13 108 161 225 -672
-252 111 342 -34 -232 -56 -98 -120 -391 51 265 258 -167 -681 -80 139 139 47 -157 -121 -308 -352 -133 77 184 150 331 225 -280 -217 13 -358 -491 182 134 79 -43 -534 265 -118 174 214 736 252 57 -39 126 387 -370 372
-250 101 -342 -284 -30 -8 -20 10 -117 147 -569 -246 -101 -825 -295 -262 -30 -191 -267 -93 -203 -622 -585 164 -219 51 -213 -201 327 -221 193 107 383 194 -32 -4 -408 84 11 -292 177 20 584 -822 -211 -120 545 -250 382 37
-132 40 682 -66 656 352 -201 337 274 81 -96 284 -155 318 247 160 301 -581 542 343 -124 -204 335 157 -64 76 192 278 450 -121 -235 -436 -55 -246 -280 209 -309 -20 386 61 317 -1 327 326 -167 294 -315 -23 387 -463
265 242 -178 -52 -261 -448 -109 -510 -243 -288 -207 -230 -15 148 -321 81 266 456 -236 478 -36 112 80 -169 -156 199 91 6 -302 -148 519 218 772 -212 -566 -200 373 26 -239 203 339 453 -200 170 -468 42 145 420 -152 -116
169 7 3 204 36 160 -23 -182 408 17 4 571 -216 -166 -86 -77 -603 276 -181 -453 256 -259 -259 -658 -143 7 -303 -196 0 24 -438 3 233 146 -362 -171 408 171 -365 229 88 -72 103 -118 -100 145 -117 14 378 183
571 -255 -32 -630 71 -554 -84 -421 -160 356 58 -463 57 -45 15 -232 -17 92 272 -236 -226 200 663 290 -1 187 276 -234 -16 -133 469 213 55 252 33 -259 59 138 126 -408 140 178 -283 63 -2 -130 -66 -94 -96 36
227 -60 -47 491 262 460 2 131 282 -190 -149 34 -2 472 528 48 -181 -175 121 22 318 -290 -228 -362 -31 -321 -603 -97 48 -74 -20 -217 29 216 -309 94 1 222 -436 455 360 -407 -281 -107 -157 104 -283 -647 -113 274
62 223 -500 601 -400 370 -235 -132 100 -379 -159 38 240 82 9 115 266 537 -193 75 -41 -265 -355 -457 -31 12 -685 53 33 452 -191 -358 27 104 -392 226 88 365 -17 487 -144 -296 -161 14 -279 -1 -78 -310 155 254
-303 -213 -213 -93 92 507 49 3 -54 263 -192 207 -210 -57 372 467 -80 54 33 -77 -825 -339 -83 -274 -151 367 153 540 -19 -43 -574 -129 483 -70 318 -230 72 -382 218 445 77 -456 204 17 65 -135 172 -179 -156 66
-402 -276 -508 240 -13 264 7 -261 74 405 -154 -237 41 -188 37 -263 -347 454 -95 -166 379 70 76 -203 -166 -352 34 336 59 388 363 398 207 -177 -185 48 -465 240 -118 51 302 -114 257 -353 -223 134 -132 -346 72 135
346 -190 417 -68 69 -511 103 228 93 -409 41 394 75 196 -207 415 -90 -267 60 -52 274 67 207 -87 332 110 248 -549 0 -57 -150 -170 -251 26 -105 263 -58 -201 -400 166 -56 -607 -459 -17 -86 207 167 241 197 -16
401 306 529 27 215 30 431 47 54 153 -82 435 -657 207 183 310 -52 68 77 118 399 -50 201 -215 -399 482 -298 -85 187 -521 115 -173 -130 117 -319 -166 558 -208 -632 55 270 494 -28 205 -411 474 -162 96 66 -251
-108 393 259 -15 -75 55 -186 -124 -160 64 -107 135 -259 -196 160 549 -61 -275 286 -115 78 279 67 -131 -5 144 -66 -3 -138 75 -368 -102 -178 171 526 -59 259 -616 341 -90 302 324 -136 250 314 285 -66 640 -61 -387
-17 -196 -122 -30 8 259 -62 41 126 23 478 314 -74 338 411 -40 -116 174 -278 -188 -132 45 -22 4 503 -373 -120 168 -44 -31 -186 -273 224 -185 74 -83 119 387 16 -252 -285 -189 62 166 7 112 188 -444 -332 15
274 52 -577 -60 -161 -211 71 142 -102 8 342 -1 -139 57 -299 -316 -247 8 -224 -110 182 14 -108 -204 106 105 -248 -338 -201 397 15 -82 121 42 -348 -68 -21 87 -252 310 -245 -35 -552 242 -124 95 142 -102 -112 170
-109 -82 293 -51 233 366 196 238 -82 -7 201 -62 -321 -154 29 26 22 -65 314 -183 -510 -440 319 -55 215 397 147 132 -71 -103 -235 -149 -201 -178 229 -130 -98 -234 786 194 -90 -296 121 234 295 -150 72 151 149 227
-156 -297 87 -234 148 -344 -69 60 -164 207 171 2 181 -118 -392 70 -166 -86 -128 -221 -384 -83 -239 430 471 123 227 -223 -294 110 194 -34 15 -371 -227 135 205 12 251 -120 -476 -268 47 108 239 111 406 -187 282 53
-82 -396 -588 -111 134 -358 126 -31 -198 367 670 -157 427 -172 245 190 -11 -348 184 -372 -255 -488 -399 -48 121 -70 -322 -239 102 -4 369 -443 57 95 -59 328 -493 234 311 -411 -261 -459 36 345 -164 64 118 -483 269 178
-50 219 284 642 -200 -23 -398 28 119 202 -226 -42 -286 139 -350 6 -233 139 -229 368 35 190 -100 338 -30 94 393 106 332 40 -538 59 390 -32 266 -202 493 166 -546 261 626 608 425 -95 240 276 93 498 62 91
-286 -31 190 -79 -855 -44 -225 -244 -124 -22 -54 204 398 162 -59 -213 233 -123 156 652 -181 500 -155 378 313 174 39 -57 -282 47 -126 -405 435 -295 -153 -112 230 -645 308 -169 -26 -42 186 649 484 -173 -59 1 -157 -173
429 -25 -306 328 -88 69 100 151 -258 -286 336 270 -497 -16 -286 533 -201 240 -166 -467 249 -576 168 -117 16 -130 29 240 474 385 78 41 -675 -9 -292 -152 269 -160 -587 110 183 44 154 -394 -227 436 190 291 -129 403
313 -175 -406 10 24 -226 -282 -223 -202 2 214 -315 -277 264 361 357 55 553 14 -182 50 72 -172 283 196 -471 -177 273 -194 47 581 614 5 -15 137 186 5 475 -379 -151 -58 -109 -154 -183 -140 178 144 -242 -194 390
-57 -152 314 -680 189 -26 117 238 66 118 105 121 -23 -192 83 -67 -139 -273 356 -19 -315 -111 145 153 241 202 356 55 -150 -236 -14 174 144 -224 -152 -328 -172 34 558 -250 330 168 -306 235 -20 360 118 388 167 -341
-10 -233 258 -132 -197 -57 414 122 204 -179 269 238 294 231 -181 -303 -46 -370 266 295 112 -221 66 286 283 51 -227 -510 -280 -136 279 -344 -63 -151 -168 134 -79 230 174 -282 -351 -323 -172 252 -180 -114 -48 59 244 105
47 -105 277 -100 -304 -121 199 422 310 -312 -80 283 467 -86 -92 -327 200 -330 -355 263 -399 -398 86 278 545 38 77 -157 -18 -437 85 -244 56 -147 -19 228 -322 199 160 -351 -332 -168 235 -188 -281 -384 579 -237 28 338
-240 439 428 88 278 185 125 -87 -192 247 -272 -526 -10 -26 205 -397 -134 37 -81 -248 -54 706 -24 -152 -139 -92 157 164 -17 26 143 292 55 28 37 -61 -85 -153 52 319 8 315 429 -163 72 -200 347 -324 -462 -147
292 129 76 231 -142 -36 -224 142 -401 -314 475 -76 -249 232 72 130 -286 -192 -75 188 179 -323 -241 207 24 -86 162 147 -313 93 -173 153 -16 -25 58 -5 206 -396 -430 161 336 -32 -452 388 349 9 -611 473 -458 56
228 218 517 -784 -27 -444 102 463 -128 259 -193 265 -17 -213 222 -344 169 50 -451 -10 61 450 -96 277 432 -531 -156 13 -142 64 -90 -256 296 399 -271 -165 -113 -12 63 -322 -59 -30 171 -150 149 267 93 106 -31 -612
-239 -239 29 112 -659 -246 -469 -268 11 53 339 -151 347 679 -2 -44 17 429 -5 174 -459 311 1 -9 625 -133 292 435 -503 604 52 218 427 -244 -171 504 51 -297 222 83 -25 -117 100 193 668 -320 -292 -41 -55 -195
-317 -324 -332 -481 -387 -61 -7 88 -218 390 -312 -22 226 -143 -276 -370 -27 -106 -168 80 76 -71 62 372 -79 -37 17 -219 -167 7 159 108 239 139 158 -73 -242 19 385 -719 -120 67 -117 -140 81 -47 308 5 144 -359
288 -204 -116 -33 126 202 257 -254 124 -169 -585 221 65 213 -253 -37 -47 356 89 -50 392 218 376 -217 -418 98 -81 -413 -49 73 88 191 -62 -57 39 -411 405 632 167 -108 -207 -70 -621 198 -339 0 -168 373 101 349
119 119 -493 207 -317 -197 -122 400 -252 21 99 94 -7 310 -140 -219 277 -129 -386 25 157 -174 -193 -227 246 76 -524 -250 -58 482 -401 -55 -137 287 -48 157 120 -522 83 212 -498 -334 -485 26 336 -315 -219 5 -301 122
-76 40 -146 -43 226 -303 -93 -67 117 -18 143 18 368 -190 -557 -108 -298 -435 -10 -60 273 -434 -332 649 -191 -202 212 -422 2 -197 167 -272 41 9 -235 196 -12 95 208 -496 -191 -32 -272 226 24 61 -16 -281 578 -220
243 -538 -386 -4 -70 90 300 -93 287 3 650 170 229 89 425 -158 -199 -51 42 -299 247 88 -321 -304 -311 -32 -58 -230 -284 -174 354 -167 207 -474 -233 -504 -217 528 -47 -409 -283 -82 -236 381 147 9 -31 -59 -178 -114
-267 99 75 -370 -230 167 16 -131 -174 131 -94 7 62 -383 153 114 -294 -70 150 -167 116 335 34 -38 324 -592 -50 -66 85 -290 286 167 127 -118 330 -160 52 -75 -187 -214 177 346 137 279 276 161 20 40 323 -32
-220 -203 -59 171 26 315 -21 -39 -138 125 353 -164 355 179 184 -43 -160 -97 -35 -56 -122 224 -198 -154 96 46 -89 289 -217 51 287 -61 -390 -188 -62 171 -93 123 217 -387 59 51 92 152 165 -130 -226 -177 -444 253
340 325 643 -154 641 -305 194 115 -117 359 -241 -307 -18 147 -143 -211 22 278 -287 -161 32 627 168 29 -598 187 -98 319 454 -501 19 83 -168 713 29 109 528 -15 -307 277 86 462 43 -265 -140 269 -320 164 -52 -345
-217 -478 -7 275 -292 -506 -5 86 306 34 316 403 -106 -48 -323 737 -123 120 457 153 -167 -206 -331 275 139 -142 241 18 58 -307 235 -86 -230 -45 -300 478 -205 -51 -304 36 -8 -376 -444 -136 -128 571 155 72 -70 238
-269 86 497 -5 220 169 -383 -92 -59 99 43 -24 -162 -359 -304 259 -266 130 71 -179 -404 -6 278 289 299 301 438 222 -162 99 -477 72 -282 134 256 367 146 -287 257 313 491 -382 25 -205 -226 420 182 206 -252 110
245 119 5 -23 103 -460 26 -81 2 -55 434 68 356 -178 271 137 21 -112 -350 -33 327 137 -70 361 101 -125 -425 -455 -124 -418 139 203 -271 465 420 242 296 -43 -566 -156 -270 17 58 -68 -435 145 -133 151 81 329
-81 -188 -358 149 -480 334 43 -13 83 48 -333 79 49 354 -146 197 -290 221 92 8 -141 80 556 -304 -337 -47 -26 259 243 208 23 -31 29 108 187 223 -163 144 337 -54 -27 -50 -344 59 -32 69 -102 75 27 89
317 16 -289 -201 -248 -244 4 584 10 -189 352 249 -152 -327 -6 -195 -79 -248 -618 -569 469 -258 -707 26 235 -483 -595 -404 -115 -255 211 -421 308 36 -512 -58 31 -131 -240 -201 -532 -91 -334 186 88 313 377 -95 174 -208
146 -39 -98 -93 -312 -224 -100 14 6 -602 -235 183 -160 -163 27 45 407 -100 58 -11 153 119 -97 103 56 -829 20 273 -62 -152 577 590 -164 -299 -174 0 131 -193 -43 -112 -433 410 -105 -221 186 -249 8 -45 -330 -254
93 -590 109 -212 77 -44 281 125 209 364 -107 364 -303 -47 254 -445 97 -277 212 262 -22 73 182 356 230 25 40 124 65 -285 498 257 152 -167 -4 -445 -356 183 -22 -260 -33 49 261 94 231 -162 -49 -95 -100 127
-312 -88 308 40 -4 -263 193 -183 481 154 -559 104 215 -400 -365 -39 -220 -74 -13 376 313 97 19 354 -54 -382 390 -401 -35 -442 25 -112 186 30 52 -251 61 -244 -272 -324 298 -321 -194 -178 131 181 -257 62 233 437
-232 -90 -194 145 -228 92 76 276 140 -93 256 -17 66 -145 -24 -136 -66 98 26 -229 -373 -930 216 -98 -52 321 347 255 -329 -201 240 -39 -343 -7 172 273 -762 -141 538 -431 -213 -144 6 32 -35 -215 -95 116 399 248
107 -156 127 80 134 -133 -46 175 44 -90 -252 202 -163 608 331 91 -44 -213 165 58 26 -176 258 -70 437 -381 -254 -40 493 44 242 165 -28 -486 -138 93 40 6 -55 -36 -71 -227 298 -437 -170 269 -276 -278 418 -170
-235 -196 160 -407 -214 -315 223 -305 314 431 -99 332 284 -689 -131 -294 -280 -330 160 88 331 313 -344 166 22 -185 440 -671 -217 107 -160 -305 55 26 43 -616 -166 334 -172 -324 211 296 230 204 415 119 213 131 209 -171
109 -113 90 -97 -3 -25 -231 82 301 -187 -262 259 84 -201 -49 -218 -599 -15 -85 -321 135 -21 -173 -40 312 -197 -140 -396 -40 429 -66 366 -123 110 -146 221 -297 27 -96 141 151 -376 4 -567 -134 315 450 -203 197 332
281 -57 104 358 300 -210 190 614 -423 153 -126 -70 -48 244 298 331 -3 -170 -259 18 -206 -375 479 -44 181 547 -220 -92 -53 83 -57 -221 -672 224 110 288 -89 141 222 -60 -51 -222 321 -252 38 -28 -395 -73 138 346
-132 330 310 254 40 244 -47 417 -25 -46 -48 291 -109 185 92 271 -144 -72 226 210 177 -197 -464 232 -370 191 -146 343 -94 -145 -538 -273 -206 117 -122 143 234 84 -223 -4 174 3 -144 157 -38 378 -336 -24 103 -516
407 82 358 -78 381 -58 -91 43 317 -59 463 -26 253 435 157 -236 325 211 66 100 38 295 -110 94 156 -127 -217 -179 172 -113 -101 121 84 54 -58 13 412 518 169 161 116 431 97 379 -100 -82 41 5 322 -89
-148 -389 3 -74 67 -181 -247 -292 508 172 693 84 247 241 -320 -30 -253 88 -71 35 -337 -238 209 170 127 348 392 180 -198 310 -340 9 17 -120 -62 267 188 198 399 11 33 -341 -73 372 69 106 -187 129 9 188
91 142 -269 -386 131 -56 -23 88 196 153 -172 49 4 24 99 -274 -108 -112 -226 -113 82 55 -79 -6 -22 117 -649 -208 -162 147 125 261 123 45 466 -171 -169 -20 83 60 -157 -479 498 -263 246 34 -118 95 639 -185
-134 -185 -410 276 132 -108 -555 276 100 95 367 12 -161 65 175 98 -249 -19 -251 -197 212 -363 184 87 56 3 -157 385 -341 -39 94 197 33 -91 189 284 -55 -459 -22 60 77 -15 397 -117 81 -6 -136 4 234 -88
263 205 99 -14 -167 213 -52 -292 195 -366 -78 291 2 146 290 49 265 28 -17 118 31 -333 94 -230 -198 -109 -64 -52 -229 -213 286 -310 -87 -118 -52 -440 94 75 193 -192 10 11 287 445 12 -61 -54 309 -22 221
-622 277 14 -66 144 328 290 231 -27 426 -144 196 101 -54 -335 -329 -272 273 107 -79 395 699 -42 513 -287 -539 -293 -21 -64 -11 5 349 -87 360 520 387 -154 -265 -44 -120 -464 125 -27 -13 -107 412 37 -369 616 -281
125 172 83 88 226 -431 -63 -589 19 55 -242 -267 181 179 -132 330 -51 -113 17 141 -412 35 -3 -322 -17 -21 542 -123 252 235 -32 242 181 -180 1 76 99 -213 -99 369 246 -53 -197 4 104 -70 -132 -56 -88 276
-219 -459 142 -541 -136 28 -374 -280 230 -159 129 249 668 177 153 66 8 -154 287 194 -445 487 43 473 169 -367 370 -54 -431 -42 134 189 -88 -115 302 146 -294 380 499 -200 -19 -552 -35 339 169 218 68 -82 -210 -136
44 196 83 168 312 219 -90 -52 98 405 334 -91 -107 -154 27 239 -171 7 142 -516 -46 144 -402 -233 -394 76 -536 -148 219 -166 -477 -597 -211 415 24 -44 486 70 179 285 -164 -82 -180 391 296 328 -29 -168 47 56
-265 0 199 -242 433 83 -67 -21 65 145 -499 120 101 302 152 410 -486 -471 334 86 -236 66 425 115 -125 -101 288 216 -127 658 -127 493 -415 -230 391 3 285 -213 316 338 -9 -257 159 -5 196 153 -420 217 184 -114
5 120 -292 200 -391 425 -155 -35 -1 228 527 187 29 -25 103 104 176 311 -100 -226 -158 -380 -634 -270 -72 11 -452 7 48 244 -314 7 -170 360 42 26 -144 136 -119 84 -35 -26 190 156 -38 -203 170 195 6 349
524 -243 268 -210 -406 -65 137 100 385 -143 122 444 -125 192 175 -25 132 23 228 119 -559 -358 5 -47 301 42 -576 -266 169 -73 -148 -445 268 70 -431 124 310 338 -38 88 -435 -270 34 -75 7 -32 244 -490 33 78
29 -165 -212 6 101 43 -229 -119 -26 94 421 -355 -134 -16 -34 69 -526 -166 143 -62 -292 -200 106 -296 -285 138 127 366 -22 -19 -82 -173 306 -12 95 122 230 -181 -157 314 590 -51 -128 358 124 131 -361 4 -293 186
336 -289 -677 -212 67 -313 -347 184 32 -108 734 -87 66 12 131 66 58 -101 204 -23 117 -665 -75 475 -47 -572 33 31 -361 452 -134 448 -81 17 63 99 125 146 -399 580 51 -467 -267 57 -226 -72 -404 -55 -227 164
-81 156 71 -59 -311 -119 -5 36 -264 -64 -267 67 -9 -553 56 -140 128 -22 -178 482 205 -366 -143 508 -105 -92 -243 -260 -556 -277 449 -130 -171 230 218 -25 -100 140 -81 -160 4 -64 238 180 -40 227 124 214 -254 304
124 255 -719 -147 -125 -255 -653 282 -392 473 371 -491 -434 406 -55 488 18 -56 -164 -270 -28 -103 200 316 -328 -580 -22 385 -37 360 117 172 199 219 84 75 61 -103 -279 190 113 217 64 35 21 289 -105 331 -140 -431
-149 123 132 104 -371 168 -417 -569 124 -5 263 57 271 143 -132 -167 113 380 80 -130 -283 -17 -360 -111 96 -241 54 231 -235 20 131 -184 -85 9 -351 249 -88 -10 93 -103 -403 -103 43 258 189 -228 153 -138 -473 514
-90 -278 -320 153 552 -257 60 136 -344 175 289 152 -465 296 -347 85 194 -48 386 137 -32 -298 98 83 -217 772 62 -323 -19 396 -224 245 -212 180 40 389 -153 -308 147 27 -35 -181 -197 -207 -522 146 48 73 -153 128
78 372 216 -140 428 29 -126 -246 -172 118 471 -408 93 245 749 366 -29 269 29 -410 -235 289 62 -387 82 -357 38 326 -170 -35 167 412 -269 100 255 106 133 195 -47 110 229 350 337 46 -37 116 -306 41 -89 -121
-92 -53 674 -64 -6 587 264 -196 -196 -54 -438 569 80 -276 -51 118 -276 149 454 -17 -87 10 85 90 -378 152 -334 -232 209 236 -131 -118 -650 94 151 215 124 -246 449 68 -156 -473 432 -60 -150 200 -25 -18 131 244
-449 101 158 251 -391 174 -396 -222 273 -70 241 -219 388 -187 170 89 -322 583 -275 -225 14 195 -19 -176 299 -23 177 323 -492 50 -264 -45 -206 11 128 165 -312 -71 -24 -161 -114 -318 57 -441 443 10 -218 347 62 60
-150 170 226 176 550 -125 320 244 222 485 64 -21 -15 210 36 483 -389 -294 -95 -73 4 356 -334 -25 -175 -373 133 -97 -42 -110 -95 -367 147 -203 -133 -72 104 356 -111 -167 -164 183 -253 378 341 703 -76 -78 324 55
334 -38 -143 38 -353 -330 35 -35 -158 -256 291 -64 -140 242 -56 -95 -272 23 98 24 340 -193 308 -92 65 204 -44 -60 163 132 40 -17 -37 -55 -263 -74 -15 85 -169 52 39 473 -336 -147 96 81 104 71 -26 -572
4 -309 27 356 -93 -518 -381 -104 604 -23 -120 -357 391 -21 -224 -419 -57 -290 309 351 -128 6 -180 375 -369 627 150 -217 262 -49 -168 -177 324 4 -396 347 -57 126 49 163 156 76 253 -380 -54 -181 207 -554 248 -194
-65 -213 -271 140 57 640 -209 -436 75 -86 447 175 -247 108 91 485 59 420 345 -114 -720 -420 -285 -44 -198 -47 -311 697 -225 65 167 481 -317 -276 77 -26 543 367 227 349 -41 -195 667 21 72 -313 -182 -46 -447 571
152 267 415 -337 384 -330 -297 119 -47 -250 -646 19 -70 -304 -325 339 228 -523 -102 567 370 -203 -118 514 -119 -508 218 -126 -349 66 -235 123 -73 191 364 -134 235 138 -195 111 538 -320 -223 -89 202 41 -492 930 -84 -103
153 -278 -455 38 -403 142 -282 15 -197 -459 14 161 373 -63 343 380 -144 41 -502 -95 -293 -415 148 -192 459 -240 -80 45 -473 261 -96 -76 -228 -15 247 -30 -2 524 92 -173 -277 -441 49 -26 112 -208 47 192 -157 708
565 63 -70 -102 326 -423 213 159 -84 245 -4 14 -117 -89 231 69 54 -248 -170 -420 413 -52 122 141 -81 -267 -130 -357 228 -326 221 -291 141 391 35 -549 117 214 -527 -224 -247 133 -51 -73 -108 51 107 270 195 -98
594 -340 111 149 -59 -267 217 -85 -410 -396 253 58 -55 183 132 173 84 141 343 -167 -148 -362 49 -129 -96 -6 35 -193 207 159 243 -237 -187 -135 -240 -73 221 -128 -230 287 -164 -434 151 54 -217 -103 -46 20 -142 331
-8 -256 -139 225 130 390 167 256 -171 340 66 256 -45 278 221 83 222 465 124 -292 -98 -189 20 77 -59 -49 -365 108 39 196 70 250 -480 134 109 -25 133 -179 424 -138 -259 -246 266 -229 -102 -285 -319 -80 94 187
-189 345 -480 167 -383 457 75 111 -235 -321 27 -196 -315 466 -135 -35 105 506 43 -100 287 323 34 -298 132 -39 -201 287 -330 686 175 94 -102 -338 -26 126 -271 -318 -31 34 -304 64 -451 41 58 152 -87 51 110 -179
-42 163 -259 -128 127 -158 -143 -15 -257 16 177 -128 192 -183 -281 165 -467 -478 -353 -701 226 -353 -473 263 -245 -621 -53 -248 -29 289 -43 -169 -358 72 297 117 119 198 -175 -308 -652 -414 222 -115 252 46 105 -32 347 -54
521 -549 -343 11 -86 39 -254 -156 -10 -25 49 161 119 56 292 300 -338 -178 -165 -385 119 -170 253 30 -434 -35 224 242 218 89 -38 59 23 -11 224 -501 577 94 -436 197 -76 -19 -176 298 27 -40 -276 452 -18 -109
-383 -2 -729 -166 -278 119 -200 61 -343 58 418 -194 327 -78 -23 -42 230 141 -273 -21 -206 140 -210 77 -30 -398 -20 77 18 499 -416 169 7 39 523 9 -232 -446 60 204 -292 -413 191 -25 264 -208 45 -171 -197 2
-320 216 -180 -109 -479 384 452 90 -7 168 381 -247 523 151 34 -71 -164 412 -45 -757 -446 270 75 -289 316 -221 75 44 196 65 168 1 -107 4 18 265 -498 15 597 -454 -584 -147 -339 165 -125 -20 352 -385 328 4
-41 -47 110 -274 420 244 -84 1 -99 -105 302 -206 -66 -40 556 88 432 -230 655 64 -318 236 145 12 122 246 -35 417 -108 173 98 87 -481 -245 363 124 -361 -316 903 164 4 -228 -386 546 281 85 -413 -16 -339 -246
-38 109 0 -106 220 -372 -109 167 3 263 295 -204 -153 16 -53 36 -108 -171 -70 245 -69 -277 -13 287 -17 243 -86 159 -406 143 -240 -523 58 158 75 -280 -99 143 -25 260 -94 -241 483 -77 690 -95 -86 337 66 -219
-176 -350 319 178 128 35 -127 -138 698 -7 182 121 175 95 315 31 42 -104 440 44 -142 72 41 -94 135 3 309 84 7 -172 107 79 -6 -553 -137 67 -417 51 429 -291 -216 -107 -114 163 329 -122 -99 -97 135 75
-102 -181 200 183 257 -191 -177 41 173 187 505 -81 294 413 257 59 -394 -273 107 -160 -283 -196 184 -420 86 -57 297 155 -110 75 -261 59 -229 128 219 531 -119 193 357 187 45 -161 -233 480 295 -36 -552 90 -220 276
191 -227 0 -89 -247 197 217 404 -224 -428 484 98 -52 75 36 9 -130 123 250 -181 -161 -143 319 256 -45 21 193 419 390 -2 -24 241 -585 -165 210 152 -4 355 -174 251 -467 261 235 -51 -185 -101 455 -114 -10 -112
23 -78 -483 -218 -191 -102 -447 -303 122 -406 -103 -218 -60 -24 60 -246 -114 -54 -22 -122 166 120 165 -181 95 -451 94 -30 -113 235 473 712 112 -102 228 -1 -442 131 -98 27 215 -69 -322 -282 -65 112 -19 157 -356 -193
-252 -97 0 362 -562 205 -393 -279 -17 -177 125 191 136 352 79 9 26 342 -287 364 189 236 56 215 290 -131 154 180 -234 199 -226 -116 -186 -108 174 165 -51 138 -401 -12 -270 -111 -151 -68 130 153 -46 67 -519 -10
126 -688 16 -171 -225 -426 299 1 -257 265 176 107 250 48 -193 -231 -353 0 -204 37 -135 -70 107 -32 477 212 583 -424 -155 337 -68 -3 89 129 -80 -184 -168 -318 -134 -9 182 -389 -413 106 428 -18 101 92 -92 397
-440 -157 -472 175 -228 20 -253 59 -139 63 358 80 391 -311 58 297 -607 -7 -200 -16 197 -15 -327 227 -144 -97 -93 -236 -480 401 -474 -420 69 101 48 314 -158 14 -110 -80 115 -425 152 -56 -51 408 45 -325 35 -70
-162 -1 76 104 -432 133 219 157 -47 -300 -28 -109 217 -129 89 -312 -59 272 -72 -331 372 543 571 -20 401 -232 -36 -67 -36 -529 421 385 -454 222 246 316 -638 -113 147 -305 -425 34 -252 -280 -14 -245 204 -261 38 73
-275 -316 -183 -67 -366 -10 -160 239 -187 141 11 293 79 -325 87 -170 -238 40 -251 -116 -2 198 141 417 317 -26 3 -30 39 -69 -126 -54 -168 396 169 -51 -455 -315 356 -535 201 -343 78 -347 27 406 154 -31 -476 71
-86 -177 -339 -67 -279 272 461 -194 -256 -103 159 -225 210 -128 -46 -403 181 297 554 137 -47 183 307 -363 177 354 317 -284 172 123 153 232 -140 -323 -17 -170 -891 39 446 -186 -71 115 -544 244 77 -545 135 -364 -40 213
96 -166 54 7 66 551 397 -251 -368 13 -248 232 -412 375 121 250 -10 -136 511 81 -39 59 195 -147 -307 -235 -57 375 333 451 200 285 159 -378 -47 186 301 165 47 151 214 187 351 348 -375 -148 -243 -306 -153 9
-185 -85 -795 513 -279 -433 -370 -307 -13 214 61 -316 71 -384 328 252 2 258 -22 -211 271 -86 -437 -137 -510 -139 -7 114 -313 -377 304 -251 419 248 -369 -205 -171 -247 -351 89 128 294 75 -209 -24 -29 153 -351 -220 -218
99 -308 -217 -260 -297 -205 92 156 -295 381 494 76 -82 -275 -191 251 43 40 -133 -388 8 -221 303 349 553 -237 415 -55 96 -104 -70 -147 278 250 -379 -290 190 -121 -357 -240 -74 258 -97 11 -329 -117 619 245 199 92
-349 -483 -438 317 43 57 234 -412 314 -11 337 -51 459 335 49 -93 -48 342 38 137 105 611 -312 -619 -306 27 99 147 65 -64 41 312 434 -273 201 267 174 63 -541 352 -85 94 -430 519 -91 -2 -523 -351 261 42
8 -135 42 247 -546 62 141 108 48 -239 -363 332 -72 -300 -539 -156 -15 -328 -280 -235 -146 -203 -321 80 122 190 577 -15 267 235 -53 -169 -165 -360 -283 -370 98 0 70 -439 -254 465 67 137 528 7 640 27 -22 123
-216 -226 -213 203 154 325 -13 159 -212 508 -55 55 -58 -273 -102 127 8 117 27 246 55 -79 -73 171 -466 240 -217 -43 -20 159 -385 4 -138 161 351 20 149 -257 -16 205 70 -372 -307 171 12 224 -285 47 -137 239
94 -129 212 57 115 -117 19 2 135 -14 54 -5 274 55 367 75 -135 60 -270 97 -21 -202 259 81 267 -226 466 194 -124 113 61 -439 -46 -288 -245 -133 -38 191 -44 118 119 -20 184 55 -8 173 -69 -176 91 -62
135 -501 101 190 262 -384 -72 -93 -89 -11 -182 -151 -92 -388 -13 -40 18 -527 594 63 -84 -484 166 131 -140 710 548 -300 370 -90 127 123 -234 -208 -194 84 -166 -244 268 8 500 73 -179 8 -228 -53 -147 -145 -147 135
-48 142 363 -69 189 107 192 -46 -296 -175 -62 224 103 -780 -191 -22 -223 -161 -357 -562 257 -30 36 -107 -37 -31 162 -159 52 -102 -95 -460 -147 -62 -149 -4 169 -415 314 -376 -148 -69 28 -98 -150 83 -143 236 -44 -376
255 -441 -234 -196 11 -322 -26 129 7 165 -211 99 -219 -382 -352 77 -234 -189 -123 62 -309 -789 -255 160 -157 632 1 -65 -114 -64 -242 -378 61 191 -432 -234 105 269 105 -210 240 -360 -150 -399 247 -76 -22 -56 -209 163
101 -31 -408 -344 202 -140 -16 95 -87 39 667 -96 -278 668 -13 -232 130 204 -140 119 0 -257 -234 -49 -81 205 -362 356 -181 -86 167 303 31 229 19 198 -186 -18 -246 31 -118 -51 -251 51 -27 87 -212 98 -275 69
310 -207 -159 -337 244 -653 -8 -2 129 149 479 103 240 158 -84 71 -233 -423 -231 -274 64 140 -311 346 7 -86 87 -305 173 -312 241 -217 411 -205 -63 -24 520 218 -135 -128 -340 385 -122 664 -200 197 233 -41 444 -274
-351 -146 -63 72 472 111 14 189 140 -120 83 281 653 141 137 -96 259 -506 -65 575 138 -53 -372 494 -21 -168 98 -66 -169 -324 26 -63 128 -198 62 -134 -268 405 331 -414 -46 343 493 213 -42 -349 92 -109 564 -290
251 188 170 474 616 97 -38 426 163 268 -689 -338 -737 -14 252 -19 -278 67 -115 -157 477 280 174 -306 -386 223 -418 205 416 112 -137 4 -257 286 -119 -44 -99 339 -172 95 245 167 -86 -618 -7 535 26 -106 -115 229
137 -169 421 -207 -167 -307 -162 -324 -249 -3 -401 -34 244 4 -176 -160 -545 278 -429 -48 -225 448 143 414 -88 159 238 29 -254 -42 137 352 -79 91 -25 -7 736 406 21 -85 -89 273 285 -316 344 245 0 64 -406 -83
-237 310 119 3 326 -33 -623 -61 146 78 -20 -378 -398 88 -221 122 -40 -160 12 -458 -98 76 135 292 -1 -216 158 53 -132 137 255 359 -270 -3 270 356 -278 -413 388 -474 -236 -86 -105 -294 22 427 6 422 230 59
-714 105 197 245 -241 200 245 357 83 -31 299 124 -137 250 -211 149 -288 -40 114 -306 -617 -412 -281 33 501 -92 215 339 -118 -384 -115 310 -59 -196 129 646 -293 -271 365 -57 -507 -143 36 -120 230 -102 558 -548 139 65
-58 -29 47 264 103 -385 -279 99 57 -304 -150 135 -130 -284 27 92 -449 -230 -245 63 420 -8 193 -13 23 199 250 -150 -118 -164 45 178 -330 -57 261 227 -19 -238 21 -373 313 147 -338 19 -165 516 -323 380 -76 147
168 27 -336 -57 -197 186 234 142 -73 76 29 91 139 266 -223 -268 118 405 -740 3 -122 -249 -184 192 14 -392 -386 131 -39 -8 259 -160 331 209 -120 -16 -46 318 -283 -200 -467 -401 6 -215 -75 -78 38 -214 80 114
346 -73 184 -614 126 -321 254 171 -240 -46 131 298 -274 -381 -19 172 101 -143 289 -251 -150 -410 598 217 209 -230 439 -244 -12 252 101 -318 -135 -154 -357 -487 -66 -226 611 -183 -211 -57 -34 326 166 165 257 145 268 -369
279 -452 246 141 -96 -72 96 135 -151 -391 299 387 125 368 -76 89 262 162 -273 56 38 -167 -237 -116 162 -125 -127 -234 -49 -210 -63 -193 -199 -100 32 119 269 222 -111 -83 -337 -485 -359 337 284 198 -272 197 -24 176
37 61 235 -94 -81 -271 1 54 -299 65 612 52 350 -139 -46 384 215 -14 398 -37 -348 -272 -348 442 27 -396 532 -53 534 96 -250 -597 -150 96 -354 135 -40 326 122 -146 -45 372 245 384 -264 76 472 -113 188 -291
-291 -183 -290 -29 123 -419 -190 -201 -24 196 -178 -327 128 -315 90 4 10 112 -7 200 187 304 -121 262 -146 83 198 76 -254 252 180 25 -1 -194 -21 -287 76 430 340 -171 107 259 308 -53 170 -13 178 -58 -164 -290
199 -544 49 -325 -309 123 -181 20 -512 -389 -65 455 224 -217 194 34 265 -121 344 422 -258 -529 130 405 0 105 252 19 93 402 100 291 -586 -209 184 -24 -45 -8 569 -39 276 -62 350 373 -22 -145 -34 183 -301 67
137 339 224 -84 -35 224 509 96 240 -122 -609 59 -220 -208 244 79 185 -139 221 174 204 204 288 -481 137 254 -126 -542 240 -207 -250 -474 334 51 -3 -538 -208 -15 87 100 270 -41 -495 168 -89 75 436 -16 104 -46
-29 246 -393 -42 8 33 -497 -50 70 -138 -223 -390 -115 -156 96 -58 509 135 500 162 -395 -30 144 -102 -203 138 -92 -27 -173 235 -471 288 199 117 336 -11 26 -271 608 609 157 -181 -134 -122 -34 -473 -34 -90 -258 -25
-181 89 355 79 -447 -256 82 -170 596 -152 153 422 461 -236 -101 -54 208 89 -119 258 -143 -25 -337 -66 78 -70 142 -189 246 -673 -311 -436 327 139 -182 368 -17 -237 -250 -32 89 47 328 113 -185 -173 98 -455 279 25
-80 43 -614 147 -716 201 -189 157 -36 102 140 79 -207 243 -339 306 -325 -34 -55 -407 163 -115 -460 -316 -209 -401 -232 203 -96 436 -348 -271 71 201 -236 149 -69 -74 -423 46 -270 -375 -610 -47 156 265 87 238 -286 185
164 -37 -100 -217 227 -364 -81 -96 -22 -35 -82 -282 53 278 323 118 -140 -3 -384 -347 -288 -16 144 -252 233 -293 50 354 25 -211 556 286 127 -185 57 73 81 227 -14 -107 -248 139 210 -165 114 -68 -53 -104 43 100
-70 -116 -223 -71 431 -66 404 447 -275 -120 405 4 -256 22 -128 113 153 -31 -284 -29 -306 -320 -69 100 305 128 -110 60 267 -181 339 520 -332 -252 55 229 -359 364 155 -141 -296 -114 333 -268 -387 51 282 -28 8 515
-87 -173 -401 -222 -452 -76 -76 -220 -265 24 170 -44 89 20 -433 -51 -18 217 -270 -171 -262 -96 -244 99 2 294 150 125 43 -45 76 -116 203 75 -269 -106 85 156 8 -354 -244 276 -252 -4 -99 64 504 31 45 -341
-132 137 348 -7 162 -244 115 305 393 -77 939 287 100 160 -189 -43 255 212 -204 -122 41 163 -417 99 377 -137 -255 -40 -31 -464 -184 -6 -432 143 8 525 127 -309 -195 -127 -459 -123 2 -160 28 234 -191 32 295 -32
170 -420 -308 203 -608 32 -181 257 -91 -436 508 302 377 124 146 278 485 14 139 42 -26 -603 -34 307 429 -87 123 -236 -30 -74 -50 -103 -433 -362 82 176 -320 247 151 -84 -540 -357 -85 372 15 -493 105 -31 224 298
-190 57 -10 -100 -219 -317 -213 261 508 53 624 232 -100 214 -279 506 -25 -198 521 16 -170 57 -164 181 147 -250 261 152 -81 -290 -575 -458 432 -89 -325 -12 17 -376 -25 202 -43 -232 -262 64 303 70 182 151 220 -558
55 284 -193 119 480 -251 -27 6 287 9 -218 0 -209 -34 113 227 179 -173 -55 -245 352 -267 -265 -383 -259 -108 -199 -87 -191 -107 46 22 282 114 -84 -198 145 143 -105 140 -136 102 -57 -5 -43 -114 74 255 218 -162
-497 109 254 17 -88 -125 129 43 276 -230 -239 102 512 -496 -257 -318 -12 -318 118 137 46 -226 -376 159 84 243 406 -234 -97 17 7 -189 -121 -239 -436 235 -524 -300 317 -353 -82 -144 -24 -226 -213 -91 243 -239 120 -212
-327 256 -693 -316 -468 -39 175 -97 -601 275 -165 -1 128 2 -315 36 82 -70 17 192 -154 97 -57 424 -8 -380 -11 -422 -60 254 356 739 290 101 370 102 -63 -99 -49 -83 163 360 166 278 -445 -8 348 -346 115 -61
-59 109 -145 -26 -537 -482 -27 -96 -230 -15 12 190 261 -500 -307 523 -423 -174 -273 -101 233 268 -80 358 122 67 225 -880 -101 199 -383 -3 -66 20 483 -35 321 -372 -232 -212 -38 11 -235 122 43 432 375 310 417 -124
-37 -18 231 215 36 -99 266 231 -23 -325 -36 -249 -154 -150 -81 -245 23 -150 -382 274 13 -38 273 -372 372 222 322 280 45 -52 7 -246 83 -103 107 89 -418 27 51 8 80 328 -162 -119 156 -136 197 439 -203 218
104 -211 304 51 273 151 91 -61 -54 4 -364 -62 -80 249 217 110 -443 116 240 257 571 253 -27 288 -472 118 170 155 -246 420 112 -10 -587 -168 8 27 -133 619 -352 -169 333 -393 -401 -209 59 637 -577 25 -492 -153
27 151 -233 -264 57 -137 -61 252 172 611 174 -217 -95 44 -238 -186 -154 40 -160 -21 -243 -112 70 214 -103 403 -231 354 -46 270 -63 87 -192 382 -284 49 -161 -48 -155 28 129 -23 -54 -451 39 197 -194 -119 -21 -237
-342 -2 329 -387 -70 130 371 138 -280 221 -57 -147 386 -418 579 307 -300 -298 -265 176 -105 418 374 287 -6 -297 456 127 -457 -409 -196 24 -5 -95 810 -376 35 240 -106 -249 -18 20 260 120 461 -52 -252 184 -58 -494
82 39 -379 -428 -346 -266 -17 60 -320 121 260 -359 -221 -334 93 -207 35 -143 104 151 -74 -75 222 459 -81 -43 -171 64 -253 244 264 140 164 -168 36 -310 219 -24 194 -78 -101 582 327 130 305 -109 28 -114 -4 -619
60 124 39 -268 -340 -164 -88 730 -341 -353 565 -77 229 218 -63 -313 184 116 -372 -89 -362 -499 -222 228 173 5 -285 192 -374 11 -379 -38 -339 482 153 577 165 -244 127 170 -497 -430 214 -68 255 -308 -275 -27 45 -147
-481 -227 -52 48 -42 -56 -153 -111 143 137 186 -294 324 -147 -68 215 176 480 755 135 -195 425 132 158 -126 -326 662 160 -107 -157 -121 269 -211 133 199 157 -284 -9 172 50 280 3 -382 13 69 34 -168 1 -167 250
-61 -68 -335 314 -221 877 629 264 134 286 -372 319 -305 -197 160 -485 151 293 -209 -130 734 248 64 -602 -204 44 -665 -250 260 -347 -244 -672 773 289 -80 -652 -276 -4 -296 -203 -45 82 -239 94 -67 -236 -13 -162 530 -218
253 144 243 -281 157 198 391 43 139 314 418 204 -120 124 138 173 -181 153 49 -176 -80 -33 -500 -454 -47 34 -204 62 -31 115 -313 -212 24 171 -160 -38 -295 418 67 128 286 -15 -290 240 94 190 186 127 -155 9
-80 -230 -395 3 -3 301 384 443 -286 -187 152 373 -9 -36 82 30 93 253 -92 -292 208 73 -72 -328 -106 -318 -314 12 -226 25 215 311 -470 179 119 73 -310 -1 133 75 -322 -348 -448 157 -134 179 26 -26 -385 235
-224 277 -153 65 423 373 -78 50 -162 341 -172 341 -350 -120 -51 622 -96 -236 151 -361 -335 -237 -422 -182 -363 410 -317 163 154 14 -389 -116 -102 419 315 181 279 -110 172 115 184 -120 369 104 -276 77 253 12 0 47
-166 309 220 94 -222 29 12 -267 -270 188 -19 -482 455 -159 99 263 -388 233 264 -246 68 405 -275 164 -292 -499 16 45 -306 -2 325 -282 -99 33 -29 250 116 174 -218 -169 4 72 86 -94 79 181 -147 -199 70 -285
442 221 -158 -216 -36 19 19 -17 147 134 29 395 -369 24 -129 105 -77 131 57 -288 171 -10 -12 -400 -441 -19 -384 46 170 335 -181 179 265 -15 -413 -500 629 -372 -81 14 167 574 192 -83 106 5 -149 340 237 -553
-205 -63 -26 -402 56 89 216 -63 -109 279 402 175 480 465 -136 -250 107 201 112 62 -34 757 -157 16 84 224 145 -515 -109 196 -163 432 -68 252 249 71 -374 134 -183 -493 -140 251 -274 -44 -441 76 380 159 306 -178
-254 83 738 114 -181 142 106 -439 305 -459 20 446 285 -250 -352 -25 66 32 253 90 323 274 -585 175 -144 -84 176 -317 59 -441 -87 -445 -487 -277 -90 123 11 102 96 -193 -492 -92 243 189 394 -143 190 -64 127 -28
446 -369 -323 -24 383 -132 411 4 -136 -84 552 23 62 731 411 68 307 -55 236 -94 -375 -323 239 -39 133 -32 -325 -66 242 341 562 437 -223 -391 0 143 62 500 196 121 -830 -227 91 309 -286 -413 69 -540 -155 293
133 -202 -98 485 -650 -61 121 -223 -22 -381 -580 327 124 -299 -354 297 -183 -51 55 251 -55 -644 100 152 -224 42 192 -280 62 -7 396 31 -352 -305 -145 11 399 -331 -233 -40 1 30 60 -95 32 -86 -274 -81 187 526
-247 -343 250 -5 -163 -93 220 -116 -136 12 -33 211 54 -375 -88 -97 -38 -342 -343 50 424 357 -148 122 61 29 453 -149 -199 -308 151 -55 -46 -495 80 -308 -202 -708 -339 -286 -388 -7 -230 125 713 37 -201 241 -213 -213
329 -74 209 -320 274 -1 130 -213 -160 -350 245 76 -397 -160 105 254 140 -24 159 -83 -315 -435 69 85 494 -3 -72 317 -316 -7 595 167 -72 -238 -193 -81 -24 -338 401 -205 127 -142 -96 16 47 -86 -155 304 -79 122
330 -14 435 -422 347 -59 175 -71 -68 -372 554 596 -448 -133 -331 145 96 -195 -109 -299 -362 -741 -520 443 424 -4 -229 -10 149 -461 157 152 -440 -28 -62 71 138 227 260 -366 -556 -267 162 29 148 26 341 114 32 275
350 78 40 -362 136 -72 254 284 44 -232 213 53 -174 261 26 16 -110 89 -97 -91 -313 -102 284 -216 -113 484 -536 245 -29 -64 70 369 -468 73 191 344 384 326 231 218 -195 -125 164 -40 -129 -96 -297 -13 -200 92
-22 162 -137 528 -123 69 -253 22 107 -266 -261 -242 -40 222 27 -341 -153 -151 -474 129 579 160 217 266 -42 426 -516 -360 -146 -334 556 -32 -256 -69 195 122 -203 126 -193 -283 -323 92 67 -199 -192 194 1 47 146 196
272 -307 321 -476 70 -244 332 -67 361 267 74 239 -13 164 192 -249 -62 157 199 125 -246 111 217 66 -55 221 -315 -200 -22 -90 380 338 -138 -171 -143 -183 51 -7 259 -129 -84 -38 178 -206 103 329 -165 -151 274 -210
-97 186 -374 -535 -383 31 199 -322 -132 141 188 -406 126 -345 -194 -120 -96 156 -340 -190 -629 -13 257 71 229 498 343 -125 77 -108 318 186 277 7 234 -108 -387 -142 24 -414 274 155 225 -251 -544 37 470 56 245 167
-64 65 20 499 -257 115 -237 202 -148 -372 -118 94 426 510 235 -221 261 53 -140 183 110 -158 -180 29 298 -178 -201 14 -93 237 174 234 -197 -46 -42 568 -191 -49 149 -182 -278 -267 -208 114 -454 -84 -204 -9 19 312
109 226 -7 -154 -111 47 172 -6 45 -102 -252 -185 28 -303 -76 -429 -332 111 -58 32 277 234 314 -354 -295 343 -144 -126 -99 -8 -151 255 -134 93 479 -283 -28 -68 -233 12 276 394 -99 -340 52 -102 -299 367 90 -128
-75 -174 521 -200 663 -454 179 234 110 406 -72 -22 -56 41 81 -52 156 -37 406 -64 81 233 216 487 180 -519 607 -351 271 -98 -95 388 75 108 -85 45 -136 498 114 -250 -144 461 -7 -294 -262 71 418 -276 515 -421
-208 -257 -2 118 -16 135 -137 -81 130 -144 57 -118 -168 68 182 -25 88 -237 493 -6 5 -240 457 111 -12 -71 439 185 192 194 -47 -2 189 -292 -116 84 -312 -571 -147 453 -84 -199 68 -40 -169 -83 307 -428 19 -238
-129 35 405 -377 48 -117 -466 -288 -83 -186 57 -312 506 -193 -225 -222 145 -98 -145 191 -357 222 -206 317 253 252 306 51 -248 264 -213 39 -161 -93 206 181 115 290 496 33 251 196 276 39 399 -92 -7 254 39 -443
27 -45 -425 656 -75 451 -74 -120 -99 -171 400 18 -265 -112 -159 9 219 615 -206 -386 140 154 148 -444 -197 243 -158 320 316 -65 -489 -135 94 516 -73 139 271 -219 -497 666 -115 288 1 -159 -507 -273 425 -251 -164 128
-285 -86 239 -118 17 -5 361 226 -245 -133 -210 -65 -106 -142 -85 18 183 132 136 -294 83 373 258 450 296 -655 693 98 122 -201 105 349 -88 -19 166 -203 -151 114 199 -77 -601 345 -371 -79 -27 5 809 30 -34 -174
299 161 54 -256 145 -311 -129 90 -272 174 645 -266 246 72 452 -475 218 -85 -352 -347 -84 218 287 -286 304 83 -94 -279 199 -468 -5 146 345 363 206 -95 114 170 -11 -144 157 795 251 564 -382 -98 204 133 -76 -8
-250 -216 -128 -1 -30 -51 -110 -549 101 203 127 -306 641 -252 -15 -22 -114 -179 30 76 218 604 -553 -96 -209 34 224 94 21 117 -104 -541 111 -193 -265 -83 -14 90 -360 354 245 -153 -153 154 127 -73 -123 -313 -556 -284
71 -10 -44 232 414 3 213 414 -14 116 -344 -141 -302 -302 -330 -346 417 137 -590 28 262 -117 -8 -93 -230 219 -1 232 282 -341 -428 124 350 363 37 -266 297 -185 -544 209 -32 104 -290 -556 -199 -165 62 250 -91 5
-198 -176 -394 492 -69 53 -41 -5 -68 114 -126 -138 -480 -488 -125 506 -302 -33 223 -400 338 -402 -42 -5 -722 205 -159 102 -93 89 223 -80 -364 274 -72 486 -148 -28 -148 195 23 -93 -60 -274 -384 395 349 -211 -264 92
-143 -536 217 -159 264 27 -78 -112 584 122 -122 383 279 -356 165 -136 -305 -538 83 330 491 -183 -40 456 150 -210 -94 -391 -117 -20 -217 -514 255 -334 -332 -380 194 310 12 -103 120 -574 401 -89 260 -106 -97 -333 148 -121
-33 324 -308 -408 91 -373 23 87 -200 -54 -63 23 -387 -207 -563 117 -290 100 -222 -472 -237 -355 -127 45 -43 -404 -8 240 121 -290 205 475 6 361 61 175 -148 -348 120 6 70 -48 72 -650 100 212 99 11 130 -164
-370 29 8 210 -128 294 -217 -474 -159 519 -1 -385 -180 85 266 252 -236 112 540 -98 -6 569 -53 -167 -100 -267 164 105 303 470 -317 115 259 2 235 -5 0 356 -112 482 406 337 187 268 110 144 250 -168 -280 -119
-77 -205 71 511 -131 -13 187 -279 81 115 -197 16 -52 60 62 657 -336 525 -19 -47 -165 -89 58 -307 -75 572 -126 12 -266 97 124 229 -521 -62 202 281 286 -189 -422 197 -160 -512 210 -453 113 -7 -122 -2 16 824
-102 548 87 590 251 -10 106 -193 -54 85 -189 -103 -220 -106 -93 475 -23 -277 234 316 493 106 -290 -350 -491 16 -70 -129 -48 259 -323 -185 -212 -4 183 174 387 -450 -389 582 438 106 -124 297 -39 -42 -641 222 -126 161
286 -94 -75 -148 372 5 323 -353 -223 -157 284 68 603 423 151 -498 483 56 -88 6 180 269 -113 -385 -136 48 164 -222 144 267 146 -424 66 -292 -209 -337 67 129 163 -112 -464 -154 -156 779 -298 -456 -235 -30 -175 77
-81 -140 -264 509 250 -64 2 166 26 -67 -432 63 -425 -165 -241 68 214 -21 -212 -111 503 -224 -20 -209 -156 625 -200 -218 176 -162 -495 -568 354 53 -319 -248 168 -191 -167 111 -341 -331 4 -440 -19 -259 175 2 170 0
-51 243 -39 -225 -363 124 212 38 -105 -329 116 -178 316 -276 -143 -171 208 -305 124 -36 -113 -88 24 -163 112 127 197 -74 -32 -141 -1 -86 -188 230 94 168 -368 -140 12 -146 41 209 -419 103 -213 -460 97 38 -70 -175
-399 -485 -354 -146 -124 189 398 -331 341 263 24 74 616 -113 208 -490 -183 -260 -29 381 -334 -268 -87 -215 -221 606 -101 -83 -320 -148 262 60 103 -282 171 -176 -178 38 438 -213 17 -267 420 341 520 -613 -462 -631 -87 196
3 -418 154 -150 -169 -213 263 -275 239 351 279 69 518 75 348 -224 -173 73 -80 196 47 244 -158 192 -45 -145 317 -242 -36 -319 264 9 361 -348 215 -437 77 140 -407 -78 -110 117 172 407 421 -60 -306 -41 437 -284
7 -203 195 -225 34 -24 -79 33 503 42 -278 24 215 70 27 -118 117 190 195 67 -421 -175 112 227 -62 121 -128 228 -88 -431 193 -47 -42 -17 -155 5 153 462 132 -140 -390 5 61 -225 -119 -45 -42 -142 389 117
-293 64 81 -223 -111 -19 20 -283 -144 350 -280 26 -281 -30 -142 303 -272 -264 267 39 112 343 325 234 -41 -165 117 -113 14 328 -80 528 -316 90 773 161 110 -381 -10 -81 32 -119 163 -43 283 10 -175 251 -118 213
-72 -102 304 -5 564 -38 -231 66 -7 -134 -138 22 -455 -3 222 51 296 294 184 -303 -176 386 235 176 90 27 85 518 -19 -51 -25 545 -310 124 -63 103 211 -210 221 338 -425 106 32 -556 69 122 169 -249 -373 -504
-65 -317 -379 580 2 41 111 248 -288 362 -42 -157 -394 529 60 -184 -253 292 137 -62 440 103 282 -184 -456 110 127 62 224 562 23 320 -119 -154 71 84 -157 -208 -467 334 -59 -9 -172 -113 -300 181 -12 -213 -363 163
20 -500 -115 -78 17 44 -369 -343 39 233 56 -119 263 108 -120 -345 -199 -82 229 -98 -118 -32 263 460 14 269 92 -122 95 -45 607 460 -137 -43 32 258 -219 12 193 -382 23 47 -64 -28 -345 -59 18 -148 119 197
-147 135 8 1 40 373 303 -75 186 -142 -22 -41 -269 148 181 -248 343 -372 134 16 50 85 81 -321 527 -264 42 13 583 -68 17 68 538 -333 -367 -230 -187 -350 -144 145 -199 390 -150 -149 -198 -339 490 -345 75 -181
-114 -98 -137 239 -39 -80 176 547 208 -132 27 211 -133 57 -207 20 -146 -117 175 325 323 -348 -428 83 179 47 -225 -565 81 71 -444 60 294 134 -78 207 -381 63 -349 256 207 -552 -520 -155 -197 261 157 21 442 226
-272 78 -80 -2 110 -1 -134 265 -265 313 -39 -275 -2 -765 -192 391 -122 -91 -551 -243 117 351 3 129 -104 73 293 272 316 -189 -654 -221 -8 258 284 119 266 -66 -461 -66 311 408 220 -485 -57 275 40 157 112 -317
85 42 135 -10 -53 144 12 12 217 178 -26 122 8 -130 9 -456 172 125 178 263 -243 72 38 327 -289 507 18 -73 37 -84 -174 -244 462 -103 -330 -413 270 -18 226 60 108 445 445 180 4 -123 62 -160 -15 -227
413 486 263 -560 72 -537 -635 140 325 -116 37 -311 48 67 -238 -238 -78 -196 179 -134 -213 -200 -85 381 152 47 -319 -353 243 -238 -165 153 113 516 -64 239 93 283 -46 -118 166 -127 -143 -341 -330 373 75 423 448 50
-374 -411 277 -280 -351 17 188 227 -144 344 -468 142 534 -267 152 -229 -50 117 103 482 100 635 -38 734 -307 -175 417 120 -132 -22 -225 -210 439 215 89 -213 -34 259 -184 -100 108 63 214 -67 72 47 -49 -36 193 -882
64 -387 -167 326 -387 9 302 -98 -124 177 -616 241 -1 -186 -396 -245 -102 -258 51 613 257 -196 184 98 -364 627 -53 -302 392 -110 -183 -620 363 18 -218 -384 292 47 -321 -103 262 199 140 105 -40 -322 -169 -153 176 110
-136 135 111 -75 -140 187 24 409 551 -170 -408 -14 -131 -106 -247 -397 -255 169 -222 -89 298 30 218 443 217 -158 -26 -49 -143 -246 124 430 -183 -125 235 -131 -170 181 249 -360 -433 -248 -447 -184 242 167 169 125 428 276
84 -236 -238 48 284 104 302 -277 53 65 140 -136 -54 444 215 30 -332 -68 -68 -410 -44 91 647 -498 21 343 270 140 172 -367 517 12 -98 -393 56 -279 -58 136 60 -363 -294 34 -440 226 -73 -29 -59 -147 -381 240
95 -51 -88 -547 494 -344 -215 78 -29 196 537 -107 -63 -61 549 256 66 11 132 -74 123 -58 211 225 45 -353 -101 171 -457 128 157 226 -297 -25 247 14 -307 159 268 -242 53 -529 275 3 59 227 -570 258 -8 -107
-20 -168 156 -67 -769 -257 39 138 49 -368 155 -109 221 -220 32 -258 -36 342 -251 -205 -434 -166 388 -52 564 10 524 348 -14 -103 210 326 -342 -234 97 66 90 -196 300 -78 -419 364 247 -17 555 -494 -21 168 95 236
-136 65 -299 521 -898 -114 -123 156 -212 -120 -470 -145 71 24 -644 -402 -357 92 -197 347 276 246 156 52 -280 426 -107 -215 230 93 -442 -105 213 448 240 287 163 -174 -567 122 294 63 -188 -217 146 -67 -403 -27 -86 -63
-369 74 62 273 -128 -169 -468 241 24 -244 252 80 774 169 -46 53 13 62 -73 276 233 -65 -287 751 154 -252 170 -180 -26 152 -453 -144 -264 95 36 550 40 -100 -83 -13 -102 -360 56 0 -324 299 -194 -95 402 -95
280 -545 76 -104 201 -15 303 49 324 -313 307 226 161 -175 172 -114 78 -91 101 -497 109 316 272 91 -136 101 148 -218 500 -682 -77 70 -208 -43 324 -183 178 28 81 -191 -798 -172 -303 156 22 -220 284 -269 123 80
393 801 109 -380 353 65 -105 25 -701 -102 -109 -401 -799 -242 150 73 -126 -159 -179 -651 -136 -247 274 -228 84 -221 -630 262 -209 146 249 314 -451 637 326 105 171 -123 260 199 110 -115 371 -312 169 19 -49 154 -524 22
120 396 -33 123 164 -356 84 -241 -174 -143 184 -361 66 42 69 1 30 -70 359 41 337 473 -578 -45 -530 -70 -28 -83 -124 28 127 -89 499 364 -185 149 71 60 -376 493 143 338 -380 515 -395 -13 163 56 -153 -383
-9 145 -175 229 452 -223 176 470 -82 152 -81 -476 -43 159 191 65 274 -9 137 62 615 635 -6 -144 -107 1 -124 -302 -83 38 -230 -317 41 185 -105 -208 -282 237 -102 48 -117 -116 -878 -11 -185 257 -2 125 -24 -221
51 -76 58 58 26 -211 116 -222 -169 85 364 286 -116 362 155 102 -239 373 -274 36 -70 -165 -50 -306 74 425 -153 246 24 -331 225 234 222 58 -129 196 121 -229 -209 -197 410 427 361 31 -329 231 -73 21 96 -18
106 130 -253 -55 -510 -175 -185 -377 -396 -33 144 91 116 28 -218 251 -449 79 -282 -153 153 276 -29 3 -295 231 -236 -176 -718 205 209 -283 -32 257 -72 133 177 179 -145 -236 -118 97 -101 258 30 331 28 300 -262 -241
-647 291 -216 -440 -46 453 191 -170 -182 210 -62 -73 276 -661 -262 303 -564 -143 122 -534 -27 79 -308 26 -705 -381 161 233 -204 9 -133 -369 38 -7 60 -40 -13 88 186 -262 -186 -86 141 118 245 190 -145 -192 309 -749
83 -207 -495 96 -501 -82 64 123 -29 19 -75 565 199 -71 188 365 -556 19 -136 296 31 -229 35 -46 -337 428 -141 101 -485 68 -65 -263 54 -174 -163 -268 347 192 -93 -152 209 198 322 264 201 -74 -379 -55 -106 -140
-280 549 443 -96 62 -116 163 -377 320 -108 -135 -176 29 -32 81 300 -169 223 161 -284 -197 344 132 -695 203 257 243 36 -343 -232 88 -106 -126 142 -87 44 -323 -327 309 166 62 -3 -311 -169 40 233 217 348 114 -170
61 278 59 -354 29 -677 -253 -209 159 52 249 -31 248 -482 -276 257 -64 201 -182 -244 -209 -201 -65 180 10 -184 307 78 -350 -437 294 -106 183 311 -395 250 -58 -53 -39 -408 122 166 -32 -112 -459 224 261 134 309 -151
-260 108 422 -268 634 121 362 315 367 -150 405 152 -313 -52 -16 622 131 -281 340 -122 -185 -314 -271 -273 381 -234 267 280 -18 -334 -20 159 -384 -499 112 235 -562 -88 222 -203 6 -553 -381 148 342 257 -284 235 367 172
-5 -39 -639 59 -586 21 -196 -168 -237 -261 409 -284 -4 358 -41 58 -198 84 163 105 -163 21 446 18 46 -90 -158 39 -112 502 178 -9 22 -128 63 160 -561 -303 99 13 -274 -709 -480 102 0 286 -107 22 -316 292
-81 413 -159 -290 222 523 491 -47 -418 5 52 63 -229 55 -335 -74 104 117 115 269 -216 186 -158 -352 -38 677 -2 -271 323 -81 -374 -347 479 103 194 -308 -268 -48 29 271 579 414 -198 566 -525 119 600 45 251 40
128 -162 -87 -102 -47 333 153 -524 -129 -8 -78 -70 145 -256 34 74 -213 181 129 -498 -191 18 210 -445 -218 -211 20 -28 182 -68 94 86 347 -212 -5 -94 461 201 -3 -196 45 194 9 56 -318 -125 -35 -245 -17 96
26 42 78 -287 -403 234 -136 -294 14 -427 -221 419 462 -412 -285 -199 -54 374 -81 -101 -98 108 98 -156 -67 -21 416 -211 -13 263 -613 32 -170 217 137 -336 400 -380 58 254 42 -206 -172 78 21 -190 -40 330 -113 107
-143 -66 -453 -322 -54 -345 -322 44 -254 255 692 -301 -221 -29 199 298 308 19 -68 267 -272 161 -320 299 122 39 303 306 -502 185 161 108 238 -42 70 166 -487 77 -219 13 359 329 96 173 -8 289 411 47 -526 -234
225 -156 253 -196 78 227 151 -243 -81 101 22 -125 78 -55 455 -230 -64 108 163 -323 -97 104 793 -379 -15 414 230 110 181 -41 143 169 -124 -184 212 -306 111 -205 363 -42 213 278 -16 373 -124 -217 -170 -4 -174 -168
-208 -259 137 32 71 -45 48 -100 -105 -295 -178 -239 259 -464 94 -350 102 212 -609 30 180 189 176 -57 74 -37 103 64 -229 -642 -40 194 76 234 510 -163 228 325 -127 202 -191 89 210 -152 156 -398 34 232 -247 231
82 226 -131 -260 -383 -346 -53 -470 239 148 -467 -189 580 170 -208 -271 -257 -170 206 35 -103 445 -216 -311 -279 -222 -195 -478 -148 142 219 -185 592 66 143 -158 216 -325 78 106 40 -64 -158 337 375 -256 -298 43 457 -100
222 -146 393 -57 10 -159 118 -55 599 -363 -298 765 52 -154 -35 172 142 146 97 339 592 -18 -700 111 -152 -353 -154 -576 142 -160 -200 109 -42 25 -399 -128 260 191 -571 5 114 -210 -284 -225 -160 315 -11 14 334 -124
-231 17 -1 123 259 -298 259 317 -145 8 -320 107 -420 241 -132 110 483 -111 95 287 24 -312 255 330 -20 153 -40 -121 -30 -451 611 354 -117 88 5 290 -179 -160 -115 -272 -236 129 202 -332 -738 33 270 -25 56 134
-15 525 337 234 -190 114 191 74 122 -137 -88 -18 -373 244 -151 144 -156 298 -269 131 244 92 -216 -163 -85 29 -413 316 -25 1 109 -235 -289 -101 -106 -27 -78 322 -310 -25 -213 115 212 -473 313 231 92 357 -129 -271
-104 20 252 -164 -171 -226 -82 -232 227 -15 143 -54 486 61 -29 -63 -19 -427 638 281 -446 -88 175 249 -24 123 432 -572 189 5 -115 -9 98 59 10 304 -399 -331 98 -136 161 -414 3 112 -270 -97 -4 -206 136 217
192 -760 370 211 100 -306 106 -36 834 -15 78 534 280 217 571 -130 146 -124 498 76 170 84 154 -338 347 -133 45 -491 245 -525 -29 -204 482 -315 -471 -315 324 84 -84 114 -135 -39 90 255 172 -404 -27 -477 376 -38
77 32 -130 180 -8 -15 354 218 -376 112 -70 50 -22 -292 -229 -54 -131 -180 -292 -218 448 312 -59 -228 -193 152 -640 -646 302 176 -14 -231 -278 352 -114 227 34 -196 -36 -77 -51 -60 -127 -261 -450 218 118 -82 -209 44
-48 31 255 -17 409 -200 -57 352 92 334 -44 66 -30 57 319 86 331 -8 -221 -180 357 159 17 221 95 -189 -233 -34 29 -398 12 259 -260 389 236 6 227 -83 -125 -190 13 131 430 -135 55 137 -154 87 413 -51
12 546 125 23 30 -104 54 219 93 340 -79 -15 -31 -285 -385 253 191 -411 -296 -189 31 -435 -309 164 -8 -181 -178 -250 26 -131 -114 -580 150 -83 -158 -248 130 -273 67 -77 -482 -150 22 154 363 -87 225 306 583 -178
-155 -148 143 11 -23 158 -219 164 294 4 -198 117 40 200 -254 -433 287 -215 53 217 152 192 23 166 -26 -110 -17 -279 264 -2 -258 364 -170 -6 77 130 84 1 -124 -198 -221 156 -56 -424 -162 -171 -49 102 -77 86
-100 641 97 -233 190 285 535 188 -114 203 97 -314 -146 -218 182 95 36 -216 3 -416 194 210 -292 -339 -180 -152 -338 -17 84 -122 171 -572 10 130 -4 -400 -483 -292 -117 -279 -346 -26 146 61 359 -44 259 153 261 -169
-20 129 -251 -153 -233 71 112 400 -3 -454 668 438 -240 -568 -81 201 -14 -97 -223 -390 151 -363 19 182 316 -215 -348 48 -119 -420 -89 -126 -407 -14 220 -4 -129 -400 32 -165 -670 -279 -35 -200 -17 42 127 274 155 -141
-125 -476 -588 320 -582 227 387 269 -22 -181 -198 123 505 -104 -99 -216 26 -51 147 554 673 172 451 438 66 119 366 -574 -194 146 -25 4 -37 -373 410 -439 -358 239 -9 -401 -52 -24 -695 447 -76 -333 158 11 134 297
68 -380 115 -191 766 -50 289 297 -11 78 -88 -33 95 466 288 -237 242 -184 396 345 -169 165 540 12 102 318 114 -122 213 106 27 333 -478 -220 387 -174 -237 216 662 346 -258 -219 -184 430 204 -196 -267 -148 108 293
-217 -171 -237 -259 316 -81 -228 449 -293 -61 262 -262 331 94 -7 -175 227 46 20 75 -237 -266 417 581 186 37 16 -138 -136 310 -111 452 -598 -24 560 348 -262 96 553 165 -395 -645 227 -255 -207 -139 -109 -27 53 164
470 -72 -137 -56 240 -103 -118 32 -46 13 152 147 -221 96 239 300 228 34 288 -189 -12 -276 275 231 -173 -142 -473 -112 50 93 172 -311 -338 194 -82 12 268 148 291 93 -165 -413 -7 25 -359 444 -1 -111 -157 46
-64 -11 -574 -202 -74 -130 -304 198 124 -116 42 213 -103 -209 15 -41 201 -77 -393 332 -13 -545 -573 107 173 -295 -448 238 -454 70 38 289 295 12 153 -87 -81 183 -289 177 -30 -198 332 -150 273 -161 -186 212 311 12
400 -135 92 -760 343 182 323 120 -434 -55 121 48 -303 -499 36 -65 -74 51 129 -398 -410 47 608 182 -162 397 -21 81 198 -22 165 226 -326 174 480 -282 203 49 531 -207 -289 67 -104 241 -255 166 216 434 -2 38
240 14 -115 -81 414 256 261 -28 69 192 -45 71 -374 514 105 -31 138 274 63 16 -258 155 -274 -456 -94 286 -326 94 303 91 -154 -130 503 -5 -518 -270 95 280 -141 428 -21 -83 -62 1 -85 -78 216 -508 33 -125
-451 417 9 -396 -330 -263 -115 -164 300 338 -12 72 -20 243 -745 -40 -330 125 408 251 -18 546 -471 306 166 -331 174 -510 -174 69 -142 306 301 -37 121 -67 -199 -77 16 -504 471 258 -379 -30 233 572 181 199 424 -217
-37 -395 -223 152 257 -604 -180 -221 -71 1 71 64 480 511 121 376 -82 -249 -53 -144 255 8 189 183 76 -87 264 -226 -25 -83 199 -180 -74 77 -26 466 120 -142 -220 -186 -384 -580 -303 153 -366 42 -402 -260 183 57
-372 86 36 168 -332 149 -107 -3 113 262 111 45 -105 289 -330 124 -510 308 270 -103 26 271 433 177 242 -128 272 98 43 582 -372 186 50 134 80 399 -283 -324 -16 15 -68 -265 -428 -142 75 363 -69 108 393 -133
-9 426 56 -152 -230 92 -42 15 26 -377 533 -57 -187 -88 -61 73 -622 125 -182 -816 -9 151 -207 -416 -89 -91 -253 290 -413 -84 -324 5 -154 172 112 344 295 -155 -68 149 -374 -118 -243 -45 277 186 91 -117 -254 -427
213 202 553 493 -403 -242 -443 -176 658 -249 -449 -108 -221 225 -35 48 2 181 146 -105 398 -6 147 -31 -344 -25 252 205 140 -270 -133 -462 37 37 -415 124 182 -36 -241 118 -6 -23 -60 -338 5 -6 10 163 -121 -217
140 -181 515 -245 518 -169 -8 284 74 440 -194 277 7 -26 -139 -255 -164 -282 -230 -106 278 -70 -98 186 -143 -2 -52 -333 166 9 -232 -68 -210 422 35 139 227 117 -40 7 195 -78 129 -106 -54 126 -317 161 376 -296
165 -299 -431 438 -433 -208 -262 100 166 -204 143 -357 82 86 57 -281 271 -211 52 322 168 65 -62 554 132 -51 48 -175 243 -10 112 79 364 -355 145 58 -177 264 -401 75 -153 195 105 -188 -112 -328 409 -330 -96 120
-52 69 310 39 -135 167 -31 -35 -233 -213 307 44 -302 571 -77 147 -295 116 131 -14 -140 367 36 -133 313 -54 324 247 -62 599 112 457 -425 -519 -50 204 -26 -308 22 144 94 -93 -186 64 95 361 -63 343 -693 123
-221 104 193 3 -128 -427 -316 -144 296 373 178 -59 -207 298 -11 42 116 -123 406 58 -176 -54 -372 295 13 -342 -48 261 108 -285 161 -135 306 96 -526 337 -115 -328 29 75 -39 -5 40 9 350 137 -97 -535 -217 -489
-63 -65 141 -324 344 -24 180 181 -456 136 406 -154 -234 88 34 161 -71 -228 653 -31 -572 -459 219 -135 -361 501 238 298 84 234 -103 -138 -300 -55 74 369 -59 -409 448 436 148 -209 99 394 -155 -6 -130 -92 -366 -135
-29 264 736 -197 132 41 -11 -14 321 -260 54 122 57 -334 325 -410 300 -8 -418 -301 -345 -163 -122 12 351 -315 -152 275 -32 -411 -259 -22 -11 335 101 -3 192 -498 12 216 -689 -315 702 -443 489 -407 -22 -77 120 -25
273 133 424 -85 -321 -115 -2 -120 11 -642 508 95 -235 265 170 -280 167 3 -89 -58 180 -398 169 71 628 -524 -156 187 85 -309 457 -48 -145 -242 -533 242 -312 -341 -169 -23 -349 -248 131 -402 -7 -191 -46 -207 -376 -227
-86 -232 10 622 -408 247 165 358 48 21 -63 -93 277 0 10 -126 110 78 -166 -145 105 29 -186 -131 -24 126 -62 -302 55 213 -358 -817 22 83 -260 192 -10 -434 -316 375 -696 -511 -532 287 130 20 383 -504 42 418
-161 68 220 -335 246 -97 108 -266 -82 347 140 73 233 -308 9 -24 -429 -231 268 -128 35 355 -57 -200 -59 -94 315 -128 75 120 -139 119 305 -241 162 -133 57 -376 291 38 387 362 -68 547 380 167 -286 82 481 -613
-29 131 -7 -33 18 464 -206 -289 82 -284 -19 109 69 -20 416 -53 109 75 -414 -6 202 178 68 -553 38 -71 -90 -6 -481 302 -190 208 -200 -447 466 -176 343 -106 -72 134 17 -95 -27 241 241 -35 -486 184 -488 20
364 60 362 -4 475 -111 253 254 -128 -290 219 -215 -152 417 365 223 322 -982 398 -25 -194 -275 491 39 372 22 304 -162 485 -2 359 -252 -343 -598 29 -91 -134 285 490 -179 -175 227 -13 634 -172 -102 229 70 -100 105
211 -34 -82 -254 18 -170 -136 -4 -491 94 -569 -340 -400 0 -305 -7 232 124 52 216 -215 -243 -58 453 38 270 -283 61 -375 559 553 237 -240 -245 -85 -12 198 247 593 -150 19 -69 197 -223 112 23 111 168 -54 140
-32 -326 -304 -34 157 90 -406 235 -268 75 -104 81 -203 538 -25 495 -65 -237 422 126 88 -39 332 124 -221 211 263 496 -130 678 -199 33 -374 -137 -89 313 -82 77 459 0 450 -59 -189 119 -57 117 -192 4 -329 -468
18 -52 10 305 756 549 -207 78 -173 292 -18 -361 -214 291 325 174 10 27 -49 -193 -160 299 131 -307 -266 152 -17 624 94 388 -497 -74 -19 68 354 -186 278 77 65 858 -4 19 182 315 327 -170 -329 229 49 194
83 -31 80 279 -211 216 155 -372 67 -395 -118 323 591 476 -206 291 -137 -152 -324 155 -29 -111 200 -35 127 -114 288 -88 540 421 -403 -569 57 -310 -328 -15 352 -285 -376 79 -384 -505 -112 101 69 43 -220 -282 382 68
-61 171 329 480 -244 395 -89 164 -28 -258 331 264 -409 249 -135 462 -436 301 -208 -380 -356 -255 -105 -581 287 318 -91 465 -86 -5 -322 97 -542 -198 -48 350 407 -536 -160 313 107 -105 162 -249 501 236 -385 230 -107 257
-91 -33 -51 -130 494 -36 401 -191 208 319 -39 68 -24 -64 -244 -23 345 -10 264 320 -100 64 -65 372 -73 -137 67 -16 371 -51 126 281 303 -27 -141 -276 205 -116 -241 25 144 115 153 -12 -338 -129 13 -382 404 54
-361 151 -499 217 -370 -20 -378 371 -259 -128 42 -373 118 -216 -447 213 373 156 -251 128 -289 -348 -88 568 -50 100 -74 463 8 -52 31 -95 -297 145 23 630 -197 -134 2 -140 -353 -435 273 -548 -404 -140 134 -42 10 239
-87 399 -88 -132 268 5 311 249 -141 2 -120 -170 426 0 -73 -283 -44 -408 -517 8 226 -48 -718 -192 -261 -415 -222 -204 -76 94 -58 -652 16 13 -226 -206 -223 474 88 -684 -259 -55 -21 -92 93 -26 -14 -77 -78 -125
24 -92 -215 -169 -41 -78 73 114 -200 314 307 77 268 -122 117 452 -95 -295 192 -524 -218 -418 395 166 125 -15 -85 -256 180 209 -155 -216 -211 173 165 288 85 -413 260 -226 -454 -464 -140 228 -210 -23 -189 -154 529 -6
73 160 420 -821 149 -144 84 -407 -107 -278 -85 416 199 -515 17 182 84 54 -40 -107 -433 -203 -305 -238 123 38 61 -322 -439 -223 -184 -1 -44 -23 188 -348 367 -103 512 -205 -93 -260 256 106 309 -244 -48 455 -43 -26
-136 -177 -267 -231 263 -101 35 111 -17 399 55 29 144 -200 52 -235 -127 170 75 -131 540 258 243 458 -263 -15 157 -457 56 -88 162 291 -117 11 245 -291 -402 473 332 -657 -118 219 -71 -23 -383 248 196 150 482 -329
-48 29 344 -166 -26 -258 -457 -372 160 166 -285 -44 103 117 -20 166 -133 -104 11 295 -311 127 589 124 128 -128 169 40 -181 59 -246 96 355 300 377 259 491 -234 -92 382 443 -220 85 84 -22 195 -379 288 -50 83
-41 -272 -263 99 57 238 -140 -159 95 148 7 67 -228 -91 224 180 -12 339 -111 -626 -99 122 -173 -452 -237 -14 -9 194 97 60 -182 85 49 254 -217 76 -45 -563 26 245 -223 -501 -357 -130 123 132 127 -451 -332 89
188 -17 281 43 -155 412 234 -30 -214 -197 -193 202 45 145 -7 -32 250 -217 -96 231 -328 -98 2 -390 558 74 102 -27 404 693 -199 -199 -194 -390 -297 -172 -88 -222 -156 323 146 -343 38 -9 95 -136 -34 -8 -326 337
20 472 -155 414 -248 274 -16 -189 184 -151 -414 62 -173 -189 -82 -214 183 92 -38 -177 519 148 44 -149 -257 -74 -637 -137 197 -284 409 -521 322 225 -529 -174 -227 -161 -265 -7 -241 297 129 -381 -514 107 548 -211 124 -379
-47 261 291 319 413 143 266 584 161 -325 -155 -59 -217 -336 109 219 190 -256 -100 -407 449 -193 295 -12 244 -244 230 65 243 -368 -90 -25 -802 55 102 -139 -278 -149 114 -47 -441 50 -293 -186 264 2 317 88 82 310
207 170 135 -68 -218 -269 -235 -472 25 -9 280 -98 380 230 253 406 -256 -245 158 132 148 -89 -5 439 -201 -500 14 -195 202 146 257 -161 -228 26 -100 168 10 543 -319 -245 118 109 331 166 -229 248 -139 -108 108 -218
69 25 -241 22 53 317 298 -504 -31 267 88 168 -23 239 413 366 -72 219 145 -25 -42 368 -392 -260 -231 -435 -544 -40 226 -23 270 201 261 242 60 43 49 433 -477 -163 354 -67 150 7 -463 203 116 -645 -399 173
88 259 -69 69 -31 -219 -534 -74 120 70 -256 -291 183 -214 -183 -109 -14 -126 -397 1 127 196 24 340 47 -81 -127 -25 -5 -108 -84 -93 281 211 -37 171 210 22 182 -195 37 277 -80 -237 -135 -101 101 105 -51 -55
219 -14 -368 -41 2 -460 -185 -119 267 100 -52 34 -276 -167 114 566 9 -217 502 -4 -368 -307 117 -256 -238 161 280 293 89 -295 -17 -211 445 99 -381 -323 169 -503 -64 194 543 141 -276 256 -40 -29 -160 -33 -58 -27
-33 -356 224 -204 36 64 107 13 252 29 -36 231 387 194 200 -107 517 -122 158 150 -13 290 -74 -466 300 -65 70 -313 288 260 -193 -147 114 -57 -207 127 -484 -94 -59 218 -19 -425 -115 119 -49 -98 115 -141 250 -34
-393 693 549 -270 333 -256 -46 -56 -341 164 -395 -192 12 57 -224 -13 278 33 -77 481 -309 257 -29 9 324 413 125 -51 -270 274 -313 100 123 160 193 233 -149 -714 69 -21 231 23 329 -290 -49 199 10 440 446 -2
-263 -277 175 75 -6 -21 153 -362 404 -55 -269 -216 496 0 197 236 -371 -464 169 429 227 272 -64 120 -300 85 367 -9 -242 5 217 -380 122 -641 -49 47 -51 221 -106 -86 134 -435 -344 348 174 116 -266 -314 -276 -123
103 -373 -207 -216 -1 59 -137 -52 361 -99 383 265 311 290 331 -63 -46 -282 -27 70 136 -351 67 -283 426 -77 -88 -199 42 78 33 -249 -70 -508 14 -122 -69 272 -242 -99 -66 -322 146 397 199 -103 -429 -97 364 260
179 -186 92 331 65 223 148 16 -98 145 1 -228 96 194 125 -500 -260 -78 -3 237 216 123 101 215 9 288 121 -12 189 49 -134 -244 261 2 142 -434 76 205 -380 161 257 198 47 47 200 -276 -198 -12 86 -118
-78 -67 93 251 -512 37 286 138 -712 -121 -254 -237 245 11 -359 -54 -278 86 -184 -267 -152 74 5 203 -94 209 290 -119 221 -159 157 -162 -265 -103 45 234 33 -147 -94 -289 -512 -33 25 -87 159 -179 -103 -167 196 112
11 273 177 -366 -239 -294 -351 -60 108 -13 233 257 55 -291 43 -203 404 -154 -126 309 -141 -234 -334 338 393 76 -136 -278 70 -330 -72 -154 186 -71 -130 -195 -155 -411 104 -332 192 -126 453 22 14 208 -156 351 194 -63
2 -122 -104 178 386 539 -49 127 121 25 94 533 -156 245 129 162 -126 200 7 -330 298 -267 -111 -336 -55 -366 48 198 -6 184 -264 233 -292 137 52 -162 -178 205 35 104 226 -208 -294 114 25 84 -355 238 -54 58
157 -65 170 -133 432 -542 -119 -286 232 -123 -279 -225 241 195 361 297 147 -5 95 31 -58 144 -105 -339 -18 -282 274 56 -136 -125 73 167 185 -128 -66 22 59 -103 119 93 125 -144 -355 -163 380 -78 -459 -87 46 -215
-63 272 111 -37 658 78 -211 -21 -47 -167 -454 -71 -205 163 70 662 154 118 -23 -99 -292 -325 -7 -133 78 -52 -131 64 -496 118 -83 85 -528 122 92 233 -97 142 577 77 -82 -724 -116 -394 206 75 -55 -108 -183 337
145 85 397 -249 156 -30 -397 -52 82 -199 637 459 -347 454 -285 -408 136 518 189 -348 -94 -135 -302 -166 388 -21 -269 157 162 -154 -227 198 286 157 -540 311 183 -439 111 -41 -11 104 116 -134 -162 225 175 76 323 -307
463 -105 234 -7 611 -220 415 527 -590 68 366 -159 -426 637 133 212 531 -235 411 -3 -228 185 422 -186 111 408 244 198 501 453 -116 -31 -146 -66 -459 118 151 -297 6 479 -241 527 -266 320 -225 -96 227 -58 -119 -261
-199 227 -380 -207 166 -94 181 13 -638 227 -174 -256 51 -225 -124 104 -58 -276 -362 -245 61 587 382 -246 -122 388 -53 -72 134 169 155 -413 100 89 245 -25 -287 -335 264 -448 52 440 167 -20 -219 174 364 0 -62 -517
-66 -167 -101 -123 -12 175 189 48 -346 500 282 36 -62 270 139 250 -216 535 -355 -445 -532 267 267 22 221 -120 22 473 115 200 228 225 58 271 -27 247 226 -177 -194 -199 9 38 373 -250 -343 424 145 -309 168 -30
77 -327 -434 137 -133 382 -13 -315 -11 150 54 137 313 42 14 -281 -270 -53 138 -38 298 392 10 6 -135 143 -428 -298 305 263 154 -84 176 -125 89 -35 42 255 -215 -82 155 59 -258 278 -507 279 77 -355 -125 11
-129 -70 142 -239 -431 -61 198 -505 427 54 71 331 -223 -91 -268 -416 -57 520 197 317 357 352 116 -174 455 -13 -173 -374 -459 -264 234 327 511 -86 104 -368 -1 -267 -40 -435 354 272 -191 51 432 -15 -220 355 493 -77
-33 -227 29 299 -77 -443 -282 53 215 436 -730 20 -245 -227 -299 83 88 -378 213 607 112 -213 5 673 -421 448 138 -62 260 62 -212 -379 162 255 -65 34 -40 -259 -118 111 455 -360 291 -524 49 37 -125 14 -30 -128
265 24 -25 -20 51 -411 -436 345 -79 -186 -82 -342 201 110 -250 -202 -34 -30 -543 201 -1 -487 -398 268 254 101 -217 -222 -177 537 -291 -412 -189 336 -406 385 22 375 -64 -85 101 -596 -71 -482 124 112 -222 -30 47 275
-494 -287 -8 500 -463 505 -115 -175 275 -268 -418 321 410 -81 -273 -169 -299 70 -485 -18 34 50 -361 -360 177 372 280 -6 -315 32 -583 -204 104 122 124 185 -48 289 -21 16 110 -196 -245 -216 269 -275 64 -71 -165 -99
187 339 366 197 251 -228 368 207 -384 -31 -391 -358 -249 -113 -183 -56 132 -47 -207 56 277 228 134 -28 201 23 56 -289 -57 24 204 -357 168 205 -98 9 -5 61 -75 -86 -9 535 -437 -56 -379 87 658 244 27 34
125 -227 -314 171 -55 -365 -105 -31 243 -114 -128 -405 412 93 245 -398 730 372 -41 438 -114 81 -56 314 -76 -264 -184 161 -12 -501 505 385 123 211 124 -104 136 669 106 -75 -365 304 141 100 -33 -495 0 -142 -11 649
-29 605 -360 -318 124 -81 -69 293 -212 320 80 14 -404 -60 -132 535 -320 367 -388 -383 78 67 -191 51 32 -346 -520 386 -472 350 -2 17 -118 454 -115 29 -134 -42 -161 117 -143 6 156 -526 -11 516 271 266 545 -375
-64 -323 -128 217 -217 4 209 -88 350 -7 -402 198 132 323 160 -324 -113 70 -31 215 98 199 353 39 270 -495 -242 41 -138 6 654 263 294 -484 -5 -252 105 -56 100 -194 -605 -46 68 -147 197 -337 -234 -107 141 261
-56 -316 -179 -525 279 105 -137 223 -185 108 49 28 -6 -417 70 88 -94 -336 131 -119 -344 -326 317 228 -231 441 197 211 -20 236 -105 172 -505 -257 387 -97 39 -146 720 -142 48 -258 130 86 54 23 -324 314 -289 -52
198 -150 22 68 533 191 -104 177 -34 -256 -22 55 -218 -148 238 120 201 -170 -76 -24 257 -87 57 -198 -468 -4 9 63 43 -24 -115 -133 -322 -122 197 -21 52 251 209 6 139 2 59 250 8 -16 -381 67 -278 -44
86 -198 -128 -35 142 -196 41 60 51 49 262 -184 202 460 406 -3 271 -42 -173 33 116 198 -103 -158 214 52 225 -267 212 64 -8 -243 96 -428 -198 -112 -104 763 155 -596 -103 69 -190 458 -168 -9 152 -321 -285 80
-18 134 103 -61 347 -289 234 -105 -76 -55 106 142 318 -70 -229 -50 -358 63 -24 46 337 100 -379 31 89 -432 175 25 -337 -37 191 -153 121 -20 -271 -92 -90 192 -106 -23 122 43 -335 277 181 234 -303 114 272 -151
-66 -203 -37 349 -15 -340 -634 134 -134 67 -151 -303 -167 -234 -43 287 -155 23 272 -115 -20 -113 317 503 -29 65 344 343 -264 -23 -2 189 -295 64 -37 -8 365 139 260 55 91 492 79 -74 255 -12 165 129 -183 -34
-519 -37 207 229 -63 633 -98 -122 233 55 -593 165 9 153 -93 -459 2 32 -113 67 -194 119 220 -28 -108 51 278 353 44 111 -271 488 -331 -63 245 -201 -92 -467 202 -55 -273 -119 360 -522 450 -311 -102 -162 -143 171
-107 -180 -590 338 -391 354 -112 -275 255 -362 203 -32 283 -118 194 137 -254 347 -347 -110 -106 -331 8 -61 -30 -299 -96 239 -224 -270 149 199 238 -269 278 32 91 331 -211 385 -341 -342 -77 346 205 -106 -130 -427 141 439
-396 -213 -158 28 -352 460 184 -395 -22 442 -335 -381 398 -212 34 -465 -519 518 -129 -39 162 916 327 -324 -202 343 2 -253 -103 23 37 384 200 127 436 47 -38 191 -286 -8 528 187 -99 -71 -195 85 -28 -508 -82 49
381 -333 321 -37 510 19 816 431 -375 -203 -333 459 -160 62 -310 273 161 -64 133 -93 297 -130 -167 110 -361 307 -42 -471 485 -430 158 -70 -324 -44 -325 102 189 345 -4 -509 -347 -247 -768 108 -697 402 179 -24 127 228
-251 561 63 114 150 -150 -387 326 -528 -22 -210 -83 -300 -311 -50 273 92 -15 -188 -308 573 288 -199 220 -257 -571 -71 288 -267 -42 -117 -63 -224 562 -66 221 -64 -176 -320 30 63 379 458 -415 3 292 344 73 -277 -604
253 263 83 -102 56 173 597 -16 -87 -411 305 -72 -256 -261 -109 414 81 -282 67 -401 256 -80 250 279 103 -208 9 -31 244 -302 504 -279 -592 -236 -101 -160 -254 186 -161 -471 -756 -102 -385 -30 -256 143 374 91 54 98
65 -103 -229 245 -2 191 485 227 -84 84 -668 -196 -311 -415 -55 162 29 -193 145 -18 147 -76 475 -366 -136 557 -292 -411 250 124 125 -166 -221 148 201 -129 -363 -167 108 57 -143 -305 -465 -79 -89 102 176 219 243 788
264 -322 237 -293 492 -403 28 81 78 58 497 -67 -18 45 -95 -112 -80 409 -21 -15 197 -24 200 277 -180 167 -50 -116 37 63 -78 164 -461 174 -129 254 260 -45 67 22 -108 -173 -222 -342 -37 217 -282 -71 -22 -178
-20 277 -157 -121 -163 81 446 390 -41 -134 162 107 190 112 -377 58 -260 -50 -469 -30 102 -83 229 22 50 13 -50 46 19 129 -245 -482 -278 42 388 23 -28 235 -205 -150 -461 -97 180 -76 199 -119 -139 234 646 -144
-106 22 -21 240 282 375 -278 -287 642 244 -451 137 372 161 363 42 104 -321 -162 428 103 21 337 -246 9 -269 -363 -80 -115 200 -235 115 372 -76 22 -215 262 -184 70 371 167 -304 365 -37 138 -439 -531 -24 355 308
-5 90 -293 131 220 163 -141 262 -146 -173 -76 -76 202 32 333 -17 150 -108 -302 20 106 -391 -161 -157 -273 -251 -396 226 -371 251 138 -403 17 180 104 281 -201 277 106 388 -147 -451 90 361 -448 95 21 -17 -50 122
-100 -296 -296 -48 -4 -563 -177 -141 -35 -263 587 -54 -1 15 138 125 -69 -134 125 416 563 52 -411 503 61 -376 152 -117 -376 -353 299 231 198 -244 129 123 -46 185 -584 -142 80 -188 -370 343 49 350 -400 95 -108 -38
173 -376 220 76 35 -222 472 401 -39 -239 78 112 396 294 434 76 -356 -153 412 42 429 255 120 -225 42 -254 284 -393 -190 372 -206 -337 -505 -80 93 -44 -157 215 -22 -64 -135 -407 -618 392 276 99 -550 38 47 148
-204 244 141 -4 620 152 178 269 -161 160 31 335 -81 172 36 221 -76 -351 107 -172 365 42 31 -158 -142 -425 24 -302 51 313 -532 -129 -219 246 394 174 -166 -386 260 -21 -231 -476 -329 343 38 212 -225 163 98 18
31 -169 72 -87 -71 -304 38 151 246 220 1 374 693 616 181 -360 299 -338 -215 708 -118 -4 -252 461 253 -267 -19 -361 84 287 -61 -77 302 15 55 43 -221 495 79 -316 -271 -220 98 530 27 -37 16 -157 228 129
-298 -229 -335 194 -41 83 33 -116 12 529 -240 -132 -227 -153 -234 -167 -175 87 65 180 188 488 -381 4 -241 388 -129 -30 201 -84 -68 40 624 221 -189 -138 -290 273 -150 -167 744 268 -95 -242 -271 285 374 -151 -269 -75
-527 -31 -212 135 21 255 383 164 -284 75 160 513 31 539 -356 127 -168 -411 31 389 -54 47 -331 -16 397 252 78 -265 18 471 -450 -454 129 -294 90 111 -395 -288 69 35 -140 -577 -145 595 254 111 145 -296 34 195
-250 708 461 115 769 -30 -157 528 121 172 -204 -348 -83 44 217 -326 755 -170 -97 400 314 209 -382 -392 59 266 -484 -85 -167 -299 -816 -474 162 238 200 6 -130 -85 185 316 -60 42 -94 -33 300 -284 -327 276 114 -317
-287 95 -454 34 109 -210 -166 254 -42 123 329 -524 -162 107 33 -17 -272 263 -259 -452 -109 -379 -64 -343 -107 -244 -258 300 -254 556 305 226 -269 -47 -218 512 -410 40 188 -190 -306 -331 115 -420 -94 452 -101 -136 22 251
-89 410 -204 177 -483 36 -576 272 276 -392 -80 -345 -279 422 -52 97 21 -1 -66 -82 -426 -27 67 -251 303 267 -424 241 -242 122 -461 -129 42 150 -87 329 -58 -15 138 349 -181 -468 -177 -625 164 24 163 -31 -393 -89
-47 29 -597 34 -321 144 -433 -243 -124 -48 -38 -169 -106 45 -266 -514 -163 153 -642 -301 109 -390 452 -99 427 -394 -323 -24 -213 158 268 448 663 102 60 69 86 -409 -434 139 -152 -255 140 -403 -275 -235 76 -22 167 306
-178 233 296 -91 122 -315 -349 -266 445 104 201 176 188 -76 -62 -42 -1 -207 285 165 -399 -196 -389 -249 1 173 489 -228 24 -140 -517 -21 319 -3 -92 52 41 -326 506 112 682 574 216 241 55 -311 -2 100 -24 -196
-309 1 183 314 -206 309 17 -138 137 79 11 -194 17 -784 -194 15 -245 -453 104 -64 124 100 -371 198 215 233 18 -300 65 -170 75 166 -210 -272 223 104 -198 -59 183 -407 122 282 -185 99 396 45 207 121 138 376
197 -131 46 -258 330 53 619 359 236 -74 206 110 -195 -261 167 -29 379 135 155 -212 -127 -241 -284 -490 -6 187 -306 112 162 -273 157 -50 -100 55 -391 72 -459 364 176 -93 -68 -302 -161 -137 -160 -79 -72 -219 167 29
-12 -194 448 403 -276 -163 210 -183 -1 99 -279 473 285 203 83 215 -526 -133 98 209 186 -17 250 -30 -296 367 342 -87 -94 -67 41 -693 36 116 -356 59 53 -602 -99 73 295 -142 116 184 -15 139 -214 11 -101 -227
88 -197 -29 15 -365 127 -30 -53 -205 -249 -242 78 -69 -301 46 -131 583 -184 131 187 -43 -214 108 205 30 -251 95 181 -145 195 192 -309 -234 -272 -372 -245 -96 91 456 5 -479 -181 188 55 327 -691 112 -190 -742 -26
84 -298 -351 -52 203 -146 -105 -100 -543 -47 313 -68 -451 346 4 89 319 59 126 -95 -34 -38 -73 -55 312 -339 -261 21 -52 173 768 591 -140 -127 135 60 -466 -220 125 -285 -304 -64 -227 -123 -52 167 129 443 -149 282
-820 288 -115 -90 254 370 41 175 146 317 177 31 -74 -436 198 283 -356 -4 209 -245 192 453 -456 -382 -156 52 -287 219 -353 -164 -254 108 -76 196 277 393 -692 -449 57 -8 194 -230 -235 -119 -156 625 -60 50 286 -269
-292 -89 36 263 308 -350 64 -104 119 437 192 -312 -329 -187 4 55 160 187 421 102 75 32 -388 165 -143 -183 349 65 35 -149 205 -301 384 -22 -297 169 -387 50 134 -183 275 330 -185 45 -222 253 267 -323 72 -234
-302 -697 287 -118 81 -47 -469 -113 365 312 -72 277 453 -71 115 -47 -43 238 -35 45 -206 425 254 433 326 -109 351 -216 103 -359 -283 550 -224 316 600 351 -131 30 -7 -5 -34 -354 126 -388 19 -55 -103 43 11 540
-227 34 -132 -148 -53 183 -234 -287 -326 142 126 81 105 -123 -17 307 -390 -82 -209 -368 -245 228 201 -170 -328 -32 -51 102 -12 246 -282 -214 -404 214 444 128 157 -201 58 107 -526 -217 322 295 373 93 -31 -31 -256 182
87 460 -155 -224 -162 176 29 -388 337 -327 237 31 137 134 4 -249 -51 188 18 -269 -1 65 -448 -418 170 -559 -490 10 -189 -201 602 -46 149 -321 -448 -74 -279 306 29 -183 -531 181 -171 101 -3 -83 248 -311 101 -21
23 134 -18 61 311 297 -267 -429 -21 -333 -215 -342 19 256 92 -181 11 309 148 232 6 -65 -108 -269 -150 330 -351 122 -194 514 190 450 -219 16 -153 458 -42 122 45 214 477 -484 15 -349 -369 35 -569 -211 -161 219
129 -212 74 -74 93 194 -68 -15 -330 -73 134 71 256 -400 101 -190 -157 -47 -171 -36 -45 -2 84 223 -255 308 -145 -102 32 95 61 33 -510 -201 92 177 493 14 -236 332 -84 -8 800 54 -575 -15 42 -251 -278 470
-200 -527 -252 -157 -225 65 -24 -188 263 1 45 162 174 -459 88 -101 294 -172 127 175 -86 -860 100 339 142 -218 541 190 -224 -229 249 10 66 -344 -119 -377 -140 -184 146 -217 -21 -221 43 113 17 -436 -150 36 81 260
-230 -44 463 -247 267 36 158 127 244 75 -276 230 -88 -204 121 -82 207 7 469 393 26 496 175 20 -75 481 117 218 268 -437 149 78 -486 -82 17 -89 -354 -68 148 -196 589 332 262 -343 -29 294 -226 33 -245 -417
-91 59 -325 -243 -551 -366 -369 -56 -44 -72 252 239 -273 -62 -356 -41 -172 184 252 -403 -27 -48 227 335 98 119 -7 -343 294 132 -101 308 178 50 -142 143 -123 -692 142 -209 -268 13 271 -402 -307 282 681 -71 347 -333
476 -187 112 -54 -243 -67 96 -43 539 -280 4 253 -209 156 394 79 81 -149 475 237 235 -177 196 -300 366 -82 -10 -231 294 53 317 127 28 -507 -384 -159 -125 -35 -294 188 332 387 -235 266 -14 -25 46 -256 397 29
285 416 731 -157 54 -72 -122 185 365 66 -119 -242 -176 -113 264 -695 9 6 -328 -220 -140 100 479 37 159 -25 -58 -9 -59 -387 -63 46 -50 305 26 -302 191 -384 -55 -27 -166 13 439 -542 366 -122 -208 194 -178 56
261 245 325 12 119 -251 520 202 -2 -355 -71 137 -194 212 -39 44 71 126 -108 257 191 148 -88 -182 42 131 169 162 23 -379 286 -253 337 -111 -448 -111 -370 401 -160 -261 159 541 -219 -58 -114 213 58 291 288 -544
190 127 -40 258 200 -152 -423 411 -292 -350 85 -181 -467 6 324 -73 541 66 28 9 492 -126 526 342 403 121 -310 -74 -231 -22 139 185 -448 -18 12 -35 0 -199 340 -101 -305 35 -293 -68 -252 216 46 325 -139 -21
-287 -264 57 -289 -91 47 654 580 -261 277 241 77 -135 -61 -361 89 240 109 209 92 -425 -1 249 249 171 176 467 146 128 4 -196 74 -11 -46 24 102 -203 -483 109 -178 -196 -95 -265 38 64 -15 178 -115 186 -61
11 -306 -180 88 -29 485 717 -14 -320 72 12 238 -51 139 339 -10 478 320 292 4 -118 128 -115 -357 173 184 -182 61 569 12 168 108 274 -165 -120 36 -69 239 -86 236 -273 221 -186 481 -420 -276 413 -733 135 -68
65 -267 -21 218 224 -244 199 92 120 -215 245 -1 202 267 287 -385 244 218 51 -45 278 221 -86 -215 72 186 -512 -344 6 23 -32 -56 110 10 -189 311 76 375 -89 293 -576 -277 51 -42 -337 -121 228 -679 168 -154
-18 228 -195 304 -137 255 -270 -387 307 -207 -104 129 -558 -204 92 325 67 323 -40 -160 461 175 -10 -745 36 -286 227 426 62 398 -266 74 111 -229 49 -281 -99 -61 -433 542 219 411 -179 104 171 -69 242 357 -206 -93
-158 516 -162 -69 -56 232 -299 -68 -302 -281 -24 -72 -83 246 4 110 134 246 -190 149 -345 -60 353 -348 -7 518 64 453 -121 348 -408 81 -92 107 323 68 -145 -570 266 616 329 208 433 -125 62 -125 -11 255 -53 -399
92 261 -121 321 516 81 -408 69 11 -298 5 -334 -445 -334 187 149 -31 -384 -110 -704 638 47 478 -100 -471 -161 361 450 115 -31 -173 -406 -275 34 167 -327 77 -302 -96 283 -210 265 179 35 142 -114 29 252 -220 -419
550 89 123 -191 203 -247 -305 -204 181 96 91 -65 -501 189 196 267 111 -266 480 -408 -246 -321 6 194 12 -208 267 -225 490 -216 -223 391 128 126 15 -241 325 -43 -329 167 141 175 -96 -112 14 -27 92 -118 -17 118
-219 467 365 123 -160 -465 -31 -115 337 100 500 -603 -11 -564 -168 -158 146 -71 276 235 220 342 -563 446 -195 16 -140 -168 -140 -757 189 -48 -93 -57 -3 199 207 -64 -380 269 20 356 115 60 167 116 60 -93 -206 -80
-213 -204 -93 131 242 -54 130 12 60 439 71 410 -164 -67 138 427 -47 -159 -34 -41 30 -164 -367 -453 44 -83 -2 -159 188 -376 -20 -288 443 68 -259 -171 -126 -513 -288 -57 561 -300 59 285 12 349 -227 21 98 287
-268 -92 -454 -138 80 30 275 -25 21 -43 211 -20 23 -177 38 39 381 336 -153 -231 -54 -317 31 6 126 -84 -40 -58 -93 -400 211 -54 69 -31 300 -199 -133 -357 206 160 -620 -499 -175 207 26 -203 103 -158 278 150
96 -41 31 383 -183 198 140 235 91 -141 269 53 -309 656 -52 11 -203 297 -52 -22 84 34 186 -140 -56 108 -168 350 231 -264 -3 -65 -18 175 -208 187 -4 545 -261 11 -37 105 -156 -217 -211 51 4 40 -349 -100
184 138 598 -70 130 -167 -495 -134 138 202 -383 -7 -398 174 413 -276 182 39 103 421 132 40 -107 359 324 -222 -458 -79 -342 480 252 -89 -6 30 -334 -54 -106 305 102 -31 266 -174 533 -96 301 409 102 -105 -447 149
302 162 -99 183 117 14 -292 327 86 386 61 -131 -320 69 193 86 -399 -108 -326 -97 246 -473 327 -51 -152 113 -289 283 -72 417 -222 -427 -30 235 -171 -91 -86 218 -25 379 305 -144 -7 -60 21 367 -354 446 0 -206
-442 -16 106 -323 205 61 85 265 139 390 209 -285 31 83 208 -94 -203 150 337 -96 -46 486 474 -160 76 14 117 148 -352 29 -53 162 -158 113 196 113 -320 -278 428 227 128 -137 -217 210 -59 115 -148 95 -133 45
270 -108 -136 34 -418 -9 -159 -143 -343 -288 161 -170 290 74 -6 -63 -389 54 -109 -93 -51 2 179 146 -311 71 45 -71 -136 586 -187 -329 -204 -68 100 -59 427 31 -30 302 -277 -161 132 263 421 -97 -126 -144 -228 -140
-25 454 251 -289 14 -440 8 24 237 -122 146 -30 -88 -238 -176 293 371 -102 183 315 -227 -201 -561 408 37 -315 -4 41 -121 -371 339 -162 18 -196 -547 -3 -132 -1 -115 -305 -73 156 404 -446 -114 89 235 125 186 -119
226 -54 -346 -359 -480 145 -212 71 228 105 380 398 159 -418 207 -93 -192 382 -335 -117 288 -70 -365 11 -72 114 -527 -266 -32 37 -315 -162 -93 123 122 -390 111 93 -292 11 195 -87 200 -136 107 299 42 210 89 -246
-7 124 -242 237 -41 -286 -346 8 296 224 237 -134 -357 191 174 -127 -14 -96 -260 368 57 -343 -130 166 377 -66 -211 81 -304 396 157 -305 420 -116 -330 -28 -172 95 0 -141 239 303 285 -79 215 238 -61 51 73 0
-44 -172 337 54 487 454 97 17 210 92 -16 153 -25 300 259 -152 270 28 447 341 109 317 -7 -447 -113 -50 -228 -127 86 114 -318 59 261 -310 236 -190 306 -198 194 424 510 167 163 506 161 -120 -479 6 461 -85
-362 -288 -370 -56 -413 395 364 641 -16 35 114 168 53 85 98 -101 237 -43 -20 15 310 -28 313 -45 251 -504 -211 -12 160 142 -123 -327 -126 -162 -82 1 -709 -75 -111 -43 -695 -677 -194 -25 -13 45 165 -256 94 202
-300 73 -232 353 -395 404 17 -136 -53 28 -402 258 198 112 -472 99 -154 176 51 375 153 265 324 35 -19 52 135 39 68 173 -285 -195 328 132 228 28 133 -29 -119 175 298 93 -120 312 -145 -46 4 160 405 80
196 57 -169 -340 88 -265 -27 54 84 -68 312 -138 -3 -73 254 -13 122 -282 284 -54 7 -355 181 255 -120 -335 -326 -95 -241 178 716 -49 -254 -79 -353 47 -334 -475 248 -124 -67 -675 324 -308 -375 174 -228 57 -155 104
246 -31 -92 14 -56 -277 -487 247 307 -126 -77 265 -89 14 57 -33 446 -335 107 357 -5 -316 -194 772 5 -311 -465 -72 -212 -337 -9 171 311 177 39 -22 419 143 -39 139 -227 -123 324 -149 -21 -224 99 4 214 -188
165 139 547 -347 355 -238 -154 -94 107 -126 410 1 -246 81 142 516 445 -682 921 197 -632 -197 -76 247 72 -148 480 106 431 -49 41 235 -309 -386 -108 93 -33 -308 252 214 72 270 256 431 23 -173 230 69 -48 51
-182 -125 139 253 -225 -355 -244 -388 109 -127 -153 -140 82 367 -248 284 33 367 428 17 -50 264 -82 218 141 -235 507 68 70 -110 408 440 153 -362 -131 452 30 -359 -139 -147 -64 202 -126 -233 -53 -49 -19 -130 582 -88
-41 14 515 -136 395 202 172 -82 240 156 282 85 -196 142 289 -95 -87 -177 384 -42 -213 -105 -133 -304 62 77 -142 -21 -111 115 -229 -336 332 -191 -217 -159 -28 -46 161 382 20 -213 444 242 291 -187 4 -146 202 -229
-219 225 -312 459 113 22 -131 104 -275 86 -388 -445 -135 169 -192 -446 -98 151 131 103 313 329 -20 -231 -508 357 129 -42 -288 245 69 264 -231 -76 428 -144 -182 104 231 329 220 437 -135 196 178 -17 -124 240 -458 161
-259 135 -344 780 -748 52 -308 -212 406 -93 -185 -212 6 29 -389 -315 -170 202 -99 70 431 -126 36 88 -140 327 31 37 255 20 -27 -345 342 -82 -776 84 31 -660 -441 376 7 -61 -263 -347 -187 -20 190 -525 -30 -272
-156 -51 -347 91 -186 -188 -365 69 47 -26 -105 -94 -253 -428 -539 -285 322 660 -351 -182 111 -208 -271 -42 113 24 -63 -75 -20 -121 -385 -411 448 490 -481 29 -203 -217 106 119 -3 -228 -1 -688 -43 -23 469 -9 144 72
328 45 546 181 305 -194 59 -242 64 -79 -224 211 -130 107 145 -303 -129 -39 42 -115 412 282 73 -223 181 -323 -316 -536 577 -145 157 138 62 -23 -131 116 346 -251 -190 -70 143 34 12 -125 -260 442 -357 -179 289 77
108 66 173 -213 -279 -190 -404 -149 133 -198 -182 -90 316 -540 -29 -650 203 -143 -241 -125 74 -48 367 -46 34 -94 201 -152 113 -143 -208 -226 572 -60 -172 -240 205 -348 100 132 -149 373 482 44 -22 -396 283 89 262 -268
-419 514 472 -27 -178 351 -471 -565 46 -85 -723 24 116 -514 33 -250 149 -241 369 468 473 285 -313 347 -113 -529 -44 -393 -191 189 -44 -161 -31 -132 146 -247 -202 55 148 -309 264 253 258 -30 82 189 149 139 43 -349
394 -131 95 -294 11 -244 -287 466 496 216 483 -164 569 42 489 -735 11 13 -151 -154 -76 295 6 130 -35 228 -346 -189 178 -87 -431 -281 250 470 -222 -143 198 249 -146 480 -64 189 30 120 -188 117 226 -258 19 -373
-8 -156 -6 -118 -279 -708 46 200 31 21 84 98 367 525 -411 -151 -153 -402 90 339 158 91 -287 560 -5 -283 27 -288 -23 287 308 206 205 -361 -279 223 134 239 -26 -356 -345 -9 193 153 187 -51 -47 -29 463 -405
-372 6 20 -191 -207 297 47 393 40 421 312 138 63 80 208 -53 -228 -259 81 38 -402 -109 -40 281 81 335 -235 135 -145 28 -371 -488 -98 123 242 184 -365 -263 191 54 -135 -320 209 216 198 315 103 -386 51 -200
-36 -89 -56 -48 54 -143 213 -394 -70 58 -259 37 -2 -131 -30 120 432 -221 136 415 241 266 -158 116 -90 84 140 -459 234 127 309 -304 212 -291 231 -411 -290 115 -245 8 -94 181 107 405 108 89 389 164 250 -126
8 233 514 253 -137 -55 63 -174 575 -147 236 382 389 -130 -4 157 110 171 107 222 119 247 -194 -101 -290 118 233 -77 300 -453 -433 -523 -24 83 -39 -70 59 -106 -189 246 82 156 23 301 -158 105 -20 357 211 -186
142 221 -28 -382 508 -209 -329 47 -97 -215 -37 -131 -252 22 11 -160 181 -161 -221 -9 -26 -47 71 217 132 -404 -347 339 -392 283 217 465 24 44 135 290 -28 139 513 65 45 -224 29 -219 18 99 -289 -15 -222 -534
129 -415 -1 49 -261 -689 177 -41 536 -140 431 660 268 514 -51 435 -87 27 220 85 -207 -30 -546 -230 464 -225 241 -298 47 -188 77 -270 405 -371 -584 305 -143 8 -227 -254 -257 -235 -486 305 285 326 -24 -328 599 -4
-245 243 -633 24 -471 48 175 67 -169 164 -266 -205 -168 -491 -462 221 -125 289 -582 131 242 141 13 -135 2 153 136 74 -308 106 -231 97 246 270 374 -425 -648 124 -318 -442 442 227 -322 -731 388 63 127 620 289 -419
-149 380 157 -140 -57 -232 261 17 -171 96 -311 82 112 39 44 81 -63 -218 -173 414 -454 245 -300 -89 105 200 -114 -53 -45 55 189 266 207 -42 19 215 -77 -141 -148 51 232 248 374 -12 4 89 139 -347 -118 -165
119 225 -235 -432 -185 332 137 180 -105 349 -362 -133 -348 -198 65 -332 -323 207 -227 -365 -316 191 444 -396 -41 69 -716 -46 -135 -234 219 765 268 470 545 -11 145 424 174 -105 258 288 112 -91 -271 13 121 19 -39 285
298 -89 -128 -79 -21 -598 47 62 45 121 -84 125 -6 58 -340 3 -265 282 -208 -187 51 -254 -54 370 -219 -425 -70 -211 -208 -14 215 256 -64 531 -142 2 225 221 -155 -127 -96 42 -107 -471 -159 186 131 36 -3 125
196 312 -177 -61 206 -291 -315 -54 -64 -128 370 223 -219 -229 -56 507 -152 -177 -364 -409 -90 -635 71 -19 254 -54 -152 -116 -626 -69 290 -501 -3 33 -431 71 -47 -133 185 -383 -379 -291 -120 187 -280 368 345 325 -92 340
68 -224 -190 -305 308 263 568 95 -94 50 -204 -69 -37 -130 282 -276 275 487 135 -141 -411 155 556 -101 133 123 -353 212 246 -262 370 470 -98 148 614 -187 -402 61 254 -170 -365 -404 151 -572 -327 -167 139 -178 169 460
204 -69 -21 108 137 172 170 642 -553 -280 -330 -164 -381 -211 118 -83 262 -444 -66 241 -90 -479 457 292 303 32 157 48 -55 493 -19 -17 -269 -94 192 -180 -193 100 556 274 20 -73 105 49 130 -261 33 317 -192 207
-11 -200 -215 583 -216 -39 -102 -173 12 166 65 220 -440 261 101 503 -121 264 231 -45 -61 -197 -10 -383 83 -79 241 355 240 405 53 -41 154 -120 -324 97 -266 -297 -354 126 185 332 15 -50 201 252 67 -100 321 -25
150 -53 -316 448 -92 229 23 17 -109 -134 -16 79 95 -144 265 523 -68 -159 19 -9 297 139 242 -32 -286 -59 -442 -310 -54 -80 291 -93 -152 -186 352 -94 99 -36 -198 -95 -100 -280 16 71 -234 165 -189 288 26 240
-173 139 665 -259 226 291 -24 -255 -231 -79 -183 -131 -115 120 -265 -95 39 -323 469 -151 -415 586 3 -81 -419 215 240 245 610 -215 -191 -94 -67 -15 84 310 75 -104 329 378 -252 279 160 298 123 -11 493 -255 -275 -416
115 -400 633 -178 134 14 271 298 -169 404 -165 -210 219 -291 242 -228 91 -82 38 -88 102 19 407 475 147 -58 173 -281 293 117 -185 -331 -425 135 144 5 185 143 -90 -203 -326 -245 -61 -43 81 102 68 -249 -11 200
-242 -116 50 54 -498 196 -102 299 216 85 -176 564 -259 -128 -265 138 112 126 155 -82 54 -35 -224 -79 -314 339 -7 148 240 -120 -449 -122 167 229 -414 256 -126 -548 0 106 146 104 -18 -257 -4 197 139 -1 138 -724
-164 65 -216 48 -89 172 430 70 -390 184 29 -82 544 -1 179 -186 103 -42 -202 332 -135 149 -10 19 26 385 -350 -354 -214 155 6 -100 -27 5 679 -77 163 422 354 -197 -25 37 240 678 -68 -360 8 -172 -53 159
222 -41 283 -156 -11 -246 -120 -228 374 226 49 -128 51 -172 379 -311 -44 -204 377 177 -36 296 -46 39 107 -206 -313 -262 59 -286 284 133 398 39 -392 -279 405 -279 -88 -19 497 562 233 -77 140 -78 -308 -272 65 -221
172 92 153 -98 481 -109 188 -142 -168 25 -172 -25 -244 -250 313 -335 283 -33 -185 -174 112 -208 -144 159 310 96 -435 -673 -42 227 433 1 -185 47 -39 -298 -235 277 198 41 -561 -186 655 -137 -86 -143 735 -317 119 350
92 40 271 -353 -708 -36 266 28 -81 302 227 149 394 88 -236 -368 -44 -256 6 261 -620 -234 29 461 458 206 -41 -550 487 113 -115 -278 375 -120 -161 69 65 -74 210 -395 -126 49 451 274 -24 -230 555 -377 236 199
199 -90 -156 -63 44 -634 175 392 62 15 628 -249 358 36 3 -634 322 -446 -405 131 179 -593 -71 311 480 -30 204 -525 -171 -50 -28 -436 416 26 -239 -115 -116 105 -69 -264 -374 -123 -263 449 -164 -413 243 -61 31 222
-205 -142 -131 0 314 557 188 317 465 126 -131 482 -102 -68 -278 -164 -310 159 -25 -365 384 159 -114 139 -323 -112 -103 58 179 21 -296 97 110 -92 -112 -401 -37 12 69 -27 -322 -124 -191 -235 76 322 201 15 663 -394
-46 -247 28 311 -86 -169 -55 -4 -67 183 569 -290 49 426 -56 -13 81 143 163 -13 -261 37 56 68 -191 67 421 319 215 -169 123 -127 -34 64 -77 312 3 -221 -158 -173 18 156 147 233 -161 -78 -204 24 -71 344
-54 509 393 -355 -408 -672 -519 154 580 113 -27 -77 324 -217 -503 -417 171 443 -400 22 280 306 22 687 401 -3 313 -62 -229 -289 -276 90 -2 426 -309 66 -101 -501 -42 -215 -58 92 -267 -437 79 148 78 406 633 -476
138 373 101 -27 310 57 358 415 -35 296 287 -56 -158 19 199 220 -8 47 386 84 -135 -20 -404 -51 -278 86 -325 67 -205 198 -358 10 -121 151 -53 -133 236 335 284 -80 321 242 -226 251 -55 146 -197 50 -62 -179
-198 167 802 -511 -19 -94 390 65 -431 294 -284 -160 148 -292 99 -248 197 133 -49 -48 -394 512 56 113 274 128 630 269 113 -319 232 134 -328 127 297 90 -392 -263 236 -72 123 240 -7 79 57 204 75 234 -294 -173
-14 -260 -78 -215 127 496 -142 196 202 -256 472 309 165 -105 320 204 -161 -86 117 -217 330 39 26 225 1 -422 -252 -98 -261 42 -348 168 -203 -58 413 -197 138 234 -72 -70 -330 -357 -228 92 -114 171 87 372 296 -99
37 -104 61 415 107 -45 -118 -208 275 162 -55 41 -294 142 70 347 -21 -203 303 -115 36 -262 -282 -254 -267 -238 -54 -19 29 14 205 -412 72 -143 -387 205 126 149 -156 198 -203 -207 -107 354 -32 79 100 -269 -190 370
-54 205 364 -248 -301 -138 91 383 -174 -230 253 45 120 70 -137 346 214 -273 261 154 -262 -301 128 718 407 -643 221 93 202 -241 114 -254 -70 -33 76 319 -437 34 44 -315 -221 -86 354 -201 6 22 359 123 441 -272
-138 -182 -2 -169 44 200 83 395 342 229 316 271 -172 127 -56 95 -196 73 607 -243 -142 145 -306 463 -320 -206 -75 425 233 -254 -173 213 11 276 -111 302 -284 -57 -66 -112 -283 -198 -217 -420 -40 175 28 -318 400 -593
-124 -8 27 73 -8 261 128 433 -188 19 205 293 -410 -38 116 537 -213 -2 130 158 -50 -149 -203 293 -39 -376 -17 528 -352 282 132 453 -188 -288 277 156 157 -204 -111 -134 409 133 182 82 3 460 -40 265 -153 32
-513 106 -103 82 -60 -406 -613 164 681 350 273 -90 248 175 77 -151 285 -295 -77 131 295 -36 -401 593 -18 -855 59 255 -473 -314 264 -396 316 -136 -413 126 -219 -255 54 -309 -374 44 268 143 382 20 -81 -311 213 -483
-105 230 390 143 -108 235 184 242 -231 -96 -763 -55 -88 -396 -464 110 -327 44 60 -482 -287 111 366 -156 -68 -1 230 63 295 57 -64 129 -233 117 107 90 -49 -252 333 51 -111 164 82 -439 112 88 248 322 437 157
296 91 349 -14 335 162 105 -379 -528 -140 -585 -24 48 -292 -376 348 -518 -4 -230 -296 226 283 372 38 -478 174 438 -299 265 119 -142 253 -166 266 289 32 430 -247 -384 150 558 -154 -274 -86 -451 406 -148 352 -80 239
144 -265 4 235 94 -183 241 337 -161 -275 163 75 38 -226 -11 -47 305 -147 -451 122 276 -342 -57 298 -374 99 20 -77 3 -369 235 -7 -469 163 -75 134 50 -12 -238 -94 -208 33 113 -233 -134 21 -50 11 -498 103
259 324 364 -128 515 -515 -415 181 132 331 -75 -92 -702 -18 -222 330 -7 -344 198 50 -79 -585 -123 543 48 -210 440 122 253 39 -32 118 -172 147 -196 -137 31 100 36 -112 580 507 -4 -58 128 631 256 481 30 154
-404 64 -184 287 75 -46 229 -48 291 -59 446 527 56 -295 -244 683 11 -129 159 -212 -196 -443 -798 -177 100 -98 -22 6 113 -214 197 -296 -19 -220 -313 379 -202 -59 138 -77 142 -123 335 330 -225 285 393 -326 417 36
22 382 105 93 256 -52 346 -69 -108 8 215 103 53 -230 245 203 62 -228 -159 246 178 72 -215 -114 -223 62 -158 -212 -92 -137 -276 -185 -235 25 304 -156 232 -177 -63 -37 132 -128 146 332 273 -269 -523 -168 -525 -3
117 -225 -92 -291 -230 -311 200 -128 47 -97 491 63 389 82 -77 115 -560 134 102 -620 -25 334 -122 181 -256 -269 404 -136 -70 -206 290 379 -281 -14 71 116 197 300 -170 -375 -392 151 -254 149 -123 284 204 -63 -36 47
-183 -303 -23 58 99 38 -371 179 155 366 -160 110 -218 417 22 -75 165 548 -146 120 -89 16 277 236 248 -314 109 198 -48 17 -136 263 162 439 -73 38 -275 134 -30 118 -220 -22 -251 -330 98 236 271 8 261 74
-50 -383 15 200 317 -545 -255 78 379 193 129 -138 213 486 135 -306 -2 -108 -22 347 -73 -247 69 195 -12 222 375 -2 -83 -478 253 535 432 -278 -64 177 131 -26 26 42 137 323 121 226 -258 -230 -401 80 381 313
-61 -323 -32 62 276 425 -33 111 316 -10 -29 -105 392 465 747 80 189 -398 169 26 193 326 438 8 -22 -434 -216 318 -89 20 -22 -261 145 -221 265 -20 97 267 330 156 -436 -302 -100 434 240 -357 -263 -369 -24 -305
-413 -138 -12 -260 242 129 108 169 20 -55 -143 -275 262 -7 -175 93 190 -187 340 142 -323 298 -3 327 -76 144 216 106 -7 122 122 245 -416 -223 306 378 -572 197 393 -127 -202 -379 163 -441 57 -7 33 -190 270 -192
109 54 191 101 -153 431 -3 -285 25 -303 -242 -47 -334 -36 -121 -359 -142 178 -112 319 308 -103 416 104 121 138 -240 136 111 -166 -75 315 -146 -9 362 -89 128 92 -333 229 170 -21 116 -371 88 -289 -196 86 -352 406
269 110 24 55 -548 62 -44 22 -115 -252 24 249 -79 -242 -328 -48 44 -142 -163 107 441 -87 -195 170 531 -215 -203 -578 -13 241 79 -396 -18 -97 -460 -52 -19 -134 -545 -124 -121 21 -544 110 -151 313 439 146 120 247
-5 -111 91 272 433 -25 86 346 151 -127 -372 107 -203 -178 7 83 228 -260 277 93 525 -97 63 531 -159 -520 122 -112 356 120 179 -62 -182 -228 -372 -88 40 58 -58 149 -189 -29 -174 52 -409 247 196 -396 208 -173
-157 -302 257 -114 168 -493 -139 -312 157 75 -180 -281 388 -197 151 -315 96 -223 -163 82 -209 -110 -268 5 91 -197 384 -214 -140 46 536 43 207 -465 -149 65 -26 181 389 -84 -282 102 354 443 468 -79 118 -198 108 287
-371 197 530 -75 446 243 188 -69 -6 204 -83 60 283 -66 274 134 -292 164 -346 -289 49 374 14 -22 -219 -110 222 315 44 -279 -65 219 -437 71 336 44 236 -16 -89 57 -221 90 598 -131 166 72 -37 -98 121 -233
-571 -130 -42 -127 -305 -189 -362 -103 462 180 240 262 428 -58 -109 -28 -247 224 121 349 -350 31 -399 24 -169 75 -17 373 -352 -25 -261 147 8 -15 37 391 73 -117 364 46 271 -12 400 82 422 13 -643 -39 142 -274
-78 -145 -226 364 408 -458 -301 381 -87 73 -280 -17 -216 -219 330 427 -94 -164 -289 105 314 -414 316 263 -11 -80 205 102 -409 122 -222 -132 181 97 -57 -31 117 -89 56 183 51 -184 165 -84 71 61 -11 -72 66 -82
94 240 409 -490 -39 -212 -92 297 86 27 135 109 -115 62 81 154 61 -332 248 -106 -435 -106 569 236 293 -8 -212 275 -65 -422 103 159 -457 184 324 144 138 -257 579 -171 73 -12 590 -258 96 -19 -273 443 111 -165
-460 -15 160 69 -47 440 118 -7 36 235 -347 52 210 -119 -169 -341 -279 146 59 16 555 611 -23 82 -265 -142 -44 -32 39 -39 -548 -247 381 236 24 -38 -88 135 24 -152 -50 82 -309 -77 -5 23 92 -122 61 -419
58 -49 290 113 464 115 -428 -38 -138 -31 -581 -328 -193 141 1 66 -21 -126 -29 -318 324 256 645 256 209 -521 224 -161 121 128 -45 632 -215 379 542 161 21 -69 11 105 -67 -253 -152 -313 31 -56 76 314 257 565
-194 220 119 -102 214 -195 -51 514 38 264 124 33 22 -194 -173 522 -115 -903 528 -151 251 215 -15 601 -209 -177 215 -334 -83 190 -180 -162 -169 -75 69 50 -147 -480 115 -379 -104 114 -126 87 -7 328 21 514 510 -493
-314 396 27 -207 84 240 182 124 -246 46 64 197 -229 -106 -193 605 -297 12 216 -136 -94 13 -179 149 -352 -447 155 530 13 -25 -170 -124 101 -128 -141 -155 227 -189 -361 208 -122 42 303 -71 -107 421 62 240 367 -479
56 372 -30 -76 -122 481 -96 -426 -28 -136 -239 104 -51 220 50 -147 -36 -7 -81 -26 -47 96 -164 -672 -69 7 -357 -169 -146 26 -252 49 302 337 143 -58 38 -121 -85 444 432 -241 -363 179 -58 12 -278 129 -422 78
179 -426 -238 312 143 119 85 -32 -638 -503 -236 -38 25 188 309 423 -52 -309 44 -26 193 -281 285 -88 196 -91 130 136 -120 -11 462 -296 -137 -391 -226 -64 44 780 95 -108 -97 81 9 344 -132 -255 156 -279 -242 152
-92 -182 290 34 213 91 140 -160 306 538 -150 -133 204 518 230 -505 35 151 329 362 -120 519 -59 -420 229 347 -94 -499 166 26 -72 234 165 239 197 -109 -283 216 -36 191 576 123 11 282 60 -131 -162 -118 252 608
-55 478 182 28 -486 -280 -241 122 -80 129 211 -20 24 190 -224 556 -195 207 -356 -55 -639 -244 -148 -122 100 -102 80 417 -60 67 -170 7 -311 434 26 540 -132 -432 -344 93 142 -78 253 -360 96 341 -86 381 134 166
497 -107 241 -212 -30 -275 -351 -546 210 -242 37 -154 170 123 310 288 -678 -189 -10 -411 403 31 351 279 -68 -451 -169 -41 -90 -160 531 42 -377 -256 100 -70 285 622 -280 -319 -445 -268 -6 -247 218 225 -217 232 17 -26
-230 470 75 -248 -97 27 -283 -254 146 -106 111 -17 163 -64 -478 -55 -389 -234 -419 -130 -7 9 -97 283 74 -417 242 288 -276 105 -22 351 133 -281 69 -1 307 -220 -180 -207 -101 42 321 6 525 53 -348 273 345 -206
-283 378 375 136 48 182 340 -97 -338 265 163 -79 -96 295 -241 201 -87 -302 114 156 -383 -40 -90 -37 -315 620 10 55 104 -107 -241 -193 -143 164 274 506 110 -283 99 20 173 -16 549 303 -191 -228 -51 -117 -211 162
280 -29 -438 138 -10 135 -142 69 -290 67 41 -69 -290 366 -52 105 117 -104 37 -97 435 173 237 -384 -248 -96 -177 -8 335 570 -151 254 39 -208 38 -157 215 -255 -259 219 -110 287 -485 201 -42 -61 -232 420 -103 -91
192 -1 -443 11 -332 -58 -448 290 193 352 183 305 -73 249 -61 106 18 13 -100 -280 58 -167 -3 214 -58 -665 -552 -361 122 210 -153 -85 395 302 -199 -62 473 44 -402 -161 -328 29 231 15 -286 388 313 37 429 232
130 12 46 -57 -69 112 166 -166 -348 -197 -101 -192 -105 231 -22 -7 -164 -70 313 -164 -79 474 335 -322 -297 29 223 0 230 1 226 361 155 -115 434 -59 169 50 -197 420 6 261 -112 527 -264 -257 201 250 -344 88
-301 63 -7 429 -285 -101 -36 -128 149 -213 -296 101 408 -303 -458 -164 -100 -21 -287 -56 530 7 91 151 -213 2 139 -460 171 -88 25 -288 26 -195 9 -59 187 -92 -99 -251 -464 302 344 2 -96 -114 335 114 708 -109
-436 193 -91 -53 4 -125 -798 -619 -223 138 -6 -234 -317 -1 -244 452 -338 311 308 -383 -355 344 401 192 -102 118 343 293 61 59 -61 405 81 16 266 401 269 -429 163 35 221 73 135 -99 -255 558 5 44 -145 -225
-348 30 302 282 -366 388 -239 115 89 -118 -261 320 -62 219 -210 -100 -198 308 -197 414 524 16 -350 326 -182 292 -142 130 -594 -136 -622 -304 48 -36 -68 98 329 100 -276 67 -66 -394 -130 -4 388 157 -445 148 71 -304
115 124 37 -102 37 -264 8 -145 124 -210 -185 -129 47 136 109 -361 79 -371 416 532 161 -198 131 194 4 263 282 -612 92 -130 39 -195 342 -88 -137 -254 -242 462 192 -230 315 226 -188 362 -332 -104 255 -138 59 -27
298 -116 33 158 -269 -271 58 -117 -108 -293 118 -481 422 130 145 154 -89 36 42 -397 95 317 46 362 -245 -492 625 -311 387 -59 72 330 -248 -200 279 -114 234 513 -456 -155 -760 19 -300 16 -60 -209 334 11 -193 360
-353 431 75 -397 105 -314 -217 66 -12 454 -226 22 -141 -74 -390 -104 -48 37 54 413 110 114 -267 223 -240 102 -228 60 -150 -63 -197 42 173 564 99 362 -182 -486 -136 46 470 -103 17 -188 -49 257 -312 130 183 -393
-211 -120 -103 -53 -147 400 338 594 -320 358 -52 -129 -64 476 -19 -130 -158 164 229 -73 253 397 291 100 -304 -312 -314 145 96 381 -253 200 -63 446 520 297 -338 331 32 44 -274 -329 -420 77 -34 140 -56 105 -39 -162
123 96 -420 220 -638 -41 -82 29 -165 -186 290 -117 221 232 -218 -509 516 321 -4 110 -163 -396 -359 -93 204 -50 -3 -118 236 516 -193 -469 261 210 -532 94 -475 91 -82 118 -197 -78 5 -83 -355 -468 615 -355 -194 88
-619 -75 262 -8 59 69 8 -413 345 95 -339 170 665 -341 -5 -254 -53 -193 485 143 -115 319 -83 55 -24 -323 493 23 -220 -251 -106 177 118 -93 202 -48 -214 -318 268 -135 -104 4 290 -104 255 -557 -163 -230 294 -64
252 20 259 169 102 -259 110 -73 148 117 152 -377 101 53 -24 30 -183 -208 89 -334 446 221 120 20 174 -377 487 -71 195 112 47 -222 -23 -196 -221 -280 220 -255 1 -81 88 270 -599 134 381 -171 -293 257 -34 -218
244 203 164 231 93 -224 155 79 -179 68 -652 -339 -446 89 130 77 -258 -145 -436 82 -16 -88 372 -202 267 -157 -342 213 36 -33 462 195 247 -186 263 67 58 418 5 68 254 278 262 -321 196 247 -87 105 -49 166
-308 -495 -791 31 -294 -176 -215 -37 -299 225 78 3 68 8 -62 203 -153 50 -323 76 -24 -128 85 126 -142 362 392 53 -69 263 -8 185 61 -127 99 155 -230 -280 -276 -227 97 -129 -62 -71 -340 216 170 -233 -192 74
-193 -629 -201 259 -59 77 208 -259 211 -9 8 -22 133 335 6 -79 227 625 480 53 -590 -71 -254 -72 -116 67 42 404 413 -534 585 800 225 -84 -104 562 -64 472 -54 107 -104 46 23 -159 -522 -231 -30 -696 302 378
-23 -58 281 -301 -70 -47 588 348 -300 -228 269 122 334 144 -83 -364 547 47 251 507 -533 63 -314 -220 237 -66 70 56 303 64 28 127 -237 -104 -93 169 -185 -358 6 331 41 -14 37 116 88 -243 -236 -199 -152 20
7 -287 152 2 -161 -128 -333 -137 79 -270 117 -67 426 -172 109 -293 -166 -112 126 -24 -330 71 -5 169 42 295 491 51 38 -22 12 -132 -136 -273 -97 -17 -123 302 457 -27 42 172 231 270 384 -63 -125 -131 -115 -199
-199 -286 309 -31 -311 -355 -235 48 -21 127 -458 43 209 -261 417 -169 -218 370 -201 363 297 379 349 406 367 -119 -28 -66 -665 150 -180 25 -184 253 340 -2 302 25 204 -277 30 -14 203 -278 521 -74 -346 -62 -87 -139
97 171 276 204 -49 -156 505 -66 327 -3 105 9 -263 -26 -20 -573 308 409 -416 401 313 462 -482 -246 496 -98 -375 -7 48 -270 283 -251 723 -8 -610 -247 -105 63 -518 -39 143 486 120 -227 122 -10 371 -275 -20 -21
-445 0 149 -411 -521 143 52 292 171 -103 25 95 167 -315 -85 -212 -103 129 262 120 -517 24 -420 329 -156 226 236 576 -358 -503 -196 213 38 37 139 316 -133 -22 347 33 111 53 115 -126 349 -156 -207 -217 -101 -656
-63 -195 241 -136 -234 421 410 193 -109 -104 -188 313 47 -35 -27 321 71 -243 500 -29 -284 -492 314 205 -318 -270 87 357 260 92 -119 -410 -416 -104 -232 72 99 -13 246 -162 -480 -299 121 -232 32 -204 -107 -287 5 -370
-336 330 -16 68 365 467 -208 -331 -86 188 -38 -92 308 36 407 227 -63 13 -21 -415 -244 -72 -128 -637 40 34 -278 10 -256 397 -227 29 -331 179 364 233 -231 -140 770 -163 -184 -215 131 284 410 -327 -271 -161 275 103
-258 219 381 -116 -147 -532 -416 -384 318 135 43 -119 435 -387 -55 100 -386 117 173 -105 159 344 -589 310 -293 -474 128 20 -285 -446 33 105 -128 448 -162 333 133 -264 -482 210 121 -16 108 -395 84 269 -87 -6 -151 -136
179 -641 -221 -141 -202 -407 112 -21 65 -71 293 460 40 -41 -232 -8 -8 56 -27 238 134 -487 -54 95 274 254 371 -389 -320 295 -170 -134 -2 -138 -143 -251 -120 -521 -60 -13 135 -751 -416 0 323 -59 -320 291 -12 156
-240 273 -436 115 -227 510 5 -382 -300 249 178 -268 151 23 222 99 -125 79 78 -143 -26 582 -267 -241 -313 288 -353 -238 -306 479 -86 72 -67 -217 609 -167 -46 137 -92 183 -292 -93 -105 427 64 146 254 30 -527 142
17 42 341 -336 -241 423 592 -48 -162 117 -138 227 114 10 91 -117 -407 -71 -187 56 -403 -186 13 -255 -7 245 -31 31 13 -282 242 19 -255 -327 297 -516 -53 277 100 -305 79 -160 476 174 598 -179 -381 206 -134 189
-127 28 -225 272 403 246 392 -127 97 -210 -563 -338 -261 -30 12 180 375 161 222 187 -131 -27 294 -294 -131 444 343 335 173 -38 585 484 -276 -408 70 -264 -599 266 225 79 -13 285 -171 -524 -170 -388 387 -12 -145 63
-134 93 215 125 226 564 325 -7 251 131 47 269 -525 -363 -192 -48 -406 -69 -19 -433 16 -330 -206 -209 -110 532 -329 -40 271 -432 48 -51 -123 -39 20 -9 -239 124 16 -399 182 84 235 -232 -178 334 280 -113 274 76
8 321 -101 -316 186 -158 -129 -211 -263 -267 -120 -158 -138 50 -131 217 -35 -130 5 22 -227 -146 334 -206 18 303 177 173 -86 41 104 29 227 -68 181 40 -271 -387 268 166 162 -133 118 -131 -91 -58 23 500 50 -194
-267 -377 -243 -9 190 362 247 182 -184 118 418 377 -108 99 114 289 -141 -48 192 -105 66 -420 -371 82 -35 -372 180 339 -26 -10 -229 135 -190 -111 63 -11 -231 -81 66 -193 -37 -428 -519 87 -28 144 -398 63 -256 55
93 -132 7 264 64 -392 -585 -833 50 142 122 -318 311 9 88 398 13 190 262 -12 -191 517 -168 -382 -69 246 445 177 -75 -260 52 -210 323 -9 -71 3 355 -269 22 428 650 210 -382 551 373 -115 -516 135 -303 -147
267 251 30 -126 -119 -388 -180 -115 -18 -27 116 -199 327 -68 -146 247 -260 -201 -114 -213 -156 -401 -122 463 -199 -385 188 -121 -369 220 410 -76 -262 84 -301 131 247 303 167 -222 -130 120 112 222 10 122 14 85 120 86
354 -116 -16 193 -91 -231 184 -75 -99 147 113 -271 53 -160 -75 28 229 206 84 -94 39 -112 -72 -110 -311 205 -170 185 271 -161 145 -296 -58 314 -341 -23 359 -2 -245 321 -137 172 -118 10 -69 -247 68 22 -65 97
-70 -189 512 -45 -114 -67 54 29 214 -237 -98 424 -30 52 64 -8 -296 -181 87 378 155 -296 244 336 300 -310 404 -92 -98 100 -48 29 -147 -615 -100 -14 240 -152 128 -187 79 -142 -114 188 209 353 -288 -88 -16 -100
-65 212 -173 -234 -93 -97 -68 -81 -356 34 -95 -124 223 -118 -296 288 -349 237 -320 -92 -179 -30 218 377 37 -80 312 77 -167 -35 -14 114 182 476 336 236 -85 540 -173 -337 201 -90 -358 75 -549 449 108 350 200 81
175 -341 401 328 32 8 -128 -16 -418 -71 -546 465 -200 71 61 -157 239 -98 -418 31 -58 -3 -264 -324 73 418 -34 -55 254 129 -129 138 -252 160 -89 216 581 -300 -158 355 312 55 298 187 -87 94 28 -174 -746 395
-74 77 351 -127 536 -189 -150 316 -39 331 213 -57 -115 -225 -95 57 -297 -19 221 -68 61 186 -182 210 6 -70 171 -20 -108 18 -349 621 -195 88 160 161 108 -46 270 -11 586 541 -194 -120 37 379 -325 377 269 -272
-760 520 154 623 -233 33 -65 -164 -105 273 -669 -610 247 -574 -356 182 -213 -40 -501 261 312 562 58 50 97 -444 451 83 -434 -95 -5 37 31 -11 610 66 -266 86 -286 -308 48 382 217 -224 533 -251 24 395 247 394
501 21 508 -418 341 -553 143 286 25 -258 -24 -236 88 148 94 -319 -24 -347 90 345 3 -84 48 149 145 251 173 -302 -214 -278 -108 103 -72 76 146 -190 -78 325 125 78 248 -293 -383 -59 405 -260 -432 365 -225 -137
190 -361 111 54 -67 -394 -199 158 344 -37 236 512 266 -19 123 334 -309 411 -123 -461 -11 -326 -429 54 129 -236 -294 -166 -171 12 -294 -275 -63 243 -558 379 341 307 -163 -163 -604 -436 -90 -441 -2 411 125 -284 544 -87
194 186 -109 -288 -366 338 232 -4 -171 -910 -146 143 7 -175 12 -88 8 -251 -147 -99 76 -276 207 -42 275 -274 -227 -94 -244 -9 -47 186 -206 14 369 -135 -135 -67 296 99 -362 -383 -385 -287 237 -377 7 142 -260 -278
-206 26 48 331 195 -194 237 320 -220 -104 138 273 -308 33 172 213 347 -193 -181 401 -132 -458 -288 -354 295 225 6 -154 -362 -193 -244 -323 399 -47 -149 117 -145 -238 99 147 7 -157 -194 213 -87 21 -18 164 -226 -3
578 331 118 -58 278 459 286 199 -289 -319 -61 -17 -627 -211 228 -183 -255 51 249 -423 632 154 -74 -236 -287 -431 -758 -43 358 -3 187 320 -111 365 25 -123 92 223 -541 250 278 295 -128 -352 -331 297 64 59 -129 -132
266 256 -52 378 -161 -154 -130 13 208 -193 147 -177 -149 -76 30 -487 253 187 -285 396 405 -329 -279 135 206 407 -600 -409 -382 -438 122 -306 81 115 -271 -433 202 189 -86 -156 97 274 14 -10 223 -131 -24 126 60 320
310 -34 190 -56 -214 335 439 -226 173 89 1 195 424 196 246 -428 -291 241 -95 211 187 210 160 -231 25 442 -390 -186 248 -332 104 -91 15 336 68 -152 -160 577 -277 -168 370 47 255 -3 -153 -307 -375 -29 298 162
14 -348 -340 -139 -36 -244 -149 -18 -79 184 309 -280 270 217 168 184 -448 -222 248 265 216 37 313 118 -536 261 213 -14 -27 385 -366 -591 247 -133 42 -73 -98 338 -67 138 202 -304 -412 428 130 399 -488 95 10 -603
-90 -31 -72 -24 -307 -236 13 133 23 104 401 -314 57 -179 -45 -13 28 -165 126 -265 -187 -293 42 73 127 35 520 92 -158 73 -56 141 -205 335 -234 74 -243 -227 -73 -42 -186 83 -380 -45 235 -252 83 158 -182 67
-9 -319 -446 204 223 95 265 165 75 307 175 203 -255 -86 -394 356 63 58 33 -504 231 28 -257 -17 -628 -107 148 88 446 17 24 -26 -289 130 26 106 -15 -22 -569 -2 -536 1 -335 27 -350 390 360 -20 287 296
-245 -109 164 -337 508 202 277 -21 26 72 8 233 308 -45 43 -624 165 -268 -125 260 178 364 3 -355 -268 319 176 -315 -55 -5 -565 -386 294 101 66 -323 79 -333 76 452 -172 -174 -291 570 -82 -135 -106 -2 -206 -249
-213 -24 -21 153 -112 52 -91 -40 500 92 -31 -135 9 251 50 446 -322 -410 353 229 -63 37 158 245 -186 -189 309 156 58 -50 -298 130 326 -545 282 -21 224 63 -229 73 46 -150 -275 2 249 29 -296 -7 -47 -190
77 -8 391 -2 -18 282 -70 -288 159 117 -13 123 -300 -61 -135 350 -8 70 278 -57 -46 -44 -285 458 -276 85 -106 510 98 13 82 200 -276 -276 -290 12 639 136 31 85 -25 63 36 55 86 393 -85 100 -87 -188
211 -306 -614 52 404 -164 -233 -109 -243 -121 54 -609 -172 -91 32 -207 -177 -79 -284 -224 204 130 452 -313 -138 656 632 -73 170 245 -185 383 176 -172 438 -439 -335 421 18 95 385 291 -417 -23 -8 -32 -23 487 -226 -41
-74 200 188 343 -159 239 -216 -7 253 12 -587 146 219 158 396 -4 -75 -220 -278 -57 464 497 223 -580 -60 -132 76 236 321 -259 -482 -357 365 274 250 -153 88 -121 -200 244 328 451 -140 312 289 -76 -137 102 72 -486
-80 -318 -41 152 72 -101 175 -115 370 528 -29 175 185 119 -342 -77 40 -62 256 210 158 327 187 295 -377 311 70 -40 336 -130 100 1 41 167 45 2 4 50 -199 -181 -144 190 77 -26 -124 -193 -55 91 369 -63
71 -277 -58 -302 95 30 71 -209 251 -97 192 29 716 386 94 -450 -95 -313 261 85 244 410 -283 -22 -75 -54 -241 -495 -34 365 250 -222 -37 -278 -457 99 -345 539 316 -194 -95 -383 -197 264 -211 57 -227 -407 171 -305
142 50 -546 -130 -62 -159 560 309 -206 209 -299 -308 236 145 -161 -109 284 -182 -311 229 35 271 436 -28 -65 177 112 -177 503 -217 522 -181 389 -168 -11 -387 -287 119 -311 -326 -295 274 -643 183 -499 48 167 157 259 -9
-186 -288 -512 34 -92 365 217 114 -56 395 411 159 -46 -72 -143 -62 -410 147 -95 -210 -20 -556 64 232 23 -109 -35 37 -303 0 53 -49 294 163 -101 0 91 196 -191 103 -181 52 -138 308 -320 -132 356 -391 282 217
-29 -124 250 260 -382 -740 -25 423 -27 229 -20 30 -96 -106 -463 316 -428 81 -296 -145 -110 -205 49 483 19 271 409 -89 253 -486 189 -150 -399 13 -241 248 145 -192 -282 -333 41 300 408 -437 148 440 164 35 314 77
94 310 447 105 150 -429 -131 129 -18 -242 -260 -30 -173 34 -120 223 -157 -657 395 536 385 -266 -305 223 -433 154 -18 -84 6 -76 -88 -291 -265 -30 -123 436 -120 27 174 43 624 -85 -111 160 -33 193 -431 158 -423 -264
-423 313 78 -223 -214 178 -313 -205 103 74 30 -210 132 -151 -252 74 -33 -23 -56 -101 -205 -20 333 185 240 -66 32 -4 -253 -301 12 263 -482 122 400 257 -224 -44 363 -228 -20 -181 102 -232 187 -190 -129 -20 40 -74
592 -175 28 -144 -293 -525 -171 158 -540 -248 -276 -209 -288 -298 -31 18 57 32 -335 301 123 152 574 332 122 373 87 -204 120 -322 103 253 183 263 329 -178 383 78 -489 166 419 578 -138 -183 -149 38 274 474 -378 -106
295 -82 -119 -245 35 -348 -150 -2 -621 0 269 -44 -398 146 -382 95 -201 459 224 -479 -28 61 -212 484 -405 -123 102 275 -142 115 491 655 -469 261 95 294 149 154 -178 -21 -231 407 16 -51 -102 416 46 247 107 -151
152 229 210 -14 481 -54 -292 -334 -146 -106 -567 -54 13 350 73 -54 375 -80 81 200 216 178 238 -381 -41 356 40 -403 -22 378 -200 306 -234 -138 284 -74 151 -122 284 279 198 62 19 232 42 -231 -218 134 115 53
77 -11 -502 -213 -379 111 36 217 -501 109 72 -334 -214 -489 263 -594 339 341 -217 -70 -2 -92 -68 104 -118 -78 -494 92 -23 40 111 277 191 414 238 -214 -450 -65 -258 59 -208 302 668 -466 210 -464 220 -339 194 -230
277 -187 346 -243 363 -263 -62 72 -320 -299 -612 -136 154 105 515 -36 395 -488 250 297 -231 -186 443 45 233 87 -72 -382 41 -210 223 252 103 -102 120 154 218 425 436 -62 42 -9 -40 257 -652 -176 148 -151 -230 340
-12 -49 606 193 -61 270 -27 413 575 -5 -59 422 -231 18 345 497 12 -307 246 52 246 -78 267 382 -19 -383 18 592 7 -294 66 -288 -493 -225 -101 -27 45 -70 238 -261 90 65 247 8 557 218 -350 85 65 -588
143 -17 45 425 207 -593 99 155 382 -355 328 -90 102 481 -123 -217 356 -304 -37 708 109 -665 -416 46 328 290 109 -315 50 -134 61 -78 -21 -85 -93 328 -541 49 -115 60 317 -372 -94 -33 -38 -383 -305 39 104 520
141 80 -286 -5 75 -198 -80 -202 -169 -98 472 -226 -29 -158 -203 -392 202 -14 62 -146 -193 -180 -351 83 -159 75 -342 -167 -306 -234 328 360 128 -132 146 -37 239 -179 138 292 -450 -140 32 278 4 -416 177 -91 -392 281
-90 294 405 -136 -195 351 262 -109 268 104 -112 333 -352 -10 -7 -330 92 136 376 66 -204 302 -306 -432 21 83 -475 -370 254 192 5 -18 156 104 -126 -42 -275 -184 -19 216 181 110 173 -64 -190 394 371 -9 34 -91
-132 264 398 -368 486 -98 105 -27 -192 -1 67 87 -123 -230 -25 496 -52 41 163 -462 197 175 -27 -73 382 -625 205 43 -79 158 -178 -52 -70 -132 5 -37 92 156 166 5 -104 -181 -72 267 128 329 267 132 297 -248
192 168 -128 -28 -160 325 212 115 20 22 74 116 -8 151 -161 -117 386 80 162 -7 17 -114 338 202 -11 231 -550 -332 518 27 -130 -105 -121 179 107 -178 186 -243 -318 333 -416 -311 386 -126 -291 -305 33 -88 661 74
-50 -397 -618 65 -370 147 62 324 -171 12 501 305 -44 -182 -232 105 153 499 -31 75 -93 -716 -502 346 68 55 -181 109 -119 220 30 57 -349 -4 -3 -44 -304 -33 -23 -7 -118 -716 -216 -7 30 147 26 138 -81 462
-251 131 -437 -229 -409 199 -223 -335 -235 -191 263 -92 607 -165 11 13 -214 107 -108 -285 -155 485 -242 43 122 -545 115 -75 38 91 -168 352 371 15 43 -2 180 -43 -215 31 -147 27 -119 95 -141 -94 122 -263 -40 -199
234 197 108 -246 291 -16 169 -240 412 142 244 482 -278 326 -161 561 271 26 -106 -3 -393 -179 -59 186 -14 -374 -65 396 71 -85 377 -163 159 -243 -66 -253 166 63 21 -90 -514 -50 365 220 200 148 250 372 305 103
608 439 265 136 -127 -212 -7 -265 383 -437 -140 26 -342 249 -97 -89 -180 117 -373 -15 42 -432 -542 -736 199 -24 -362 -147 -270 -169 32 -9 582 151 -412 -355 373 -282 -498 303 482 -153 -387 -168 317 -124 -181 528 -65 319
-259 288 185 185 351 186 -160 113 374 -87 -44 -261 26 -126 32 -207 293 141 -6 9 -102 99 123 -84 -248 420 448 66 21 -13 -428 90 -133 65 139 -161 14 -8 261 230 227 369 216 95 2 -187 181 16 -119 -3
-113 419 -108 -279 83 -187 -86 -115 76 -146 -349 -441 194 -202 268 26 104 30 -117 263 -213 34 50 -106 -311 -85 54 197 -210 -333 346 369 -286 54 301 -43 -255 56 -83 35 389 -82 171 -404 -278 124 -265 -46 -364 38
-6 289 693 -57 60 12 -12 22 -105 126 169 168 -115 199 -177 154 -80 -21 32 -121 -258 18 -61 305 69 -41 23 -36 215 -192 116 186 -51 -93 -96 277 357 -350 -19 -60 -4 276 391 12 43 396 57 102 282 -387
-400 123 -16 734 -411 506 360 -190 -69 336 -15 2 153 208 103 -235 -455 329 -34 122 170 562 -189 -770 -271 273 -300 -280 373 36 -309 -286 441 -50 116 160 -219 -216 -462 153 248 213 92 208 -166 89 -126 -351 -12 269
79 -215 -163 161 -294 57 -160 -384 -206 -136 136 71 126 228 -45 -200 26 156 35 47 189 -369 363 142 -95 26 19 -23 -244 -47 158 -315 -213 64 126 -19 341 -43 -32 117 -444 -147 206 402 69 -728 -239 -82 -347 380
31 -124 -23 -528 -63 -153 -45 90 142 70 66 -156 808 55 102 -394 165 -284 -467 142 -334 106 -99 231 450 -165 280 -353 -311 306 -31 217 -139 -94 278 77 -232 607 140 -177 -208 -535 -34 129 64 -315 -154 -15 -156 340
356 299 135 -662 35 -16 441 254 -24 371 -329 228 -496 -551 -105 99 400 -365 -179 331 -58 -295 -176 230 10 416 -439 -457 241 -457 -44 -156 489 338 -42 -519 36 75 -130 -136 709 106 164 -6 -276 106 337 278 102 -189
-105 69 195 -501 23 -147 3 363 117 429 -140 -90 66 -319 -236 -132 -137 -253 127 29 -654 -252 99 469 198 37 168 15 -123 -463 209 255 49 -38 29 -49 -93 -80 674 -502 303 225 174 -154 60 -85 -48 82 333 70
202 -233 -199 -789 -641 -107 307 -299 -21 -125 215 255 608 34 -116 -208 -349 -137 200 43 -303 65 60 77 -87 -175 197 -43 129 280 244 -421 306 -237 -318 -16 -189 260 268 -589 -60 -240 -267 419 -185 28 -108 -265 -4 -478
94 54 378 -452 6 -225 128 -176 -137 456 168 75 -163 384 111 12 -31 141 278 13 -382 343 215 126 78 415 48 116 362 -49 67 -39 -86 355 -34 -14 62 -298 -24 201 286 10 443 6 168 68 -269 -19 -243 -347
307 41 -51 -133 16 -100 -33 175 -183 130 -164 118 -24 -8 138 292 17 -162 -443 -315 74 -84 -175 18 -157 -234 -198 71 94 -60 -25 95 165 209 82 -82 267 51 -228 -76 -100 -213 -59 8 148 141 -235 273 61 -239
-93 -315 -121 225 -134 -131 173 13 -136 -399 364 242 173 -252 -32 40 -296 160 -430 -39 13 -480 -697 -111 -94 -32 -109 68 -323 -123 -51 -79 -102 -132 -80 202 406 95 -139 -23 -86 -397 84 188 214 216 -397 -143 -159 321
-231 -21 105 450 -175 -207 -330 -13 66 -94 21 -255 -35 90 -39 224 145 102 -171 24 -73 -58 338 103 108 -157 421 175 -7 -469 -126 109 52 -47 262 221 207 -295 -194 77 -343 237 -296 -52 -151 -84 268 188 -247 311
54 3 -379 -482 149 -10 163 254 -349 247 400 -540 259 -10 82 -119 50 -13 275 -211 156 118 143 -77 -307 -3 101 -205 91 400 -111 -377 -201 17 76 -274 -342 518 131 -117 -117 11 -112 321 -108 -7 10 196 215 -123
-181 -496 59 209 -13 -29 79 -14 138 134 125 231 -38 81 119 185 -366 19 -18 10 355 -154 362 -126 37 211 39 -60 46 -87 -126 -289 -360 -433 193 0 -9 -143 -59 -171 -223 -333 136 -143 375 89 -712 133 371 13
-385 -4 252 -188 77 71 -461 -347 904 278 316 24 222 -246 280 -280 -12 146 43 -150 -226 166 -486 -75 178 -470 49 413 -305 -486 -265 -88 512 167 -268 -3 -281 36 11 45 -331 -58 104 -244 317 -270 274 -178 56 -19
-1 -52 707 231 88 141 258 168 223 -253 -532 -212 276 15 216 -144 -28 -380 34 -145 413 156 357 166 -49 -303 80 -74 188 -152 38 -498 -471 -127 -36 46 -145 445 -74 -38 -746 -438 96 -301 208 -111 -75 -118 146 32
-54 -15 252 -145 -214 16 346 -148 -102 161 323 -16 230 567 278 -14 -55 280 456 106 -366 169 -128 -557 33 75 268 437 160 114 184 -14 -85 -266 -260 134 -555 -157 238 123 291 133 -158 326 132 -104 -396 -166 11 -460
-279 656 501 -411 -192 124 272 -193 169 -380 152 246 -48 -89 -274 325 -447 -177 390 -203 371 188 351 40 65 -532 450 -56 -282 -294 -24 317 -357 -146 229 -118 2 -358 -177 -474 95 69 -257 36 164 155 -313 503 91 -405
-191 52 247 -186 323 -30 -116 233 505 48 -319 356 31 75 -3 -128 65 -777 300 575 -119 -381 -468 436 -60 -94 71 -53 -26 -49 -199 -218 198 -97 -17 18 -381 35 310 -35 318 -218 233 62 211 -54 -97 -155 172 -224
-73 223 -356 -61 76 20 65 -222 -147 -156 -60 -437 192 24 164 -221 218 193 -258 -205 196 88 450 -480 500 -282 64 10 142 178 507 -96 -22 -165 106 93 -650 -129 88 -57 -280 56 -268 101 -242 -58 175 -142 218 333
232 -141 -273 238 340 -93 -28 165 -209 -30 433 87 -288 119 84 -2 39 176 15 -333 314 -487 -342 -91 -207 -332 125 117 -25 215 128 -127 -322 -57 -476 125 -16 612 -142 62 -123 187 -127 400 -187 114 -131 -414 -306 75
116 -255 194 -92 645 210 130 247 265 545 397 394 -24 -245 117 -97 20 -299 -220 -292 382 -28 -232 149 -145 406 -295 -320 131 -65 -265 -584 -123 139 -535 -323 -10 -42 -71 -467 -84 -159 129 4 -70 421 114 -136 334 -260
-224 -207 627 683 459 -26 -57 233 177 -46 -328 6 -379 303 -15 84 258 -156 491 -42 -96 -258 -226 -53 -44 360 488 137 489 -150 -375 204 -471 -307 -284 268 146 -84 187 144 -152 65 -38 -237 163 -41 -173 -194 -122 291
260 46 54 305 359 15 150 -154 -222 -300 -99 -594 -61 -58 -13 50 -94 -149 22 -486 -105 253 286 -665 -379 252 272 60 583 -31 -104 -33 253 -206 -10 -47 389 -565 -145 784 -228 500 -99 173 184 -377 120 -221 316 -111
-90 230 402 -282 214 -124 -269 65 -33 39 400 103 66 -346 -7 199 -103 -296 306 -94 -47 306 -157 694 -323 -517 25 204 178 -806 28 -194 11 74 57 38 448 192 128 -440 182 609 599 -13 -168 235 -215 134 79 -814
-241 177 157 -54 -51 284 507 368 -580 122 210 253 369 491 -253 304 -392 -21 -119 -142 -149 58 -2 -8 48 229 69 27 139 133 -483 -8 -212 110 432 512 -1 -54 39 -104 -41 -195 -206 216 -241 182 -250 51 514 -432
-238 174 90 138 -196 38 -148 -37 -73 -72 45 -211 625 -75 -95 -40 -78 -13 -398 -240 -369 545 51 -50 313 168 358 -19 -127 174 -533 -232 -151 93 293 138 18 -360 117 -85 -518 -163 -8 -134 280 -369 149 -8 -48 198
92 210 190 -281 156 -131 272 -206 -54 -60 -137 88 -332 -299 55 146 36 124 15 -189 -49 17 24 -189 -6 -328 261 456 -88 -195 202 460 171 -238 -18 -419 419 -403 -201 42 239 478 449 -52 591 -287 -231 -137 -50 -358
-203 152 323 -219 -292 303 116 -186 -206 -170 -369 226 -48 14 65 256 314 -223 591 493 -224 177 -128 479 -122 -226 54 -1 82 -155 -34 258 -126 -142 316 62 258 77 30 70 75 66 35 381 45 57 -21 -302 -282 -183
5 -249 216 361 -89 199 427 -230 224 -210 -432 354 353 -20 119 -175 36 -112 -209 -116 166 -38 78 -647 -116 148 65 -172 452 -391 316 -154 -105 -161 -80 136 -109 -123 -18 -298 179 -23 94 89 -296 -109 -301 -311 -47 296
-69 347 9 82 -205 -178 -431 -166 70 -181 -111 -98 -1 137 -139 185 -151 -76 -92 -173 -151 327 -228 37 -273 -300 132 524 -90 -255 292 362 130 -73 -105 258 221 -188 -118 -36 4 550 249 -129 74 52 9 133 -191 -230
-158 146 238 97 130 268 310 -245 -142 85 62 519 -110 197 230 742 -375 -17 348 -325 45 378 -50 -689 -65 -217 229 219 303 345 -226 -122 -130 -251 73 127 401 -543 -320 222 264 138 -7 398 -103 268 -342 -17 -3 -317
97 467 443 -530 15 -102 3 -186 438 502 -149 -80 450 -218 348 -237 -183 -93 -290 0 140 743 -200 237 0 -201 -482 -560 -48 -333 39 -207 362 263 70 -306 90 150 -149 -629 61 0 109 -108 -1 386 -255 124 418 -307
-867 -191 -90 203 634 139 -67 -46 528 542 475 66 16 153 127 321 -202 -122 -24 -52 -314 -3 -301 -156 488 -237 227 -38 -325 17 -256 295 217 -270 257 266 -687 -135 123 -62 -105 -516 132 -352 164 42 219 -241 181 314
-260 -270 106 -257 -285 -227 25 -351 65 -65 -491 251 431 -76 -69 -141 -277 -103 8 270 -291 241 297 232 549 -89 58 -442 -235 44 374 256 116 -225 191 161 -55 50 385 -311 -177 -174 322 -233 -3 -141 311 -293 88 287
-26 -567 5 124 382 133 142 312 -14 179 53 301 -275 -267 508 508 31 -275 17 -189 249 -50 387 -222 -115 459 -44 178 -106 -388 -245 25 -6 -197 131 -359 163 -222 -37 173 -313 38 108 124 406 -146 -146 253 443 -325
-230 -141 -581 -217 134 -86 -126 -113 -427 162 372 -249 143 -153 47 -133 312 300 18 574 -221 411 -578 171 124 193 -30 -152 -287 176 -260 281 647 124 343 -190 -405 496 -233 -4 423 165 183 -157 6 -157 167 100 -87 -138
-19 -14 -133 -63 -537 -228 -351 -241 124 101 280 -99 373 -77 -293 -320 20 224 105 64 446 524 -171 588 258 -291 121 -358 35 195 -140 -484 246 133 -326 52 -338 378 -34 -268 -245 248 -289 88 109 110 500 -152 193 -314
114 166 256 -106 -444 163 -240 -396 -272 -252 -101 188 -367 -196 -70 565 37 159 330 -348 -364 -154 287 -53 36 -242 212 401 150 -44 -84 423 -141 -143 80 110 750 -622 -41 325 63 128 314 -31 109 -157 133 -9 -268 -91
-331 -14 -595 354 -118 148 145 600 -232 -240 279 -79 -115 -224 -98 225 9 -303 81 -146 472 -211 -162 82 -63 -122 111 -41 -97 108 -122 271 -463 122 154 521 -675 13 -313 -21 -149 -32 -564 99 -316 54 225 -338 28 118
36 105 -244 -110 82 -307 55 -116 220 240 278 -161 -504 57 -209 43 115 404 351 267 -32 -74 -394 -338 -68 -113 71 484 -230 -20 -7 112 351 -96 -537 -288 -263 -13 -102 59 480 141 -422 -263 255 -61 -453 282 -268 -53
-49 -613 33 249 -220 -22 339 -60 86 -69 146 352 378 -224 -53 -279 -538 -20 -14 54 415 -106 33 18 -159 645 154 -449 227 10 -77 -458 -275 -394 -44 76 131 -185 -469 155 -68 -292 207 131 -178 26 -203 -435 193 102
-119 -126 -173 -312 -455 -171 -114 -94 -5 -44 263 119 594 -203 178 -237 -285 227 -631 -381 -42 42 -178 92 400 -413 -119 -249 -416 -165 263 -32 244 252 97 185 -147 285 130 -636 -366 -38 134 126 316 132 138 -269 469 -250
264 8 -13 -225 -251 -196 -209 -171 39 -554 434 20 850 35 85 -324 193 243 -461 127 170 125 -369 -59 486 -172 77 -33 -471 25 100 -34 -217 61 0 69 84 327 -129 -70 36 8 -349 443 267 -309 -504 251 -72 23
177 -404 -703 -292 -18 89 331 12 -43 39 209 92 -9 -55 185 -363 -122 -160 291 39 263 -53 18 92 151 -238 -339 -477 93 178 624 22 349 -94 -305 -278 -566 514 -229 -431 -42 -184 -191 82 -459 26 217 -471 74 224
-84 -241 -78 265 433 -172 -92 58 56 -24 450 18 246 -207 187 -184 13 9 -232 44 278 -114 -264 -248 94 524 -43 -168 -425 16 -402 -446 213 157 -6 -6 -309 339 296 180 122 -33 37 161 -2 -157 46 248 220 -285
396 -64 -504 -351 326 79 -225 256 87 -68 283 -142 -458 153 354 -141 68 -261 -58 -170 -157 -426 136 1 -38 236 -620 49 -22 -101 346 513 -158 197 243 -31 -268 102 -252 206 95 -281 451 -500 -478 -204 -67 81 -200 388
-69 -2 -106 115 173 128 -341 91 -50 -176 339 357 -89 252 303 386 -4 -7 35 167 -121 -629 -245 362 182 -269 -292 128 -371 236 -84 -50 -49 -74 176 389 308 180 -59 189 -92 -430 519 151 -291 203 -316 92 285 258
-347 195 236 286 257 43 -10 261 108 -141 311 -13 -518 -36 -104 326 -192 212 190 -719 -281 -258 309 -205 -28 25 569 531 -61 -311 -140 121 -391 28 273 164 -301 -186 252 358 -360 -85 458 -126 148 -109 323 258 117 68
-76 -69 12 167 -198 -31 -3 -228 200 191 247 -302 572 387 142 -470 -274 281 4 281 272 524 109 28 -342 264 228 -72 -183 144 -324 -70 114 31 -207 88 108 648 -88 79 277 282 -58 17 -108 -199 -439 -416 -255 -558
-340 -470 -230 -324 -308 -85 353 -72 -324 37 -84 -81 61 258 11 73 203 -79 440 355 -334 181 350 311 71 24 293 135 -81 -53 466 315 139 -468 284 -12 -65 134 338 -480 -477 72 -101 108 193 -285 62 -147 -73 -302
32 -194 -198 596 153 -114 -21 26 277 53 147 -440 -121 336 71 33 27 135 78 215 136 -288 1 -112 -171 49 251 -48 58 -59 90 357 -134 -102 171 61 -179 232 -473 256 437 -101 -111 -314 -90 -74 -382 76 -133 609
-367 454 410 -82 -22 -69 426 747 -203 300 -384 -82 207 -259 -170 25 -414 -380 -161 -22 146 -33 -70 106 -160 -307 34 -32 -242 -145 9 -174 -437 194 269 382 -317 91 280 -406 19 100 -16 -20 153 229 -130 173 103 -72
51 61 349 -511 40 86 74 354 -41 -141 -416 -98 121 -242 -260 -794 339 -339 -308 254 -111 -171 531 459 109 215 -52 -149 63 215 -123 -128 -73 32 191 -205 -87 33 722 67 -428 -197 306 -129 -109 -420 491 282 -114 -103
-477 -10 60 69 310 68 -157 119 125 567 19 -347 56 125 -231 -135 -43 -53 -5 -44 72 732 441 83 -41 201 137 123 39 130 -148 77 -294 196 302 174 -296 -177 346 56 6 333 -202 123 164 346 116 23 174 -184
350 164 -592 -74 -439 21 317 -81 -214 -483 -58 -13 -402 -564 -149 127 437 24 -305 -115 1 -671 -88 -168 -172 287 -508 -135 173 -185 366 -277 -41 1 -147 -265 49 -203 -283 73 -462 -260 94 -280 -320 -354 353 -19 -172 195
286 -97 -611 18 80 -291 157 259 -243 -454 -4 29 -157 -5 303 307 172 -136 151 -225 6 -405 230 -279 318 -383 -225 -81 -55 -27 445 144 -52 -64 22 -138 -395 228 507 -245 -357 -151 -430 65 -59 1 118 105 237 253
-243 34 325 262 359 282 -437 112 488 125 -3 206 -226 166 -198 90 -106 3 -55 -5 -14 -389 -258 -114 47 203 168 274 106 182 -379 413 -422 -87 -86 330 -362 135 236 -359 457 43 72 -539 -73 100 -304 438 137 103
167 -306 -360 81 278 324 -174 -115 -18 -230 216 -99 -247 382 237 -182 318 269 -163 325 0 33 3 -774 98 281 -121 -154 -83 490 -191 49 284 0 60 -190 -350 -215 -245 510 416 -244 -428 124 -2 63 22 226 -357 463
536 45 551 -237 112 378 146 -247 -152 -25 -316 210 -469 78 -260 -173 165 122 -81 -219 -162 -191 9 -38 -47 135 -83 -17 451 24 10 -237 226 -60 -393 -420 410 370 23 -90 -75 163 108 105 -59 -76 519 70 -92 -50
280 140 -116 -165 -342 -180 -225 147 89 -78 379 -56 56 191 -152 -443 203 143 20 148 -317 50 40 358 -30 330 -201 -261 195 186 -4 594 -68 113 -54 32 92 160 81 0 20 271 415 -231 -364 -128 103 220 -110 45
321 -361 120 160 61 1 189 -108 -124 -15 0 207 -364 -283 14 21 190 563 -131 -169 451 178 -44 -117 -397 28 -297 272 138 -337 42 -190 -371 299 -93 -320 542 264 -537 209 -362 232 50 -19 57 68 70 170 -365 331
-132 88 -32 20 188 185 117 10 27 60 -391 37 113 310 -58 -163 316 -274 363 552 -261 -138 249 67 329 -60 70 -224 299 480 203 256 75 -326 6 -89 -266 -90 262 281 110 -49 142 180 -369 -364 281 -132 72 480
-172 210 360 -6 285 132 129 10 -198 281 150 181 -286 -385 367 156 250 35 331 -79 119 430 -341 51 -325 -28 -319 -179 -3 -426 -312 -56 -326 333 200 84 267 -130 -137 130 -75 201 567 126 21 37 65 -509 -246 -89
-197 -227 -35 -26 139 272 64 157 153 463 52 144 2 -165 174 -329 -22 173 -248 -260 -314 -68 55 -303 256 241 -347 205 336 375 -89 -18 -287 -149 211 162 -167 -347 596 -58 -110 -245 480 -209 228 -64 -295 -329 230 15
14 -265 377 -167 -299 73 -170 60 211 -37 148 338 350 -50 -70 229 127 44 28 169 -158 -95 -658 730 122 -965 361 269 -18 72 -19 -133 -172 -257 -509 23 19 590 -8 -336 -121 -48 107 32 407 241 162 -255 29 -172
101 77 -206 -47 -226 -316 -275 1 84 38 219 59 381 4 235 5 102 38 -26 217 324 -161 -503 133 91 -561 -205 -444 -366 686 -106 -172 98 115 -368 -8 -191 324 197 -95 158 -50 -33 193 107 130 72 -31 149 -229
-301 -246 0 -305 -238 -414 103 -364 7 499 -406 -127 526 118 50 336 -53 48 649 432 -650 703 -105 155 -202 7 511 -212 415 -307 58 214 591 224 344 384 -216 -62 -266 69 423 -93 -162 167 -246 123 10 -494 291 3
167 144 -60 -516 -251 -25 -228 -84 328 -13 3 96 134 211 379 475 157 -203 239 242 -434 -213 -37 -9 93 -839 35 224 -160 256 -109 -71 22 -181 208 -309 -148 222 -134 35 108 -383 230 -74 494 -2 -384 211 97 -41
70 -128 -558 304 335 80 125 -348 -52 117 125 -493 -65 -10 326 -78 386 397 202 69 155 102 159 -268 -434 22 51 365 178 274 423 236 373 -169 -126 -181 113 -61 -90 405 258 221 -196 228 -651 -222 -247 -147 -221 -32
-100 -281 -250 -53 -583 -222 503 -60 77 140 -406 5 350 -597 -69 243 -241 379 51 -80 114 267 -211 -87 -258 194 -33 -322 -139 -162 338 -157 -269 70 136 7 -170 418 -273 -139 -206 -188 -192 -134 113 93 58 -193 291 141
136 -134 -42 72 -445 -50 -75 -285 -418 -268 -38 -13 402 -83 332 254 170 -481 -20 263 171 -118 -170 29 -335 -138 -102 -11 -324 57 215 -401 -47 -73 -91 -48 360 -38 -45 136 -74 212 345 704 429 -458 -162 -78 -494 -87
121 -324 118 102 -190 -421 66 -127 96 447 661 -34 339 508 -93 80 -457 343 -460 135 -270 139 -309 126 591 70 -154 -177 129 49 -48 -293 260 2 -149 487 219 175 -579 -86 86 -356 -18 -251 -115 388 -37 -194 58 452
49 249 35 -501 -288 -431 -93 -259 290 -69 -26 -18 334 23 -212 -384 -214 78 -430 -138 23 21 -30 -11 480 -538 152 50 -193 108 228 238 505 79 -113 165 -135 65 67 -214 -71 259 -138 -80 95 -193 294 26 208 -218
-252 228 -33 -171 90 -38 244 124 209 280 -482 103 -150 -894 -51 85 183 14 35 -17 137 202 240 200 -93 234 -138 -161 -38 -400 36 146 -159 110 19 -393 68 -541 314 -118 154 173 106 -382 -26 -14 -23 -135 111 -328
409 -144 -365 148 346 158 468 299 -427 -38 -33 315 -622 -422 168 436 -41 -15 -159 -238 445 -518 529 -406 -308 695 -438 -304 51 -283 -184 -172 -149 95 102 -388 248 -398 -110 -59 148 -35 48 -237 -375 -172 -290 217 222 33
-245 -114 -247 92 -77 -224 -113 -127 242 478 -223 -72 280 151 -193 225 -447 -197 215 -135 -199 112 303 -62 -131 -53 295 -480 312 -15 -123 -157 380 268 107 102 -230 -358 -339 110 73 -565 -252 -97 -379 222 -127 43 495 367
1 -158 -296 -299 -195 23 198 121 -50 -54 639 297 -149 356 136 266 128 318 205 251 -433 -400 35 -99 -49 173 -122 536 -219 -347 253 -5 202 -224 -16 93 -37 -79 402 -226 265 215 130 233 -62 -164 -383 47 -15 -532
-83 -82 -134 -374 71 90 -65 -14 333 76 304 -395 171 191 363 -448 150 319 323 158 -274 302 -62 -155 117 -2 10 378 -99 204 -81 335 173 297 107 77 -772 14 -57 471 348 -223 -223 -303 51 40 -281 -62 115 -150
128 113 248 135 190 217 -295 -37 177 -204 -283 315 -219 352 96 -107 -62 174 -96 173 199 -246 148 45 9 187 -394 -108 -92 150 143 210 -102 -49 -246 -118 433 433 -109 -111 61 123 385 -67 -330 253 -58 237 255 77
141 367 365 20 -307 4 316 134 291 -239 -88 222 75 545 272 -8 50 165 -203 138 -235 -25 -45 15 511 -315 -511 -215 142 -370 333 201 -76 -10 -36 95 27 -150 -270 -228 -537 -95 112 -328 -97 36 173 -242 375 370
-66 256 284 -336 464 -515 -200 288 322 416 38 12 40 -61 119 69 -217 -93 -335 -470 304 386 -275 100 26 -557 -139 -57 -260 -481 49 73 379 215 44 -143 327 -235 -165 -247 -86 212 16 41 193 454 -200 333 853 -592
49 92 78 -264 0 -218 31 475 -10 86 273 102 -738 101 119 429 138 -23 320 -52 -355 -327 49 18 205 103 36 259 -81 -113 -84 -24 -3 -10 -116 244 -128 -409 180 -188 171 23 -274 21 119 458 -154 13 55 -277
31 -135 -254 -370 37 152 98 277 -145 100 -94 112 -54 -307 105 -154 14 189 189 74 65 56 -442 -19 -90 -96 -148 56 314 18 -84 147 319 60 -142 -235 -287 361 38 -171 549 309 -51 -324 -506 198 107 203 165 -329
430 47 251 109 246 182 3 -65 302 -43 -203 35 -355 447 262 -398 249 180 -21 207 446 -96 200 -141 -231 61 -197 -72 326 -119 239 147 135 -131 -248 -302 147 -73 -407 218 433 133 138 -49 -485 31 -282 12 82 25
202 74 -182 -351 -58 99 217 -534 -24 159 -158 -146 193 -234 -129 -353 210 225 -218 316 -236 -269 180 -459 -204 306 -239 58 278 94 15 -283 554 217 -137 -435 -74 88 52 169 364 11 164 -35 -106 -367 -97 199 50 -10
-51 160 575 272 -302 269 265 -71 -73 -3 -558 -55 641 37 62 -214 -321 36 -4 -1 -241 224 330 -460 -154 291 -36 -239 -35 -14 -79 -162 -322 96 264 39 33 102 459 -172 -11 -34 123 50 231 -295 -153 109 -102 264
-367 -67 -344 260 276 98 -448 167 114 299 -479 -79 -428 -107 -115 454 140 -120 -113 409 -205 -612 130 261 -78 515 74 313 -19 138 -508 41 -107 91 407 -48 -326 -3 -79 209 169 -476 470 -717 122 -16 -58 332 359 300
237 -175 7 218 402 91 96 97 575 117 138 303 -57 44 -300 -213 -278 225 225 -37 430 -303 -186 -200 -551 253 138 -204 285 -219 -228 -379 200 135 -600 -258 51 439 -212 101 296 415 -454 207 -160 289 -88 44 701 -199
-78 197 202 -56 -294 275 431 -588 213 154 71 108 207 -235 -10 85 -444 187 -210 42 259 212 -69 -200 -547 47 108 -1 -114 -373 204 -467 260 -208 -256 -311 306 -110 -591 49 251 168 88 296 36 246 -292 -176 -29 -401
22 461 -124 -18 126 -272 -214 -51 -292 -320 -78 -480 22 -197 -27 66 -100 -212 -214 -355 -23 114 -106 -215 280 -199 -34 -370 -16 -289 -278 555 3 256 643 108 123 185 97 -119 -54 277 -354 -114 326 -181 98 32 122 91
495 -426 82 332 -158 64 -348 -76 408 -683 -130 46 80 455 332 -401 142 99 141 144 342 -85 150 -22 288 -293 109 113 176 346 32 175 -90 -612 -511 -238 370 768 32 189 -199 73 -263 407 335 -172 123 -516 -363 329
-62 -259 300 -393 148 151 563 -24 215 -365 -139 406 112 122 -293 -246 -57 -117 222 118 -183 -159 -191 -436 189 557 108 -267 -181 -76 -104 173 -183 -80 15 148 -420 -190 227 44 -236 -478 -630 20 26 -200 24 129 192 331
-236 -172 -11 32 -185 -632 -183 122 -71 -81 777 161 -226 291 -258 740 -532 -616 319 -414 -188 -537 -448 186 178 -226 706 62 71 101 289 78 -266 -450 -241 721 -237 -521 -18 -423 -64 -6 -221 452 88 583 229 65 58 11
-59 265 245 -225 -227 -230 92 133 99 33 -94 -219 168 183 84 -4 -68 -113 -366 80 -186 339 327 87 137 -216 -304 431 -187 -247 293 30 70 -47 214 229 338 -80 -27 -79 -339 27 215 56 309 2 -435 -17 193 -360
387 -322 -91 -514 -62 25 -55 -87 181 -213 -230 240 147 74 243 -929 58 -113 35 346 206 91 -74 265 183 -70 -397 -275 -271 417 188 419 201 -246 -65 -574 142 498 282 -113 -38 -80 67 -38 225 -310 -185 -87 -206 -256
243 44 -79 264 54 85 -131 -173 213 42 397 -43 -641 572 6 0 -222 102 -198 325 -226 -421 39 -288 304 427 -201 381 -79 228 -5 -33 221 -485 -159 -251 201 329 -185 4 315 113 275 -126 355 122 -266 383 -343 450
-82 -227 -58 -79 -318 -83 195 131 395 163 172 394 161 -16 29 -507 -50 440 -546 -290 -148 156 245 -423 215 528 -136 178 91 -64 33 -252 60 191 -288 -150 -108 -830 -108 178 -457 42 422 -207 463 -69 -17 -197 481 -259
-291 24 193 272 -160 122 -267 50 -198 -31 -37 190 316 -363 -15 -17 -228 7 -470 110 233 193 -464 74 298 -256 195 27 -233 -59 -308 -112 -81 -75 300 -16 101 -115 -223 -67 264 215 350 -5 358 8 -277 412 225 94
241 324 198 214 405 -154 168 539 -152 127 -309 29 -442 -409 53 688 241 -651 73 -129 11 -314 -136 124 -66 146 -244 -386 238 -163 7 -406 -446 235 72 -77 47 -173 -111 112 -109 -22 135 134 0 301 317 301 278 539
-68 272 75 102 -113 -144 -228 -624 -15 7 173 -121 342 -145 -14 32 -80 -140 -65 16 249 159 -456 -69 -20 -643 114 23 -169 -229 359 -35 407 -186 58 -13 513 -168 -300 -96 185 552 -161 889 181 59 -159 91 116 71
-209 -26 417 88 125 152 181 -113 469 18 -341 58 15 -405 399 -131 -27 44 62 -123 131 205 261 -126 -80 -396 106 217 89 -258 -213 199 -151 249 15 -260 129 -274 -30 -72 -421 94 110 -562 338 -225 -97 -66 25 129
-149 580 -151 209 -129 -172 -253 228 -37 -107 496 30 -22 322 26 62 87 51 -288 -202 -66 -519 -349 -241 219 70 -701 -60 -129 146 -79 -253 -238 300 -90 758 -95 -505 -275 176 -228 -566 515 -252 -585 216 21 -129 101 296
-385 -74 13 367 -392 -39 9 110 252 259 -380 419 408 -440 -563 32 -21 -41 -164 128 498 13 -257 364 -179 55 388 -510 -89 -352 -304 -266 -22 284 -167 -136 -153 -10 -266 -344 142 -77 -426 -141 -224 275 286 272 188 -92
187 -229 143 -135 -289 59 -365 197 -417 -222 75 428 -384 335 -34 523 349 118 539 -110 -493 -220 439 491 -111 113 430 627 643 269 -282 -36 -502 -42 -150 289 201 -124 353 1 -199 314 530 -21 -104 -11 157 -87 -2 -579
-189 321 -81 -73 90 -307 -179 -27 -220 -101 156 -332 -111 39 179 107 -467 -289 241 -305 489 518 219 186 162 -157 22 -261 -64 239 47 285 -60 119 368 377 -278 -261 -122 -179 60 120 -311 -25 -172 582 76 -62 244 -459
376 -125 11 265 -128 -366 -52 -329 -252 -139 -531 -165 374 -79 373 130 409 204 -296 290 -113 238 15 19 -18 94 188 70 109 42 555 112 124 -62 -197 -66 469 398 -414 116 339 475 581 62 -398 -238 158 -295 -313 174
-94 -147 392 145 148 221 129 129 -29 232 -320 -40 178 -11 -370 -268 496 360 -92 215 -130 12 110 279 -164 141 248 -227 132 -229 -214 -91 -210 179 -44 -108 -17 102 8 31 -172 -267 329 -345 -119 -446 40 56 92 493
149 -656 -92 264 190 400 -35 -102 -273 -159 -341 -3 190 -15 248 -424 305 -61 590 150 107 289 441 220 -452 261 286 114 840 2 95 193 -312 -332 -278 -29 294 324 303 116 -8 276 -77 175 -828 -318 -136 -620 -760 165
217 -202 92 37 -56 122 36 359 -148 -440 126 219 336 -88 558 65 170 -119 -164 -188 -79 -16 27 20 264 -155 -223 -243 -22 -69 166 41 -226 68 -48 318 -14 92 124 -224 -284 -178 -170 223 -540 195 74 -158 -135 254
91 403 506 358 -157 -404 -396 244 200 38 -255 -87 -209 269 -13 -99 -294 67 -483 299 275 -387 380 662 509 -197 135 22 -330 228 -320 121 -3 164 112 -30 244 -302 -331 76 214 -222 463 -656 374 48 -389 457 262 90
-319 -55 11 -78 -249 182 -42 174 -110 86 86 -81 405 -188 42 395 191 270 -108 -74 -580 -87 -122 126 -75 -162 -44 122 -200 80 -46 74 -491 -97 314 348 182 31 168 -50 -640 -439 142 27 -20 -37 80 9 -94 486
514 79 441 254 102 349 166 -388 -257 -529 -277 26 124 174 275 -40 70 116 -75 -194 295 293 642 -171 -100 -336 -12 47 377 -238 311 33 -383 -184 126 -257 338 429 100 -136 -512 302 -65 279 -40 -379 -181 57 -211 147
-41 -95 -100 -168 18 -204 278 24 -364 95 -191 345 -221 -670 -74 759 -151 -326 144 -236 -41 41 405 126 -43 -44 9 -136 158 -129 116 -317 48 -30 166 -201 150 -632 61 212 -298 -127 172 110 40 330 384 235 286 -160
266 192 289 4 413 316 136 -5 36 -193 200 -258 -547 -33 131 57 -254 176 -223 -476 306 127 320 -336 58 133 -71 374 144 -140 90 172 -284 -24 125 -110 -53 231 -36 -2 70 277 -322 -336 -108 191 133 462 -268 -155
140 -106 -304 140 -195 -351 168 290 -344 149 21 135 -112 -583 -474 -283 -315 -450 -354 -20 535 -148 0 359 -388 143 -260 -428 0 -130 -263 -362 -74 360 -95 -193 166 -487 -243 41 -169 -187 -238 -153 187 64 -181 19 -402 -76
-20 -456 -468 -236 -192 498 229 -59 50 31 -170 217 263 58 108 -223 -102 -52 36 142 11 37 -517 -46 -214 -67 -290 -277 -209 541 -46 -252 329 -238 -14 -464 -130 537 41 -6 -1 -574 -6 67 60 -173 125 -157 -295 64
-332 523 -618 254 26 240 -318 358 -13 195 -158 -299 13 -89 174 298 -322 -52 -438 -447 58 -95 -181 -253 -409 -180 -300 57 -333 180 -239 -47 -30 466 464 247 -256 73 11 62 -151 -262 -28 -136 7 244 -99 123 199 10
264 -419 77 -75 -112 -223 295 -87 -93 5 -7 -10 377 323 244 -445 40 241 -258 -50 265 432 -183 91 578 -87 -139 -366 116 -185 433 -240 452 -12 -452 -96 -34 565 -43 -401 -351 147 -254 420 170 6 409 -634 420 51
-78 -262 -113 90 -150 -418 -304 259 125 368 -276 371 322 -105 41 421 -208 -446 261 61 261 -156 -153 694 124 -573 -89 -516 26 285 56 -3 -272 12 -97 154 -85 -72 36 -373 -256 -357 -36 22 91 386 139 -242 584 115
26 -348 -228 7 -370 202 -49 383 -125 -13 -53 594 -230 -163 -79 -71 85 47 -675 2 -351 -424 -13 142 213 442 -419 -214 125 127 -659 -666 468 106 96 -118 217 -240 111 51 -346 -654 556 -205 126 112 312 -102 102 -21
-249 -280 -498 287 -69 15 3 -15 145 104 242 206 127 54 -171 0 469 376 -183 290 -400 -212 -549 -130 -104 649 -102 349 -215 9 -169 76 62 87 -34 2 -25 -94 228 -44 -32 -158 17 89 -38 -293 -44 59 -67 302
-11 -318 -298 -96 -277 30 280 245 -196 -52 141 355 -60 -382 -214 73 1 -91 297 71 68 31 -239 222 16 -59 -5 -39 452 211 90 -159 114 -98 -199 29 -76 -211 -348 112 65 186 38 5 -99 247 212 -166 265 -338
-121 -39 81 90 96 -66 5 182 198 -377 248 89 -97 -96 312 -249 255 -161 -141 -32 436 -260 -156 -269 320 -611 -212 197 -568 -147 121 -767 260 -7 -594 -136 -115 -192 131 46 -471 -223 -144 23 311 -98 98 4 -322 -225
-226 -234 237 185 91 338 -158 -102 392 150 -48 480 334 -240 263 185 -281 124 -14 291 335 301 40 249 -201 -220 239 296 1 224 -409 -132 -361 -339 141 -317 280 -22 151 42 187 -39 309 125 448 159 -522 106 149 -285
-223 407 8 84 -768 -10 -97 -433 516 -495 -78 -29 326 71 -279 -23 -392 260 204 144 -354 223 -130 -16 185 27 -114 -154 -65 -425 203 603 -36 -205 222 265 -27 -208 29 42 29 -121 67 -583 -40 -184 39 -21 73 248
79 282 183 -68 601 -244 -189 -57 -97 303 -185 -477 23 -36 45 -278 537 249 -238 137 163 216 -325 -232 199 332 -192 25 57 -7 -145 218 173 415 -268 8 -120 5 -201 416 322 245 -137 -409 -156 -136 215 131 -100 -7
-38 -72 336 -182 84 -76 -141 -8 484 220 -151 -99 241 242 -273 -249 -176 -82 154 -15 -196 406 229 217 255 94 531 7 170 -23 140 188 23 -326 -155 -103 -309 145 219 -291 45 399 -252 -9 2 18 356 42 314 -63
-225 202 262 -407 269 122 -122 -83 -205 -274 559 234 -169 -65 -202 116 221 369 140 -445 -390 42 -135 42 159 -75 45 690 -364 -197 40 516 -295 -72 194 460 298 -483 424 148 -513 -106 282 253 61 -210 -148 205 62 -105
-148 -269 -409 57 -512 44 578 527 -465 48 272 157 -39 15 -200 -318 68 -291 207 178 -198 -593 386 177 147 427 4 -277 224 168 269 3 -186 -189 -12 262 -648 -511 327 -332 -348 -141 67 -87 -339 -495 173 -314 -34 22
119 -132 -23 129 -71 -8 -539 -435 133 -56 514 -47 21 111 318 -12 299 252 225 61 -179 -245 -176 79 4 177 230 415 -32 -91 -186 -185 236 -250 56 -356 242 61 -83 198 190 213 593 362 375 -375 -142 61 135 -266
264 389 101 277 220 -476 15 180 -156 178 -131 108 -638 -30 -386 464 -318 -457 -77 26 357 -396 -87 123 115 -287 -6 -47 50 35 267 38 104 79 -263 182 -293 -242 -365 -181 481 105 -305 -277 -209 329 -51 442 -25 -40
109 436 371 124 444 44 263 89 229 39 -505 9 -399 -119 -105 227 450 -6 109 339 158 -310 -155 -32 -383 -248 0 138 -174 31 -143 -397 -115 62 31 -271 11 231 2 146 -10 18 -95 -152 276 -92 -307 328 175 -207
-58 231 -597 20 -24 -276 214 74 -13 295 -114 -402 48 -239 -214 80 -116 -126 -379 -80 71 -229 -433 93 -300 -186 -91 -105 -403 139 175 -105 429 85 -197 -243 -19 459 -190 -130 62 39 -128 -205 132 42 56 -192 66 -345
316 -70 -15 528 204 -228 170 -136 27 81 -28 245 -279 356 -85 421 -188 163 -233 -155 169 -86 -43 -183 -148 410 -227 171 148 179 263 -511 -27 -46 -284 78 339 157 -180 114 -248 -2 -141 367 -64 448 96 10 248 47
174 307 549 31 135 388 148 -355 431 -340 -261 244 -422 435 -240 -292 223 166 160 202 -206 -221 343 -163 225 197 18 244 511 -277 152 213 158 -449 -427 37 7 -158 141 143 -156 -95 103 -147 -346 -326 -19 -142 79 265
-307 109 71 -300 -162 638 280 -633 213 21 -332 142 77 -193 -89 -239 -190 155 105 -170 -175 412 295 -400 177 220 -194 189 172 -277 -123 -61 297 200 523 -255 -227 -411 12 -2 66 -266 56 -335 162 -305 -72 13 179 -82
-42 45 -118 -97 -78 -200 -51 189 200 131 -80 210 225 -35 -297 31 -162 61 43 -92 -94 -335 -153 6 -38 -151 11 46 353 131 53 250 -139 44 -258 197 -123 -172 249 -245 299 -123 89 -171 -288 66 -333 60 684 -37
-73 -5 343 169 516 96 311 171 1 170 127 -109 -158 561 185 -186 286 -90 369 537 -64 -221 243 -203 7 464 362 -170 304 199 -15 144 -389 -444 130 -190 -289 201 497 -142 496 330 238 323 -244 -97 -240 277 37 311
242 73 -416 -27 100 -310 -393 51 -246 42 0 -569 9 -76 98 -737 31 333 -317 -155 -78 -355 518 72 -102 361 5 138 -271 180 359 251 128 163 177 -98 -155 249 586 67 204 313 173 109 -379 -131 85 120 -228 32
-112 -114 55 -132 -374 151 -298 -574 107 -306 -87 36 498 120 -170 -273 -132 620 -27 207 -448 226 -209 9 57 383 155 117 -329 88 23 159 -112 -44 54 29 -42 308 402 -58 169 -329 -216 -33 37 167 -6 156 -522 286
9 140 142 -283 -68 -103 -15 -122 -105 -27 270 454 -194 -216 140 312 -334 171 -120 -422 162 -10 64 -53 -9 56 -254 -237 -296 -374 19 253 -338 179 301 -10 201 -318 136 -123 85 -123 227 135 104 347 -207 219 -55 -146
-111 201 133 25 -290 425 -544 -246 815 -145 -399 395 283 -335 241 108 -242 -120 -188 -1 -193 -180 -324 -230 41 -385 -278 276 -187 8 -551 -246 276 230 -17 -188 172 346 -86 162 176 -274 -5 -175 314 115 -85 87 24 -167
-520 368 -182 242 147 -120 11 82 -10 336 -240 -437 -274 -55 -146 11 -10 124 187 72 -306 -223 249 -346 -167 295 596 422 -144 334 -125 388 163 -36 57 177 -312 -540 177 390 404 387 278 -87 -14 -228 -76 -71 264 -37
269 -263 -416 -75 105 -84 -35 -132 -208 -330 412 -228 212 -453 172 -98 114 -366 -148 -263 122 -280 456 -357 52 275 90 -264 -82 -4 69 -351 55 -153 323 -156 32 -217 326 73 -248 -74 -589 848 -87 -275 53 205 -166 195
199 37 214 -343 139 -176 251 -141 -75 170 -336 -294 303 548 144 -286 149 173 -15 441 -157 345 590 159 -163 313 -34 197 67 -174 563 109 -99 4 137 -354 -5 380 126 -214 153 123 448 -96 139 -171 -537 191 92 -177
-228 -344 -657 104 -399 -217 -504 102 -179 36 226 -348 681 234 59 -252 -157 342 86 76 8 442 313 -16 -228 365 393 259 -176 236 -220 -15 -82 128 85 342 -280 181 175 -71 207 14 -404 150 -288 -7 -468 -47 -333 -181
136 381 -241 -55 24 283 62 155 -160 -30 519 -267 -437 138 283 -22 201 553 -249 -284 -339 -556 155 -215 65 -142 -597 573 -208 24 143 192 -314 125 138 185 -189 -221 311 155 -327 -555 164 -147 174 -144 -449 -197 -209 282
-55 21 404 -493 271 -95 325 -238 229 434 340 72 -241 -219 74 285 247 -165 446 -194 -57 130 131 125 6 -497 460 52 377 -123 115 -2 69 -385 150 -439 210 -400 -45 -201 -125 75 62 378 191 60 -139 318 208 -245
-11 16 120 -309 173 212 -81 -310 129 -49 -69 4 -81 -31 119 -49 -434 -40 221 -56 -91 -87 211 -175 -338 530 289 -87 -50 -168 -159 37 -194 -170 148 -274 -143 178 17 -82 -7 -109 -66 -115 -29 45 -76 225 -136 72
-139 279 2 -98 326 -221 -245 237 -393 -79 205 -438 -33 -115 222 12 178 -118 369 -129 -105 278 -8 131 29 107 411 305 -49 65 -190 423 -394 37 190 39 -275 -274 434 17 77 459 -174 -38 134 -139 -93 157 -375 -328
-263 -42 -169 389 -3 655 742 454 -30 194 211 210 -15 158 -169 30 -160 -58 -38 -428 36 80 252 -430 160 -71 -21 146 425 104 -189 -299 40 -201 -133 43 -349 -200 112 86 -647 103 -296 186 52 -244 167 -239 471 81
193 -3 -594 96 -51 69 -441 184 226 335 -63 -354 -161 149 271 268 -342 419 -256 -344 -185 15 725 32 -35 -200 -84 496 189 247 110 332 -46 267 218 -60 -255 108 186 24 414 -266 17 -547 -86 325 -407 153 169 65
310 -133 293 -119 -164 -287 186 -252 -212 -3 -25 -3 30 -57 -154 -53 -166 -45 -144 -408 207 26 181 -434 151 50 266 -301 79 400 233 -465 91 -113 -384 -74 -25 -376 -44 -1 -114 69 -284 266 212 169 304 127 342 -394
-148 -20 -59 -213 336 -82 -146 -3 21 140 -215 -365 242 81 -107 -459 260 238 146 213 -486 346 19 170 57 503 -204 -38 245 168 -105 256 -22 332 85 286 -112 287 92 217 -160 -143 157 -370 -251 -73 278 -547 125 139
25 -397 -204 55 326 578 -131 -368 230 270 -254 47 -67 324 473 -225 333 163 266 -59 286 669 52 -59 -308 -137 -620 165 104 -125 335 50 440 -220 -78 -489 512 325 51 -73 -115 400 342 7 -105 -101 138 -441 43 -387
132 -38 -135 -95 -29 577 398 135 -111 -135 137 424 78 167 96 145 -159 -10 -407 -321 245 -36 26 -206 233 -277 -158 -205 194 -301 -48 -319 171 -19 21 -79 26 907 -236 -641 -104 99 -5 196 -427 52 211 -105 235 106
84 280 289 457 84 -88 127 -66 57 -63 -68 46 -75 291 -462 -165 -52 -191 -47 -18 124 -113 -239 259 -181 41 -71 163 601 -110 138 70 -241 -84 -84 404 390 -349 -103 82 -355 353 6 41 -57 -152 -151 -153 97 142
-62 -4 62 -258 238 75 -61 -213 462 353 -405 209 -157 75 -230 469 -193 83 196 -111 -77 425 -43 -124 -194 253 110 -89 -178 397 -101 374 -23 -263 135 -50 177 -149 317 -209 266 -198 -261 -78 22 412 -61 382 310 23
424 -95 323 -416 389 -173 422 18 77 -121 124 254 290 301 269 -115 -26 -193 396 68 -273 -250 -267 -507 -217 101 -122 5 85 80 -23 -134 137 81 -456 -1 60 325 263 164 398 26 89 263 -98 -360 -309 -314 -45 -459
350 244 252 -297 343 -427 167 -202 404 -258 180 -61 4 188 135 169 341 124 26 87 -217 21 -198 -347 215 -566 46 80 -93 -257 375 202 239 -364 -77 -78 336 185 -74 68 22 -6 -94 150 15 -137 -319 133 147 88
-219 -124 -256 240 -84 -35 -3 284 -503 297 -23 -54 22 -267 -359 239 -237 -230 -365 47 185 34 -359 321 -148 -126 274 35 -187 149 72 -154 136 -26 25 -18 144 338 -255 -279 435 539 331 2 80 138 32 335 -27 -261
-108 116 0 261 383 218 -95 672 -577 152 45 -273 -608 73 -39 -268 182 55 -197 -142 428 98 450 89 29 105 141 491 137 165 -555 130 -4 406 231 16 45 -96 -25 447 6 765 40 -91 -83 -234 262 250 5 -567
-221 624 174 -245 64 12 -47 -199 283 -129 -242 -230 -160 -196 -212 -230 -24 -376 197 40 64 -4 -240 -182 -148 -111 10 -140 -22 -408 -153 -44 468 125 -29 33 -185 -387 -5 304 180 -158 -222 8 -166 -219 110 -5 -38 -135
-174 112 195 61 245 -318 76 153 411 527 -117 -258 -260 -279 280 34 101 -539 276 142 -42 -246 -31 43 137 200 -17 -267 10 -29 -43 -526 283 -126 -279 -203 -508 -614 132 -393 34 -214 314 -349 397 -155 -134 -171 470 -33
-159 125 156 -81 108 -133 -245 -423 268 219 -348 86 -257 -44 -197 167 35 232 85 329 88 -18 -442 -118 30 -97 -81 84 -363 175 118 -54 325 -54 -334 5 41 -63 -239 26 541 -434 64 -81 327 316 -303 48 12 67
-425 -27 -24 257 -903 16 35 171 599 33 173 465 206 514 -14 506 -487 8 237 272 35 56 -423 395 -73 -390 -61 185 19 -321 22 -117 65 -263 -143 283 53 217 -589 -434 -177 -190 -40 143 228 550 -5 -348 191 -144
-508 67 -377 451 105 72 -273 -379 -42 158 64 -279 -388 72 -378 148 -370 179 -298 -212 -254 -271 -292 -291 -198 400 399 674 -8 177 -64 -71 316 -11 -200 268 -91 -483 -188 296 91 222 110 -137 247 8 159 -236 -43 -25
-149 -157 349 219 -100 -173 460 -110 -262 -215 344 -334 246 127 -225 68 271 167 613 278 -350 258 140 249 68 264 778 129 300 -153 309 -121 -212 -228 -212 223 -316 -246 44 202 -15 267 -302 264 -249 -49 466 -215 -208 60
87 27 -58 -58 -241 102 147 224 -632 -206 75 99 -236 -67 -265 152 130 -86 9 314 68 -621 179 199 150 212 -124 -178 105 134 -206 -265 -203 -14 175 3 304 -288 -399 401 64 4 229 139 8 -24 102 16 345 -67
-1 80 258 198 -17 130 298 56 -244 243 -158 108 -228 -677 27 -14 39 -170 -77 275 177 18 -115 440 -312 236 -154 61 294 -387 11 -93 -76 -143 274 -428 716 106 -335 48 168 865 840 84 28 -85 336 -65 -128 -198
290 92 474 98 120 139 229 -74 306 35 -41 235 -460 277 -19 214 -133 -208 460 155 -58 -36 677 -9 -194 401 518 108 772 262 -205 -203 77 -536 -149 -462 418 -489 -157 129 565 441 430 -12 -176 141 -134 247 152 -464
186 38 437 117 164 266 301 201 -325 -451 -233 -86 221 284 -233 240 -252 -394 -87 83 17 213 259 177 -36 -179 252 -367 227 247 31 81 -568 -291 98 237 170 501 148 -152 -222 -27 -438 49 -248 386 104 248 -65 300
56 130 160 314 -254 -94 -273 254 -63 -177 -495 -11 -21 -644 -182 -105 77 -208 -233 23 370 -213 -213 23 162 75 -50 -240 -27 122 -498 -740 36 61 -232 -143 116 -240 77 39 20 147 -24 -222 329 -214 195 139 152 -136
-3 431 491 40 -313 332 -253 -340 -194 -179 -277 275 -542 -237 -128 111 -202 116 -107 -21 -129 -206 -187 187 -215 112 60 171 12 66 -333 1 -210 84 50 -76 593 -55 -71 -64 346 453 681 -230 160 200 19 126 -332 -271
-69 -16 -510 133 -640 415 226 -328 -480 -22 -249 151 437 -422 -171 -157 -467 -91 -123 -87 -334 67 -307 -489 -74 465 -291 -283 67 256 95 -97 139 -85 1 -160 250 172 95 -79 128 372 83 377 -119 -246 220 -182 -272 354
-54 -124 105 -50 102 21 200 -98 -404 102 -380 -103 -78 -208 59 -349 236 -303 -137 487 -61 -187 8 104 -124 121 338 -126 -83 86 -41 -132 164 142 355 -158 -158 224 118 -95 315 351 313 260 54 -328 -7 24 -161 156
-202 114 -64 312 -450 194 39 -236 -102 -314 354 304 54 348 -18 325 -301 213 86 -476 201 264 102 -306 -198 128 176 83 174 -82 -139 -258 -340 -354 -76 3 496 -409 -240 -202 -512 284 -69 295 -28 279 -61 -100 0 -385
236 -162 246 98 -481 200 601 248 36 -164 147 349 45 65 114 -201 -216 -142 115 -253 -525 -25 -35 -534 108 488 -310 -85 562 -250 56 -440 218 -94 -522 273 141 -268 -83 5 -341 151 21 125 -244 -48 219 -556 -34 46
-241 265 -226 105 -406 -295 278 148 -471 153 122 -158 184 -371 -266 -127 -81 269 -403 -35 -471 -279 -603 14 74 600 -102 -96 -507 294 59 -117 -130 285 -129 219 -280 12 81 -175 -34 114 378 -55 168 132 497 -340 8 131
-321 -138 -367 -16 -263 -222 -417 -15 189 707 263 169 -60 291 -41 -178 262 497 -363 34 -141 128 -217 375 34 -439 -104 630 14 -140 159 64 745 388 -313 80 -109 -161 -303 18 -79 486 855 -306 136 -23 423 -325 272 -524
-89 111 295 25 210 19 321 12 -425 270 -214 -359 188 -39 -161 12 -76 110 -205 135 216 620 282 39 -14 294 98 -221 292 464 -22 203 -378 183 292 184 -303 -223 -28 -135 197 -245 -196 -234 -85 358 -189 390 131 137
120 -71 151 -252 -127 319 229 -612 -155 115 101 197 -46 -106 -156 -160 -128 721 -49 -216 -389 127 -52 -240 -114 386 -39 456 66 106 259 -162 347 -374 -446 -178 317 74 190 100 -262 131 267 400 22 20 157 -186 44 -89
-247 766 208 -345 -79 44 -21 269 -182 239 -50 155 -177 -426 -414 244 -224 -383 -262 -230 -314 -330 -604 255 -385 -170 -283 157 -223 -121 -233 32 -136 449 483 227 251 -246 14 -22 8 144 630 107 358 139 25 396 230 -189
-503 52 -230 -52 -250 -287 136 -74 366 122 521 -574 531 66 63 -75 58 -47 184 375 248 514 -37 218 20 -229 427 82 -774 -169 291 210 126 -143 169 113 -647 -31 -316 -105 -52 -34 -367 213 339 -309 -277 2 -65 -84
103 -283 -227 -371 196 234 9 -366 -8 342 212 -12 581 110 38 -217 -273 221 -314 -97 -294 424 139 -1 -561 299 -6 202 -37 92 -12 -42 253 33 107 -181 375 691 80 -54 -125 2 261 321 -178 -90 -289 26 -94 -155
164 138 89 383 153 201 -114 40 -67 -155 -343 -91 288 130 -58 -17 -125 -93 -226 -253 189 133 -591 -232 -332 87 -506 -497 249 -148 -194 35 -168 240 -146 54 312 560 -267 -73 -300 77 -320 -61 -201 204 302 -111 145 358
-93 181 685 -76 -42 393 -245 -248 666 -35 -232 275 63 98 -167 84 -540 291 104 -46 57 387 -109 -64 -264 98 237 -2 -316 -160 -402 78 -387 -22 204 -203 259 187 -175 -248 198 -57 -469 -202 465 566 -280 540 -89 -64
-417 55 -58 52 -527 -426 -233 278 312 223 72 -2 240 -399 -43 510 -67 117 -20 2 -201 159 -523 540 38 -243 -151 62 -427 -267 -204 -238 175 76 -354 270 196 -117 -5 -220 -552 -143 -263 -376 271 532 341 -163 190 -417
-93 202 -245 157 -90 -35 105 224 -363 263 -191 -220 -394 -266 61 377 118 -182 95 -390 -279 -182 564 -169 -314 -73 185 669 392 -278 185 -226 45 195 -7 85 -440 -653 159 125 -49 205 313 -195 -70 -169 -23 -110 -48 -314
29 310 100 95 114 72 -44 219 -416 -127 120 -307 -674 -327 237 90 -292 273 87 -550 -26 -488 160 -126 97 -42 -322 535 -187 441 411 318 -626 -75 -200 463 -61 -299 460 87 -96 168 488 -332 -88 225 292 -229 -147 171
-30 263 289 271 -301 293 190 195 137 -50 -63 -37 -95 64 15 -304 -438 43 -409 -440 234 58 258 -626 428 78 239 142 -170 -315 -221 -314 252 -134 -180 -333 -176 -377 -119 -295 -27 143 -429 39 582 -175 -360 286 267 -64
235 -283 129 663 -129 47 -180 -127 426 -262 1 292 287 195 -35 15 -78 -206 33 -117 221 -354 29 -158 -143 132 -107 -316 8 -41 -25 -164 -419 -108 -314 389 385 -71 82 -8 -254 -147 -182 245 -127 -281 -334 -347 170 406
356 64 17 84 -6 -97 -107 53 262 -307 464 190 -188 -2 116 566 274 60 -135 -228 327 -13 -728 -340 -128 -364 4 321 114 14 -238 -437 -14 -176 -630 -198 245 179 -493 300 -16 100 -481 258 201 345 -17 305 -146 -419
-111 64 296 85 -14 70 151 -194 560 -308 158 -272 411 -110 110 -229 155 128 21 -246 148 317 -107 -472 -125 -98 10 -154 97 -513 29 -145 -42 35 14 62 -230 331 81 -78 -256 90 -184 -52 81 -352 30 -9 19 -50
216 39 -401 74 -296 -191 -297 451 -379 -51 197 218 -373 -396 -367 569 49 -149 -163 -153 79 -673 -135 935 13 -222 150 146 -52 124 92 -155 -301 -27 -218 -101 124 -361 -241 -262 18 -112 394 -229 -29 130 134 228 148 8
-382 70 169 99 -212 -176 51 -43 18 95 -146 -122 294 -305 -408 -38 -204 64 -392 -227 -58 19 60 166 335 -195 425 -637 126 -271 -183 179 -20 52 346 281 -168 208 -6 -406 -58 -257 34 -273 -136 -1 101 -97 367 284
239 179 -222 -398 -547 -434 -266 -2 32 238 -148 -232 401 -126 -316 20 113 5 37 428 -266 -297 -182 535 -71 -113 -130 -293 91 181 69 -320 213 204 -148 97 75 272 54 -105 350 -92 -64 -32 -183 -11 -186 101 355 -194
-280 -265 -128 349 0 336 -232 -156 -115 -232 216 46 311 -277 -77 62 123 310 -434 -220 -133 -464 -336 44 165 234 -2 -110 -216 64 -403 -157 -285 -110 -260 191 250 -187 21 -43 -413 -701 55 -390 -7 -96 142 -465 -241 399
-270 -124 -267 -366 341 -138 6 -137 -286 522 -74 -491 -140 -241 25 -113 296 -85 83 38 -167 269 467 208 108 372 247 -31 126 -560 309 866 116 308 697 207 -298 4 200 -260 307 426 -271 44 -440 -164 127 11 -184 274
61 48 258 37 278 213 -129 -355 94 158 -101 -25 -602 133 6 134 96 255 -128 -303 24 307 -302 -546 103 67 -415 296 191 55 195 304 65 -109 -422 117 346 -383 -369 286 66 42 -82 -288 223 401 101 -171 -292 34
-49 272 -495 -512 53 -309 -113 -74 99 -27 345 9 -429 -311 -400 -45 -24 -108 -176 109 -96 -339 15 9 -121 325 -144 79 -527 -88 155 67 171 23 38 -213 -223 -95 230 -122 22 22 -42 -21 81 141 104 495 -111 -204
100 163 370 -309 173 -253 -347 239 211 -98 -56 314 -80 -146 69 242 -139 -533 52 134 -94 -270 -13 651 312 -475 150 185 -326 81 132 -258 195 -450 -314 -239 276 -182 265 -13 114 -57 685 168 448 214 9 145 302 -370
-5 -87 -337 -45 -611 -272 117 608 -249 -51 36 -293 212 -265 -187 -247 -33 -44 -344 -112 -47 -213 55 387 223 -294 170 -206 168 -169 11 -336 329 265 -189 -8 -287 292 -19 -76 -129 -26 -104 -179 -320 -185 763 -155 -293 38
-57 -333 -186 460 6 -334 425 182 -344 135 382 4 -195 457 -130 -268 91 224 380 472 140 -200 -81 279 256 224 -42 -107 254 313 255 87 129 -68 -413 186 35 -137 -198 210 -100 152 -38 143 -74 -112 47 -463 -1 121
160 -151 60 188 387 -490 -436 71 -52 -153 843 -106 3 637 -60 550 -204 -78 85 -364 -70 -323 -152 206 159 -694 279 164 -279 -86 292 97 54 -147 -419 608 196 155 -197 12 -284 -146 -97 411 -74 296 -69 41 266 309
321 59 166 62 54 78 375 -129 123 307 838 339 -201 114 58 265 83 30 -285 -246 168 -104 -37 -238 94 -176 -240 182 253 -138 -183 -633 340 -216 -538 -460 541 -234 -570 64 -370 110 152 284 52 -54 -146 274 -31 -161
390 268 83 74 -10 -460 -211 197 -381 -268 389 326 -262 179 -236 616 -37 89 -49 -113 212 -455 -246 541 -352 -145 91 -125 -139 195 -361 174 -513 358 -65 177 551 -404 -612 341 -127 -295 -170 -101 -247 473 -211 428 -49 -225
141 28 -337 -192 673 184 193 -154 31 562 36 -123 -356 -72 94 123 -2 302 104 -476 -45 33 -134 -158 -278 -191 -72 -27 104 -20 -51 559 154 286 53 -442 297 135 -142 -136 278 72 -162 -101 -228 -5 -182 -208 91 304
303 149 70 -85 169 -26 188 225 -96 189 366 -126 -241 -75 -429 -463 -370 40 154 -225 -246 -395 -160 -9 -232 829 -61 -207 343 309 -470 -334 49 119 -459 47 126 -257 -13 340 252 -146 59 -32 -244 38 17 -346 141 -20
413 29 81 -591 737 -231 150 427 -66 281 355 -6 -366 194 351 199 148 -264 -19 -221 -191 -88 134 8 186 -438 -339 108 176 268 -234 479 -94 200 36 -89 145 -164 -279 201 45 -334 319 -579 132 142 -319 -147 181 -295
243 -11 -153 -181 357 -372 17 59 -220 -44 -439 -11 -412 332 -112 71 -25 -340 128 302 175 29 -168 -21 -377 34 -262 81 289 161 86 -7 293 109 -421 145 90 -99 -327 525 219 -35 -27 -228 -126 215 43 -401 -300 -306
80 -222 -777 262 -318 -473 -199 235 67 -159 219 -217 101 -16 130 -54 -12 80 -488 87 231 -403 -280 338 -224 -84 -108 -224 -160 -354 137 60 -30 -86 156 -81 164 489 -490 -106 -508 131 155 -136 147 -94 -58 -254 2 384
137 323 -82 72 265 -9 -145 245 61 -95 -214 -230 -126 72 -12 28 41 576 -320 -255 -59 96 28 -308 -315 -335 219 325 79 -255 -153 701 -254 502 336 -22 -159 306 -38 -58 215 225 -411 -479 -249 178 -212 531 -51 292
73 431 317 -339 266 147 53 -700 -97 -33 -38 -121 -43 -60 205 317 -191 -140 568 236 -44 437 -218 -125 -315 -50 -556 -302 -79 -224 310 146 -59 166 295 228 62 67 -65 -11 380 -62 -55 199 -62 304 -376 -90 -146 7
124 -275 513 -68 -229 -28 -282 -146 379 243 -245 415 255 446 -118 -297 -249 119 -135 64 -97 27 -165 75 280 -460 -65 61 147 417 -111 -46 15 38 -465 318 361 24 -157 -26 192 -319 133 -382 -12 170 -318 -200 -208 46
44 -25 -360 549 46 495 6 -354 374 -232 -202 -134 -251 331 179 184 -118 133 86 -175 474 170 -171 -638 -511 -268 -436 -139 -123 27 143 134 50 -160 63 -15 -64 195 -114 84 -175 -365 -528 104 278 -180 -386 -304 -74 286
102 284 -329 279 -100 29 60 -312 52 -66 -409 -118 58 291 4 -100 213 -154 268 512 245 52 -368 -268 -299 -274 -194 -63 183 202 261 -189 332 -347 -306 -279 241 236 -509 324 356 95 195 317 -56 -219 -341 -405 -157 169
-716 12 -302 375 -657 117 186 -68 9 444 -73 -45 333 -448 -472 -349 -400 94 -536 412 401 282 -580 -90 322 165 39 -268 -337 -166 -203 -558 679 -89 -38 -220 -312 -38 -638 89 557 -46 164 16 462 -5 59 -98 104 -23
-345 84 -46 -92 -415 -20 -361 -1 193 160 -341 132 43 -171 -384 -49 -194 95 60 343 -150 320 45 773 -178 191 -136 362 -181 -34 -32 309 -273 159 308 207 349 172 311 -160 20 355 405 -301 204 41 -95 59 -62 -309
281 305 -376 16 -37 -419 -52 59 -338 -11 474 -90 -487 259 -547 226 181 27 -11 -349 33 -524 -287 -34 -64 -16 -322 -197 62 141 270 16 -202 110 -261 338 -28 -238 -208 17 -329 -184 -212 -97 -432 197 409 131 -54 221
-375 40 206 -251 100 114 100 -266 -434 -134 433 -160 451 -94 353 524 373 8 236 -104 -367 566 -356 -44 -88 -507 412 37 26 -135 -64 -52 -224 -184 325 35 -77 -5 115 70 -244 45 224 299 51 9 124 18 -261 -304
-171 189 -271 304 -297 262 -42 -310 -196 -168 463 -284 82 254 108 -349 241 467 45 66 -287 -170 -174 -335 23 -5 -111 551 235 -121 50 79 435 131 -56 310 -196 -257 -119 251 35 304 368 -47 -139 -502 35 -371 -29 -25
57 -35 -78 -105 -156 96 7 216 45 182 388 136 344 -41 -228 -74 432 12 -269 178 7 -216 -308 313 269 -167 208 -166 -76 43 -544 -334 366 1 -101 -276 212 217 -447 176 -471 24 -95 478 192 -548 94 232 633 85
109 190 55 379 234 -129 -79 86 109 12 118 -94 -293 -38 120 74 -80 233 -238 -175 827 257 400 98 -3 -284 -249 -401 29 -26 191 -58 -164 145 -5 20 55 192 -422 95 -46 27 -164 -22 -454 557 272 4 6 -67
23 212 380 281 -551 141 4 159 171 -330 -158 512 15 -195 -9 -325 -93 380 -48 120 112 45 211 -134 102 278 -93 65 272 23 -636 -288 -179 308 -198 36 421 -234 -175 597 -54 244 165 -17 -80 121 -11 -46 32 -213
-235 -324 -219 119 -427 267 337 154 -80 -70 15 179 167 46 109 -292 -239 364 231 257 497 310 508 -197 417 114 39 -367 -335 95 2 54 -72 -197 379 -12 -664 154 139 -501 24 -31 -691 72 -84 -98 -130 79 133 87
-151 -67 -152 136 7 -26 -86 -322 -137 263 -281 66 -241 235 185 290 4 55 48 155 73 185 -205 11 -197 191 -21 -171 -73 0 119 411 -18 -228 447 -136 205 186 -187 -330 -5 464 174 69 7 90 132 70 -103 218
65 -446 -506 181 -255 9 332 -37 10 182 -86 -223 -372 16 10 -138 -31 286 104 45 28 194 -119 -93 -85 453 -283 -60 134 -259 156 375 128 -58 243 -209 -78 -81 -152 67 -21 -202 -358 -368 447 -310 -86 -419 -347 217
303 23 -48 402 -539 -182 -37 257 118 -784 193 412 -260 72 -154 -132 -313 -463 -165 -126 211 -659 -122 145 243 319 -225 -168 -189 -268 514 -9 -386 -604 -413 100 6 -27 91 -326 -422 325 43 -151 -104 -15 400 21 -338 -17
-208 362 -188 379 360 -103 278 -282 36 285 242 -347 -67 254 -94 297 -171 406 93 95 482 477 -387 -698 -195 229 -300 12 -188 -201 174 4 270 -155 -43 175 44 106 -346 38 336 377 -616 260 -120 279 -278 111 190 -30
-33 335 -4 -31 -242 -157 -101 168 -314 -347 -33 38 18 492 -236 69 -75 15 -581 254 140 129 -175 -78 453 -368 53 185 -672 414 -409 -211 150 11 -10 155 148 208 -295 179 -189 -452 -390 -15 464 -20 -175 192 -535 -234
-406 -93 91 -173 492 188 -299 -85 -14 566 -61 -251 -27 433 26 37 380 212 251 248 -323 395 -125 8 -122 570 -123 385 199 -96 -243 50 -34 147 388 208 -176 356 379 -214 255 83 481 -87 -116 -208 -125 166 96 30
-149 90 101 -447 300 -371 263 156 -212 485 39 323 -102 -71 -147 -8 -22 82 20 -101 -31 333 42 153 395 16 -253 -485 -255 -204 27 535 -84 521 419 158 -271 -577 3 -182 -126 -165 27 -316 116 137 -91 98 666 -32
-31 -113 -603 342 -157 446 60 -87 184 256 29 88 369 -110 362 -14 92 -69 -513 -125 501 -5 -273 -396 -259 -83 -740 -491 -280 126 178 -889 282 -55 -388 -178 -246 271 -98 -445 -402 -473 -99 282 -289 34 -54 -309 131 236
-39 85 219 326 -425 287 -76 -315 419 -61 -820 -148 177 163 91 -435 -47 550 -119 258 -101 182 -86 -353 -157 156 -169 42 109 -156 -100 309 278 -11 1 38 -48 54 -93 -79 255 -155 53 -649 173 -270 -501 -276 113 248
-236 -431 153 172 356 250 502 -138 51 61 -160 771 -104 -66 222 615 -41 -180 160 200 261 119 -144 -34 92 -400 115 -83 -36 27 -6 -155 -20 -356 -16 -330 -113 135 -68 -153 -174 -140 -168 184 120 430 255 -100 165 -103
-66 -245 565 272 300 8 -105 168 97 -134 -27 -94 195 297 189 -51 -30 -19 189 84 -32 131 182 100 444 -315 395 139 261 159 -421 253 -166 -14 214 211 96 116 119 431 167 -256 -139 79 156 -11 44 -77 -138 303
359 263 39 236 120 -222 72 -198 -2 5 -313 -208 -248 -33 -49 -107 193 309 -287 148 31 437 84 -608 262 690 -288 -347 58 89 27 369 -29 58 49 73 28 -476 -192 342 346 69 -564 -95 -68 71 -201 45 -220 535
-157 429 351 -39 35 -164 -163 -7 165 -29 290 200 21 152 -101 46 68 -38 -385 323 -8 -109 -141 -88 373 147 50 -17 -411 -383 -322 -416 304 336 46 -36 -196 -257 -91 -79 259 27 -49 76 172 190 -45 657 380 -337
574 340 270 -376 75 136 458 332 -143 -44 -253 129 -437 -334 8 -494 261 252 -57 -126 -164 -41 -19 0 92 137 -474 -262 511 -86 -112 5 83 486 -108 -397 200 169 -174 203 58 282 203 -256 -221 97 456 -177 137 53
-18 -296 175 -219 665 -72 316 -128 188 137 30 82 -260 -34 339 332 152 -627 348 54 -39 -17 139 77 -14 -56 -121 -100 55 -35 167 328 -17 -232 121 -192 -61 165 275 75 -270 -386 206 56 152 -151 202 -95 -182 84
168 -206 103 188 69 30 283 84 -139 -229 266 116 446 387 267 393 246 -615 331 319 51 -493 -179 -94 -250 113 366 -388 55 298 -390 -681 -132 -386 -131 -119 90 99 -116 242 4 -251 20 632 -17 -450 -131 -116 -79 -63
-136 201 199 272 -535 21 -219 156 -88 -267 -347 -135 338 109 -350 -699 -332 148 -80 245 -126 189 425 78 184 681 363 45 189 31 -239 195 191 22 30 387 -49 -448 133 116 538 308 -60 -129 -349 -27 -107 -7 -18 -129
-261 96 349 -351 101 577 -495 -248 -125 -334 149 156 188 464 98 -66 63 198 147 177 84 562 -100 -16 87 -541 265 475 -303 464 -282 347 -143 -194 130 299 70 240 347 176 196 57 -286 516 -75 131 -313 332 -359 -423
-110 301 72 66 -179 -116 17 -281 -144 258 693 -90 179 281 -51 -373 -54 144 212 149 -206 -106 -464 41 39 111 -167 -60 -50 -68 166 -554 177 87 -537 206 -94 -58 72 -95 95 -203 290 496 -225 -103 -105 -395 -427 178
522 -158 -380 -117 121 -584 -349 -401 217 -384 11 82 -8 118 99 245 -89 17 172 -316 62 -50 274 -9 143 -233 -71 -65 13 -103 522 467 -45 190 -327 41 225 258 59 -63 46 139 -539 -125 -453 272 91 -41 -144 140
-638 -144 209 351 27 358 144 -18 57 293 -109 26 -291 95 -62 130 -238 -206 493 541 -437 -228 468 18 -190 890 584 372 127 -183 -206 188 -45 -478 145 4 -45 -401 395 -2 383 350 420 175 13 -341 -197 19 -110 152
425 -106 105 -165 -92 -420 -388 31 -201 -134 779 -169 37 304 230 54 374 -13 349 167 -227 -18 16 276 -3 -31 32 283 146 241 247 -48 -601 -382 -270 225 315 130 238 164 70 347 375 524 33 126 -239 -103 -483 -126
95 298 -2 -47 58 71 160 148 -101 212 -268 65 -360 -345 -5 588 -331 -261 56 -63 -119 -294 -58 -93 -124 339 -434 -41 4 135 -45 -265 -37 28 -15 -118 133 -308 151 -254 607 -23 570 -349 53 26 -103 93 302 -117
131 186 384 -275 147 -161 109 -164 -201 77 -692 -96 37 -241 -281 160 -186 162 126 97 -239 283 176 189 -372 -25 471 108 235 -225 -70 303 202 343 -103 -52 532 445 17 -95 650 563 -4 -89 -294 137 11 39 -93 -100
-76 -69 325 13 168 38 -72 -10 524 103 -278 180 -630 99 99 -94 683 280 190 495 -318 -133 -331 -28 198 -8 -66 220 -96 -73 -238 6 188 -70 47 -180 -206 -104 182 187 -59 -558 -186 -198 223 37 23 197 -430 500
279 22 -522 -217 86 -222 -150 -190 -350 -107 284 -416 41 -435 249 -169 136 -244 -78 5 -20 -146 77 -272 128 -19 521 -169 -20 264 -56 10 494 -182 70 -661 -263 262 245 -10 683 700 -115 459 160 -255 284 166 -310 -252
-701 218 -97 500 -336 746 73 -127 156 -27 -286 -317 266 -188 -190 -317 167 381 -255 -66 -470 210 -79 -684 -127 749 14 -66 -312 104 -528 -66 183 -114 131 81 -75 -407 314 470 -296 -91 185 -161 293 -489 417 -406 -14 185
300 72 175 -139 230 -335 377 67 16 212 32 -352 -122 -471 372 202 114 101 -26 66 -179 323 160 -90 -133 387 54 69 97 -674 189 -128 230 215 8 -232 -1 214 -285 235 419 466 113 -140 -347 160 122 105 56 -81
118 -232 -243 13 90 82 -65 -24 -126 248 -24 -386 450 40 528 -224 -52 -1 -45 33 -314 192 56 -189 83 188 187 -170 -62 76 -168 -71 455 -100 103 -349 60 640 224 80 550 217 -34 331 -64 -120 -168 -349 -103 -158
118 228 277 2 338 -127 -233 41 467 -384 -289 151 -648 94 108 321 -114 -357 434 96 418 68 46 -21 92 -546 315 176 25 1 -129 307 -50 -39 -39 27 -300 -6 1 25 381 230 -622 -158 187 479 29 266 -70 -116
-484 -341 167 440 114 331 149 125 755 50 80 314 -31 602 101 109 -65 90 451 250 129 288 -171 -254 -154 -72 480 492 403 -219 -219 -148 -198 -587 -281 -135 -119 -73 -208 -117 173 132 222 -176 435 -2 -477 -357 151 -161
-25 -40 67 -385 38 -252 116 -244 -116 -6 209 -25 212 56 56 -105 156 31 77 -29 -109 317 -339 47 154 -358 62 -30 -180 -215 442 272 -60 -195 189 -40 -190 313 143 -495 -440 380 -111 182 302 32 -123 213 327 -93
113 137 270 -277 -246 -135 50 554 -442 -33 -35 103 -77 261 -409 10 -24 -453 -153 94 -71 -103 345 654 103 -333 379 61 117 225 -149 -77 -101 252 49 423 53 -200 -85 -6 -100 155 -102 -109 -289 -9 223 203 -177 -441
-206 -114 -27 512 -79 409 -97 47 121 70 157 181 -100 510 152 140 -222 -230 404 199 397 -97 435 16 114 -44 -171 85 84 92 -228 -198 84 -207 -266 216 180 -459 79 164 235 -179 -259 257 -307 43 -380 -302 74 -133
-391 -17 218 -63 101 101 -90 152 192 148 206 152 259 -382 319 54 98 -237 9 46 26 17 -255 -139 215 -370 247 335 -199 -88 -558 -545 202 63 -214 -11 -160 -178 89 363 76 -62 35 446 505 7 -15 -347 85 -421
55 -365 134 -115 61 -356 204 194 244 -120 242 183 511 311 -109 -167 22 -106 158 253 -407 -502 -129 -161 102 511 294 -342 -26 93 -365 -347 -241 164 -170 220 -231 38 302 286 -108 -429 -307 375 262 -240 72 -313 111 358
51 -203 315 -161 241 -129 -137 498 -382 -55 189 -272 139 569 287 292 194 41 756 348 -227 293 -9 629 -100 -48 36 532 -75 245 55 662 -944 204 521 693 -99 498 183 282 118 -198 -188 -23 -11 252 -364 130 -365 -128
188 -136 -155 -109 -340 640 -522 -269 38 -280 90 125 -336 -196 153 -111 -60 289 -24 -326 -358 -153 182 -230 68 -79 30 663 110 537 -315 597 67 -328 41 -254 564 113 168 554 46 301 335 171 117 -360 298 84 -550 139
-79 61 -106 -122 123 -412 48 -111 478 76 135 -310 235 223 -57 -110 178 294 489 111 -27 147 552 271 101 -377 226 -4 -248 -22 365 261 19 -78 49 -206 -456 112 321 -175 -680 3 6 -150 410 -441 52 64 779 96
-325 469 -366 -317 -320 -62 -289 -107 -85 226 387 130 -3 98 117 298 -346 -4 -471 -291 -27 123 -213 -86 165 -205 -352 -174 -611 292 -72 352 154 122 266 194 -32 -525 -274 -162 -194 -322 321 -29 -17 337 -50 296 138 43
-304 64 -27 366 -293 334 -233 223 -21 40 414 -79 314 -37 184 -48 263 381 -179 -316 -42 -260 -125 223 45 -17 148 82 -119 51 -394 179 -748 111 306 91 51 38 -59 39 -573 -108 300 -82 158 -266 18 -36 -33 223
-81 -46 -59 -156 -188 509 -42 -356 -172 103 -326 482 -38 191 -93 62 -333 203 -218 234 65 345 -306 -265 64 -61 -413 198 -297 743 -110 119 149 -88 270 -52 295 98 -328 147 325 -16 348 231 454 203 -200 54 174 -53
144 203 35 -103 146 -126 -288 -241 90 -317 -61 -218 -4 -142 -64 199 403 94 282 71 88 259 -271 169 -74 -525 234 -235 125 -357 262 -52 115 14 -32 -159 -545 604 68 -61 64 130 -392 142 -250 270 379 426 39 197
-86 -275 -298 186 -326 204 -93 159 440 -54 -45 162 126 -271 69 140 -226 -545 -91 -197 160 -24 69 -334 126 -56 296 -99 56 139 -53 -112 -93 -369 -50 -138 -193 -184 -98 41 31 21 -404 481 331 37 180 -71 -94 334
-224 26 125 -402 267 -295 -216 -229 261 261 -130 -173 494 -102 50 -137 258 -72 233 186 -722 -98 -352 418 -99 280 249 -117 307 -103 67 127 4 138 -173 188 -148 313 432 -17 76 -133 352 -102 -325 105 457 -573 51 -74
-138 -87 -217 590 -558 -70 80 8 -15 21 199 186 -335 -266 -360 -13 -408 429 -48 -430 154 -374 96 -203 125 212 412 327 167 -52 19 -149 -111 19 -390 91 -258 -255 -191 -80 -21 191 -206 -196 -154 -1 182 23 -88 64
399 154 -370 -311 110 407 211 1 -286 -294 -228 -223 -214 -144 -12 -480 139 150 -181 -324 271 251 794 -153 -54 277 -158 -13 219 -18 170 119 188 -158 157 -712 129 -49 378 107 -84 379 -159 33 -336 -370 350 127 -117 -267
43 162 214 -67 24 332 732 174 -208 -404 171 53 -135 66 354 32 386 -100 1 33 121 8 186 -228 331 -225 -146 181 251 -145 368 152 -333 -418 9 -102 94 -390 -224 -189 -379 98 -62 14 -102 -109 -108 -149 -125 32
-44 511 -15 -319 -211 -376 -45 111 83 -263 541 383 4 -134 -123 349 239 -369 -132 235 -26 -266 -388 -48 156 -307 -224 -5 -140 -218 -149 -339 102 -93 -238 37 -72 -442 40 -71 148 -133 145 82 34 287 -317 460 -14 -525
-9 -167 -508 76 -66 -50 -6 -170 49 273 -287 -82 -139 -340 158 -1 -532 -197 53 -158 340 -2 282 81 -124 224 -125 -246 -18 -159 231 272 458 -241 163 -121 107 -194 -247 38 48 167 -196 120 -132 77 -65 -379 355 22
239 100 448 -310 425 325 156 -28 133 -139 82 -252 1 363 161 -539 227 -47 550 81 335 563 385 -168 -298 93 191 162 320 -23 38 27 14 -322 -2 -407 0 58 270 -57 71 384 -508 672 21 -144 -421 318 -9 -370
-35 -102 272 -9 -17 363 166 -312 93 -201 160 158 -148 473 192 -269 -59 318 -28 16 -111 310 -82 -389 273 -329 0 453 -50 259 42 76 182 -351 -332 58 157 -396 -212 332 -72 -172 64 -14 343 41 -306 -505 -305 -37
-481 232 -2 -98 466 54 2 176 75 610 -462 -393 152 104 -196 -193 15 84 236 508 32 255 -24 511 -175 130 46 242 31 354 62 104 58 146 -169 35 -536 435 286 -246 400 110 138 -490 -239 277 16 -59 420 -382
-200 -76 80 -24 20 32 18 -238 84 312 211 109 -62 173 2 455 -182 -105 318 -9 127 -92 -72 -6 -3 -378 355 111 -133 52 -151 -166 52 -383 -181 -66 14 -292 40 -61 -42 -158 -616 391 484 252 -390 1 -87 -161
265 -671 -190 82 -467 240 73 -608 -72 -29 258 207 12 -134 -63 -110 -434 105 26 -397 -9 -2 499 -26 -207 529 13 154 387 -187 309 -478 77 -262 -236 -470 369 104 -75 -37 -394 272 410 145 136 -215 420 -99 -196 -26
327 -218 -233 -168 256 -247 -428 238 102 111 -266 87 41 519 -48 -215 2 216 -144 -177 358 -2 241 -17 -188 -177 -278 130 -35 434 -133 351 -105 470 67 360 -93 148 119 -62 -258 -166 -527 -298 110 5 -528 165 356 -292
292 -45 -388 381 -431 246 47 -400 202 -380 -255 -35 55 -187 -137 -496 -308 77 -275 -154 239 189 198 -788 -179 287 -59 -49 190 -139 219 -112 418 -350 -343 -294 234 -99 -255 73 -39 486 -556 238 -186 -310 -71 -96 -276 322
310 -40 115 -325 -281 -489 141 336 -281 50 -283 135 235 -294 -69 75 5 -33 205 -100 -131 -344 460 557 22 -350 270 -132 329 95 197 198 -699 442 159 32 -78 -368 227 -264 -159 -72 79 -317 -77 -282 -129 119 116 129
-244 193 83 -53 487 -242 137 595 -170 422 -41 172 -419 -377 -268 196 -304 -134 -322 -45 105 -380 -329 149 -269 392 -268 50 -305 110 -90 10 -306 85 125 127 86 -354 217 -176 286 -17 405 -124 193 697 -349 420 438 -152
137 153 -165 235 29 -58 -259 -332 588 11 -52 -12 -41 -179 105 -166 -196 -322 -59 101 267 -149 252 28 192 -208 -366 -309 -73 -61 211 52 536 -282 95 -364 231 234 -186 27 -2 585 556 -60 92 -338 259 -40 686 -11
-23 731 743 -99 536 -193 124 396 8 316 -28 -29 -58 197 -39 -90 518 -154 -100 166 180 313 -169 190 -39 -131 165 -156 104 -163 -144 -168 24 272 -220 -105 107 -451 -78 -109 137 511 88 147 -294 169 7 463 276 -461
-104 -45 255 -156 -852 -388 60 292 -225 -133 -312 -70 205 -686 -322 -269 43 166 -254 0 -75 61 -98 645 -40 -162 334 -4 11 -524 220 139 -159 159 196 52 79 -89 -227 118 -256 118 126 -157 32 65 530 141 -335 -17
130 -22 332 -344 430 -320 -226 -253 -56 24 530 285 467 209 416 223 103 79 161 -300 -254 245 209 107 -127 -478 -3 -280 156 -227 -167 16 105 98 266 167 645 -366 172 47 -474 -274 372 478 -228 66 -274 -124 325 -240
224 -361 -351 102 218 -313 -58 511 13 14 824 -71 -31 245 155 42 -49 111 -27 6 -8 -552 -127 493 381 -339 -38 -148 -97 297 5 147 -237 55 -4 319 -250 510 -357 34 93 -480 140 -268 -401 293 -42 -138 13 653
276 164 -1 -78 145 -595 -376 -121 -371 257 130 -264 -32 332 -21 186 -376 -181 -91 105 208 -221 84 240 46 -135 62 -49 -288 746 -226 52 242 135 -100 348 492 -478 -298 471 351 -54 -114 10 40 92 -285 31 -107 -312
-101 -207 29 326 -80 -142 -80 172 313 93 -143 -112 -376 -56 129 -115 -10 -316 -48 -15 380 325 444 -99 94 22 314 203 402 -172 141 -314 -124 2 -389 -42 -666 0 -277 -204 222 263 -88 -495 -2 316 89 -162 -517 -271
25 138 128 -58 246 191 161 -36 22 486 -566 -53 -65 -380 217 -241 -68 -32 -86 32 553 325 222 -16 -189 26 -175 -363 -77 134 -167 -121 300 165 415 -470 65 28 -328 290 95 102 -16 55 59 189 78 145 604 -315
-88 -199 -250 99 -54 484 95 181 -233 -37 189 -88 149 701 19 -45 -141 -162 591 155 -396 152 281 30 -154 -68 32 368 273 296 -179 -28 52 -182 -102 123 157 61 201 276 -158 -110 -188 267 -168 -268 -114 -353 -526 193
71 -52 211 -163 531 -188 -42 124 349 -93 436 53 -129 -255 267 -18 22 -14 -51 -435 -90 -486 -223 -134 -167 -22 243 180 -59 57 -352 41 -308 75 -44 72 -196 117 103 12 -382 -222 79 -137 267 95 104 -79 -103 35
-612 369 36 44 -736 208 -183 -115 -106 -282 14 -77 242 -95 -281 331 -219 341 -356 82 -555 -298 -476 147 350 -514 125 546 -752 -51 11 187 7 -32 83 407 -183 65 -69 -339 -155 -406 311 -560 552 -77 -245 195 6 47
107 -127 -161 190 79 726 183 -275 66 40 -313 76 -276 -62 331 92 22 300 -143 -114 -59 -120 -53 -540 -416 143 -546 84 190 -145 94 -131 291 -60 121 -253 106 296 -365 -70 -54 -139 142 -399 -526 -25 304 -83 -230 307
-167 -239 -198 -273 -41 -15 488 46 -388 -163 318 68 379 -254 252 48 -246 -126 375 42 -412 -249 -92 -133 177 375 -173 -256 -477 182 341 -143 -206 20 -19 386 -692 350 667 -245 -94 -298 -126 319 -241 -42 276 -507 4 -33
113 125 -341 159 -324 -133 -305 -188 34 22 -37 -409 -126 -82 -204 -492 107 46 -142 78 282 190 -61 385 90 -136 -96 -207 190 102 432 234 630 -130 -430 -230 112 -13 -512 -9 119 629 330 -279 -392 -70 524 -180 399 -188
-20 -169 101 -159 80 145 45 -357 272 -73 41 160 239 -112 -70 -250 8 -24 199 -144 496 656 -458 -186 -775 132 -194 -255 531 -533 -340 -255 -83 341 53 32 205 -66 -613 302 -185 -28 -204 122 -304 156 -66 -213 3 -128
-9 111 -492 30 -384 157 -11 -63 1 -120 175 -94 105 -136 232 -304 400 -92 -216 -227 51 87 82 -189 -2 339 -225 -210 -132 -414 -71 -220 308 3 227 -571 30 212 103 -271 -532 349 193 228 86 -572 258 139 1 -146
517 -315 4 83 130 -3 18 10 -483 -23 220 -5 -266 290 155 -65 245 126 74 -204 123 -260 -116 53 -83 185 232 409 235 559 -8 -99 -417 34 -521 0 -215 -184 -56 220 -194 -248 -268 33 207 -172 -122 -220 -527 -116
-243 4 -198 -415 -143 3 71 -49 99 187 212 -167 564 273 147 53 128 70 -210 46 -328 257 -295 -179 172 -533 63 146 -304 -44 323 312 456 -213 74 236 -400 191 -199 -157 -296 -196 7 181 46 -147 -162 51 538 102
-224 -376 161 -472 -169 223 -11 -147 391 -184 -304 154 709 -167 462 -290 706 -197 310 534 -576 106 188 0 374 -264 200 -199 -13 -286 -369 -37 263 -95 544 -319 -182 -192 445 398 -60 -488 323 117 235 -876 -9 -244 -3 253
371 100 257 -297 -63 -633 77 530 -78 -215 -121 5 33 -215 -374 39 111 163 -456 -285 -26 -194 255 227 105 241 291 -127 -158 -255 -118 -302 -381 537 16 66 -83 -150 2 -188 -453 -175 -442 -332 -59 183 261 613 408 -61
-144 58 -37 -316 -240 -57 -366 17 -110 -316 461 -132 169 134 76 29 61 227 152 -31 62 -116 -9 433 -22 -349 310 541 -467 208 75 32 -153 -75 -28 100 -55 153 301 -12 -22 93 28 283 131 171 155 115 9 -753
-162 -86 152 357 154 102 33 365 183 108 -324 -34 -104 774 8 144 -287 -568 550 140 -22 165 223 76 -231 140 118 -272 501 224 -333 -152 -84 -120 82 121 -77 431 26 -58 20 71 222 -191 -83 133 311 -276 145 -88
-177 -426 105 -85 444 -229 61 470 150 291 -110 304 -41 -199 369 214 145 -249 244 168 233 -177 -113 298 90 60 -70 -332 -299 163 -103 172 -131 -278 16 -145 134 30 351 96 122 6 297 79 -58 364 175 -24 535 -219
370 -202 182 50 -470 207 222 60 -69 -292 6 530 -381 245 158 -168 -55 17 14 257 -89 -246 151 196 549 228 -970 -213 -44 -108 383 -35 57 35 -161 23 293 170 13 75 -158 -209 327 3 4 -11 114 -174 -237 256
56 -163 -50 -279 183 188 200 204 -224 290 97 -222 -159 -20 140 18 -47 23 565 86 -367 -241 450 137 -328 249 -180 362 43 191 -54 96 -284 510 231 393 -238 -152 220 322 170 -466 -52 -49 -205 -133 -416 -230 -76 125
-113 -196 276 -191 124 -443 -13 298 -50 -154 129 0 26 33 -97 181 186 -210 505 180 -203 -300 223 321 373 48 509 -217 25 -438 124 656 -492 -200 -57 334 -75 52 380 -208 16 87 -83 60 -41 -276 -138 28 51 391
158 15 -254 168 -1 16 350 116 -70 -175 537 62 -53 37 148 74 -384 -513 60 -159 519 -871 -60 -51 -32 243 20 -463 -222 50 164 -351 -523 -317 -97 -30 -301 -98 -355 -144 -129 -594 -238 279 -138 -168 -417 -124 -92 270
-101 64 -83 -125 227 -223 106 -894 -188 178 -89 -286 218 96 -611 145 -111 302 178 268 -443 -62 2 161 -470 134 370 169 -159 117 452 407 186 -58 4 194 242 -8 167 -94 311 -20 121 -116 -170 -292 -444 -4 -17 21
-129 87 -13 560 8 267 -242 258 -290 118 -646 -229 -127 -145 -35 87 529 -320 -123 -95 242 240 134 -298 -6 265 106 -26 523 -29 -556 32 57 241 330 62 131 -553 -165 591 163 269 -5 61 158 -582 61 60 -52 67
-17 68 -63 94 14 -373 -473 70 287 133 -324 -378 75 -28 21 -15 143 -180 58 66 340 214 -59 594 -156 -348 -182 -116 -301 -237 189 245 -370 409 345 127 -125 198 -41 -204 -371 -405 -309 -149 487 40 -246 33 58 238
313 114 -129 -27 17 65 372 -396 154 -25 218 22 -104 490 290 -282 152 384 -3 -168 -89 248 81 -458 277 -189 -342 -1 173 167 50 153 436 -33 -54 -375 -54 -45 -177 85 -460 -110 78 -170 382 -488 129 -513 17 -79
-126 113 -57 289 136 -3 -279 -77 369 10 -32 -98 167 113 52 460 -121 27 -231 120 97 94 -63 173 -63 -363 78 552 -210 -60 34 -102 237 -109 100 231 382 456 -346 161 358 23 360 12 23 170 -386 23 275 -186
110 388 298 -487 -23 180 -190 7 -251 132 49 138 -540 -248 -166 229 -94 -199 168 -41 -182 78 -354 547 -73 -640 -129 403 -229 189 162 -31 254 -2 -115 -29 81 116 209 47 224 382 279 24 120 344 535 245 -374 -656
-239 63 -220 287 -437 393 -8 -152 88 -74 -328 -147 327 315 65 256 -406 -321 -93 70 -208 -14 378 -44 -192 265 201 210 144 -146 28 87 -89 -85 555 228 -329 303 -430 -77 47 -186 166 -336 -320 -211 -232 40 94 6
265 282 584 -232 53 -161 240 46 195 -341 74 97 173 -59 -105 300 139 -108 245 147 -515 -10 -304 -54 -80 105 128 156 190 -148 -47 -201 -406 -32 -179 264 440 74 -229 214 -116 62 78 42 -94 -11 -88 98 -48 150
-81 -371 -193 295 -483 -57 -312 -321 254 239 238 -344 233 738 153 -252 -446 363 392 199 60 392 -136 -49 -410 49 -186 203 181 97 -39 161 405 -200 -129 431 -16 351 -344 -78 183 -62 -73 -346 14 58 -490 -515 -113 -411
-161 -292 359 83 179 -270 62 62 373 10 155 247 483 82 91 -39 -316 -181 -328 15 -75 -225 92 -104 350 -222 642 -140 234 110 -203 92 -89 -295 -65 249 99 -326 -228 -142 -62 -130 -93 -5 -118 178 -336 13 338 339
-185 -361 -98 -10 162 -73 -42 -98 205 59 -260 77 425 154 278 48 -67 32 121 495 353 526 -359 256 182 -183 -437 -889 -662 127 -26 -164 219 -123 132 -89 -9 887 6 -198 -365 -647 -433 235 120 326 129 -250 283 334
102 -66 417 -391 385 -265 -544 -231 100 -401 80 -196 91 -324 388 -180 241 -47 402 141 335 113 124 599 304 -428 -63 -143 -416 -36 284 254 -485 -150 -123 24 -146 200 639 -392 -127 -292 -95 -128 284 138 -316 15 -167 -126
-411 215 -384 -194 -194 7 -188 -63 -255 124 184 -403 210 -540 -252 457 -307 -278 -68 -196 -503 -8 -309 233 -105 27 17 77 -293 -61 133 147 162 88 555 233 103 -275 211 157 324 55 137 320 103 160 104 214 271 -104
-78 13 69 445 -172 523 244 -90 117 99 -293 335 -94 -181 148 97 -212 -373 -129 -177 371 170 568 -244 123 -96 -222 -138 547 171 -99 -155 55 -248 -29 -201 100 -292 -281 -246 -203 109 346 -196 -134 -36 297 -235 64 46
-280 -50 417 -242 -125 -23 -127 93 -70 242 127 115 744 31 154 310 -17 108 81 165 -800 217 -428 162 -35 -405 -49 -77 57 5 -589 -151 -184 246 374 402 371 34 299 143 -239 -525 307 335 503 108 -450 -168 213 275
771 165 427 -380 -155 154 202 112 -168 -531 378 120 -138 559 337 -183 317 -315 238 95 -236 -338 13 233 143 -404 -444 270 116 -43 426 -41 71 -210 -327 -25 142 113 -109 133 -423 -292 156 242 114 -368 -288 -62 -200 -368
84 380 182 -111 475 -411 -277 16 414 93 -206 -426 4 226 54 -54 167 -250 264 230 -143 206 -291 -139 199 -284 -98 -342 226 -20 -307 -145 393 262 -147 97 -170 125 -58 361 203 -181 -284 -274 42 52 -113 -42 339 142
115 255 346 -114 144 166 298 96 -92 -324 -76 13 -42 10 353 293 242 -21 149 124 -149 -188 322 -351 -34 214 185 221 123 -141 -338 -380 -157 33 -79 -167 97 -387 13 377 175 -48 107 -146 -239 -356 -182 178 -258 -102
51 -209 -145 -455 -114 -19 -198 111 559 -465 82 354 403 -401 162 -65 475 48 334 44 -182 -162 -149 30 -113 -114 -3 -27 -188 -250 -315 77 -15 110 -138 -293 -119 -115 510 51 -201 -397 -194 105 177 -228 85 12 208 -93
-99 160 -53 93 -427 47 -259 -138 95 -357 177 -194 143 8 -407 -74 -20 -124 78 315 163 294 22 665 564 -249 348 -58 118 255 308 208 -159 -414 -145 178 -385 431 70 -182 -153 583 -320 258 -130 37 812 -11 134 161
-56 197 -45 282 198 311 -129 253 102 258 -199 208 -552 -23 134 135 21 -323 -328 71 198 -230 400 137 26 172 -90 108 -146 20 -256 -40 -129 -204 248 -293 20 -78 211 -64 -301 226 127 27 218 -114 204 173 -311 118
-67 -35 -797 610 63 -212 -307 -213 63 291 503 -659 -330 491 -111 -52 -118 580 -34 86 311 -6 91 91 -485 222 -215 278 -158 54 425 183 31 56 42 196 -75 421 -398 -223 -103 275 -109 -207 -335 105 -220 28 -114 371
273 -149 6 312 24 -277 -615 121 407 -91 538 230 -39 579 73 206 342 -148 -142 53 412 -211 -115 66 -54 321 -245 -333 -146 103 -322 -287 -554 -138 -285 56 226 -143 -298 95 -441 -376 -247 100 69 184 -234 369 -322 159
273 115 -224 224 1 -140 52 -148 -188 -86 139 -3 -450 -403 -347 7 120 205 -12 -445 295 315 41 -232 9 -46 -143 51 341 -63 113 -393 183 133 -587 -70 -54 -228 -235 125 -108 215 -316 -304 -360 253 378 -50 -314 -159
112 -36 212 655 -361 -74 -193 -99 546 -365 -420 205 322 534 91 13 64 -474 144 545 -27 -543 40 -15 130 343 -7 -533 168 -97 -82 -35 -187 -273 -87 246 101 -302 -233 87 -8 -449 -19 36 74 -298 -465 -299 367 602
33 13 186 -285 -259 188 -229 -132 -192 -254 34 216 -279 -477 -376 73 -66 -323 193 -124 -362 -793 152 358 409 -134 158 290 -62 -190 26 110 20 -100 -65 -49 189 -395 99 128 -9 8 232 -33 251 -346 65 176 343 -161
-252 111 405 -31 -61 -373 -317 -300 -231 340 -496 -264 500 -106 -447 -266 -333 -14 126 -66 -137 504 78 581 -65 22 561 -289 -129 104 147 160 -91 315 274 256 -85 25 380 -246 -36 140 16 68 65 -128 154 182 43 21
292 304 211 -285 398 236 -85 44 127 16 -91 158 -129 -68 -95 181 -349 -447 -90 -268 -151 -562 -90 209 -443 7 -394 -86 74 39 -88 222 -389 68 337 168 275 325 -57 46 -168 -500 246 -89 -92 323 -390 242 348 121
335 -143 -111 8 9 -668 -271 -160 -32 -247 115 -65 -273 48 202 -55 365 107 -124 336 67 28 -391 133 104 -466 -174 10 -313 -155 559 599 287 31 70 27 356 -78 -479 225 214 198 5 -86 146 104 -299 203 -435 44
-3 24 204 259 156 -483 -140 51 270 240 206 -152 -221 -344 -263 154 90 416 -44 -76 351 30 -52 27 -239 240 119 160 -21 -478 -110 -144 70 249 -438 53 283 -167 -366 -36 206 208 100 -362 -128 23 -72 269 191 -119
16 -108 -211 -264 111 159 -444 -450 27 -220 -311 227 -147 -438 25 2 -148 -1 295 -432 -233 -199 -18 58 -172 137 -213 -206 -57 -459 354 690 -160 255 349 44 -90 -54 205 -99 53 -39 501 -373 -266 -109 191 -63 353 312
217 -56 -365 -211 -94 68 -334 -118 -8 -234 371 228 -112 60 164 21 142 -35 134 -140 -361 -233 52 92 255 202 -258 36 -46 342 25 522 68 -359 48 -111 -6 -71 285 164 -110 -213 279 -22 -157 -58 118 65 -96 -94
98 -170 -51 245 261 -77 204 184 316 -23 493 136 -86 239 85 24 57 40 -75 0 291 -215 -687 -112 98 -172 -326 -190 121 28 -210 -520 -60 -74 -386 116 -34 46 -260 70 -136 -379 -405 44 135 421 -99 -424 -39 221
-314 -30 145 -81 -59 237 -243 -168 84 354 -381 84 157 -247 20 -157 -210 -244 -35 221 -263 213 -6 71 67 329 -48 -43 34 4 -390 29 -55 151 575 -170 -210 9 624 -38 412 -148 211 63 529 45 -146 200 -98 41
11 -102 -113 41 -390 -232 -297 -149 89 -682 12 47 239 145 -137 -60 363 169 187 474 -354 -592 23 159 443 -13 496 326 -325 146 236 385 -222 -421 -189 308 -244 -113 340 81 219 -421 -6 -108 -168 -508 -348 100 -331 461
259 -23 -641 25 -344 -157 -166 264 -220 -73 -117 43 10 -344 -510 -252 -143 -304 -502 -74 117 -618 126 -108 -65 610 -104 -119 2 384 132 -318 -127 -174 -319 -125 -49 -374 103 24 5 84 45 209 -151 -219 205 211 -70 415
-120 30 -256 554 -79 -158 -46 -478 265 -203 -263 -242 180 -308 -365 330 -16 306 -245 126 138 -16 -253 -145 -312 94 168 -285 -286 -90 194 129 -203 -354 88 -10 90 539 0 -146 -14 151 -231 -68 11 54 175 32 -167 628
-105 -34 763 252 478 215 18 -11 675 123 -298 542 -125 152 273 292 -125 -83 264 195 545 399 129 44 -296 243 -34 29 -49 -199 -337 25 -481 -329 -32 -116 474 -307 92 -246 185 154 -115 -287 -33 341 -644 239 72 -548
-115 -119 -566 -362 -282 -52 222 158 -311 218 367 -130 422 -209 -142 161 -197 -175 8 30 -190 -340 -270 398 -106 -474 49 -83 -186 393 37 -8 138 198 233 59 -624 235 -88 -57 -28 -408 104 -57 156 -160 53 -61 465 -206
208 157 -55 -305 112 187 189 -361 -282 -131 206 231 -191 329 -180 321 -252 154 336 -242 -299 -147 405 -289 -375 402 65 37 297 252 -234 -6 54 183 100 83 147 -172 46 97 59 -136 -49 72 -532 272 90 199 255 -229
-127 76 161 -415 16 -100 -49 -20 130 225 89 79 133 -797 -217 -179 14 -41 -169 -172 -586 -311 -485 73 203 -59 -380 -252 107 -57 45 49 240 264 47 231 -93 -51 160 23 124 53 658 -255 35 127 657 -277 388 13
-543 186 216 69 -488 -103 37 -801 -2 19 -220 203 406 -652 -88 650 -448 -108 100 -220 -176 385 -252 -541 48 -60 240 -316 -290 -26 -171 -298 190 -206 172 208 243 -635 -107 -78 192 -180 84 164 149 149 -24 -95 4 -132
343 -138 -315 -381 -166 218 182 91 -413 69 -166 25 -197 57 348 140 123 45 -237 -225 -5 -23 329 44 131 -226 -451 273 49 218 412 72 41 -204 26 -382 300 47 226 -251 -372 15 211 19 279 -80 -44 40 29 -108
-286 63 -557 -545 -744 -414 11 217 -173 108 90 -354 268 -533 -250 -195 -114 219 98 54 -85 277 -189 817 -216 -151 -173 -430 -262 -90 279 462 38 215 358 114 -455 133 -21 -658 -313 -40 114 -769 -178 235 441 -69 365 -468
233 -169 212 -164 -128 296 235 -285 -102 -512 166 276 49 -68 -242 96 226 -6 124 -97 -441 -281 -255 -147 331 133 295 -120 472 6 -110 321 -142 -192 169 -5 228 -112 -181 415 -37 -334 -34 197 -218 -371 348 143 40 505
-217 -75 -315 -268 -630 82 18 -232 35 425 -550 7 -175 -112 -493 31 -316 234 234 128 -204 278 345 303 -332 387 281 267 334 -109 17 310 -15 149 17 -188 -162 -203 142 -353 351 399 -116 -563 160 -33 -180 -6 0 -385
-188 10 58 -143 -24 36 203 140 81 -130 -99 248 104 320 -167 185 105 -177 72 164 -311 22 -437 -419 186 -39 -170 -361 -137 695 -330 232 -229 -132 80 371 -113 -331 186 84 -260 -613 -192 -64 321 -42 146 -158 -24 323
247 123 -146 -263 54 -232 -301 -157 174 -81 154 -176 64 52 38 -6 -115 344 -465 -350 -179 -33 -88 27 -182 -121 12 120 -369 -91 -130 426 -99 448 340 -121 342 410 -181 -26 -215 -36 230 -408 305 -285 -186 292 -13 13
421 110 333 -312 -372 -280 -141 -177 -166 -14 133 -64 478 -36 -180 -297 198 146 -334 108 -165 151 -322 -60 21 292 -204 -2 -57 535 -113 -305 -20 264 -428 86 397 -329 2 111 148 127 115 160 183 -132 79 207 -294 -143
-151 172 91 437 -427 74 -68 98 -151 -6 -99 -113 191 38 -97 -271 105 73 -221 -80 -41 347 265 -223 160 -19 227 -144 298 -143 -313 -319 391 135 -238 140 -67 -380 -55 -16 -186 145 -37 -115 -55 -243 -48 -42 -62 -28
348 -97 -115 -52 -98 263 165 165 -268 -4 -486 33 43 -110 -5 299 -166 -44 156 -181 -159 -318 491 81 -389 168 235 253 224 -81 65 336 -307 285 365 -43 320 -20 -50 220 401 171 -223 -108 -227 -232 -339 167 15 -141
-44 57 -6 4 502 -136 179 300 174 170 -360 64 -290 227 180 255 195 -249 256 441 220 -49 309 -1 107 294 184 -91 -27 4 -42 295 -139 -95 379 -264 -361 160 108 86 346 84 -256 -35 -38 -109 -197 447 103 -25
-6 -220 -378 -16 -35 449 135 -185 59 207 252 1 267 443 124 -94 24 262 -93 -175 -152 71 157 -30 13 163 -136 106 -38 442 404 -182 139 -204 -374 -35 -333 170 299 -88 -211 -300 -51 329 -540 53 381 -304 -122 218
138 -159 -72 30 -541 67 -110 346 36 -547 131 256 110 553 80 -253 -217 -141 9 43 -121 -210 305 326 224 21 -123 139 132 44 266 90 -238 -425 14 196 263 131 149 -479 -186 48 360 14 -79 150 -298 -127 76 -89
-33 405 -298 123 91 33 -23 -248 155 -107 -77 -274 148 71 -97 361 -311 201 195 -251 72 219 74 -566 -239 -193 -103 -49 11 557 -5 318 -290 -375 50 181 89 -87 280 291 31 101 -113 3 -92 -16 -80 -124 299 210
-295 -138 106 -257 -365 -320 -484 -353 438 223 502 111 581 -161 -115 -100 -578 251 -324 -151 -173 551 -167 -39 -13 214 -63 -6 -361 -593 -349 -190 216 125 163 298 474 -143 -417 74 -59 -112 301 -44 238 150 -348 -79 188 -239
299 -128 25 -266 -21 -373 129 273 -338 -216 184 -153 -192 -30 -415 75 78 -30 169 192 -386 -532 170 104 -31 497 639 456 188 -90 321 626 -452 -156 -117 -37 -112 -154 196 -8 828 336 -206 -71 -105 59 -278 597 -274 -91
-281 222 8 -79 380 -135 -191 187 -83 419 186 -55 -417 302 -99 395 -298 -25 464 -160 -136 27 -261 123 -297 -694 181 543 -52 522 -224 238 -105 -43 -30 633 -129 41 158 206 -39 -42 24 38 77 310 -217 -281 -133 -176
120 344 421 -23 567 -114 -263 -375 183 -153 18 -393 -227 22 450 428 -307 -238 43 -436 397 144 38 -143 34 -527 7 214 -618 -5 373 180 -232 -129 -220 18 356 -210 -66 177 177 -254 -445 -57 242 297 -473 48 -517 -337
-62 -36 -212 368 147 215 -122 -197 -8 -6 -56 167 -98 12 266 -20 -155 -266 -83 42 245 -86 -214 -181 -51 256 -522 -179 -71 -204 189 -81 10 -53 137 98 220 -38 66 -71 180 -50 -132 435 -92 196 -182 -293 -471 333
137 -147 130 345 125 -355 94 68 -1 -237 -127 -6 165 9 -85 138 152 325 -313 -7 154 -292 123 -45 154 110 -272 -392 -367 -336 330 9 -385 -58 175 138 -47 -113 177 -146 -304 -729 -17 -213 163 22 -372 179 493 523
-680 -141 -59 222 -44 429 -341 183 199 -43 -91 -168 401 -384 -133 -520 340 477 -169 -54 -166 219 -105 42 -84 -3 237 484 -538 -200 -505 307 245 389 202 296 -191 -252 150 402 -39 -286 72 -489 -33 -467 34 -109 -222 -155
128 -285 69 -221 -439 0 76 171 211 -198 -113 -214 18 -202 379 -399 105 248 -2 297 127 281 502 -4 84 297 -280 -28 -212 -652 -9 161 58 -29 328 -251 -35 51 -232 -237 -234 -36 -285 -349 163 -217 -314 117 -10 71
186 174 193 291 136 -69 -259 -348 334 -153 -240 -67 298 135 21 -348 458 32 -268 169 256 17 272 -67 163 -346 -166 -208 226 -1 -222 -360 300 -5 -241 -63 422 -164 234 166 -228 -114 34 -39 -35 -431 -367 -195 222 -62
198 328 -332 305 -129 64 -29 314 -112 -193 89 -313 -114 207 -153 421 241 92 62 -104 485 189 370 124 32 -499 64 3 16 366 -262 167 107 109 155 129 58 -19 -278 245 -36 122 -500 19 -183 -167 82 265 277 -89
47 275 190 306 -207 -250 -303 23 452 -112 112 339 142 154 -65 478 -27 -443 97 -104 204 -527 -551 132 -180 23 -432 -302 -152 -343 153 -593 -203 -206 -715 187 532 -130 -62 -254 -349 -152 261 56 -102 90 -12 23 249 -135
-509 147 17 -103 28 282 338 354 11 138 43 75 -633 -304 -99 -133 180 54 -71 214 -224 -252 304 -88 523 548 -126 -49 -176 17 -149 9 157 -232 352 -209 -567 -425 522 -343 115 66 196 -306 59 150 455 286 162 -64
257 -475 -591 77 126 323 -167 -42 430 -80 379 -20 100 206 527 -79 46 135 377 29 325 125 276 -462 -35 -129 -363 -140 -60 357 -167 -153 123 -30 126 -362 -109 464 -139 414 -73 -233 -464 385 -162 -145 -1 42 46 381
32 77 -14 -68 290 33 -350 269 35 -95 35 11 -27 408 553 -178 123 -74 57 -244 158 116 -32 -38 409 -281 -427 -126 -277 358 -83 35 -112 67 72 -57 -244 183 299 63 -331 -370 -16 129 71 372 327 -149 130 -1
422 -273 -234 -59 2 -112 363 -113 -18 66 -126 -293 171 -24 277 -269 368 182 21 435 114 368 -343 -114 -160 64 164 -84 265 152 306 35 440 -229 -292 -698 -31 685 -378 -168 543 560 -32 194 -32 -62 -133 117 12 184
-324 61 132 -112 42 140 77 -145 98 206 140 -260 257 28 -130 -128 -361 286 19 -225 -391 218 -85 -35 -292 190 291 259 -71 246 -283 9 -109 55 55 264 220 -215 -58 544 -241 -411 -3 168 24 13 77 -487 -166 83
426 -242 -63 -162 -73 -73 -69 -403 187 256 -106 16 125 122 73 131 -409 423 -222 -256 -359 237 -37 -146 -129 -16 -152 -222 213 -181 63 117 563 300 -151 -161 236 445 -220 -155 298 -441 -335 -122 -201 412 -103 -106 63 156
-68 -15 106 -221 -141 180 357 96 53 180 103 49 -81 -334 338 -244 319 378 -201 -30 -348 -56 -334 -477 556 99 -494 1 -316 -213 -129 198 261 275 68 -158 -340 -76 -91 248 -39 -122 420 -375 612 -600 138 -350 251 -35
-335 -313 -463 -18 -341 361 108 177 21 45 -594 -128 40 -175 -41 -190 58 310 109 184 -182 -17 298 -340 -191 142 69 129 54 59 -145 377 -51 113 437 -111 -483 136 267 -150 18 -223 -320 -380 316 -373 -305 57 -76 289
-8 326 240 -310 291 -25 -175 115 143 175 -195 -8 -223 92 -177 338 -65 287 283 -374 -454 -54 -195 -126 -257 -289 -123 608 -21 1 -54 320 -218 392 -98 73 198 -296 480 46 156 143 -27 -555 374 158 -185 320 189 -446
121 615 -125 182 -68 -68 -197 -335 -1 -254 -479 -597 -355 -26 218 145 250 49 -127 -162 -241 -40 -177 -432 -134 -336 -365 225 -201 -242 835 347 409 76 -285 52 2 -269 -138 146 136 189 -4 -349 -120 57 88 -85 -189 -23
118 207 70 -213 445 653 75 -30 269 82 34 204 -49 87 -48 -350 363 337 -524 -99 -46 191 151 -513 221 25 -107 127 328 305 -558 118 266 86 30 -349 200 -548 -239 749 -48 -294 -123 195 -143 -94 -197 299 310 433
-401 12 -53 83 -92 -71 -719 -102 142 -43 -2 -482 190 3 34 61 -156 -164 583 68 -80 48 -343 457 -378 -184 248 368 -263 539 -208 316 -489 247 287 623 -304 118 482 329 68 -183 -199 -9 275 63 178 -109 -547 -58
-255 -359 -342 132 178 -284 221 -14 58 308 202 68 242 438 -310 120 -316 163 -211 -129 -131 595 166 -94 246 -188 505 -127 234 72 -158 141 786 -206 0 141 121 -177 -415 123 -298 -107 -510 206 -283 276 309 -354 524 -1
239 160 133 -124 134 378 413 -272 228 -110 -537 140 105 -365 213 -620 -28 193 -259 -177 371 28 306 -247 -289 9 -162 -224 85 -299 367 42 -94 -125 293 -806 144 474 115 -515 -352 442 406 -11 185 -428 34 10 400 -1
15 -201 133 -125 46 284 255 -40 -330 8 -460 318 23 5 484 69 -395 -21 452 142 84 522 304 -270 -329 216 -320 16 -67 224 110 189 -286 -19 306 -201 194 35 298 141 183 265 109 313 224 133 -164 -142 -350 -247
208 527 348 -537 -54 -464 -376 -179 89 -58 84 -295 -46 6 189 21 296 -35 391 276 -567 -208 -31 408 32 -463 -33 172 -477 -432 167 258 217 276 82 69 146 343 524 -161 78 156 196 100 87 -301 -177 227 -58 -149
-70 -2 47 -237 142 -278 28 -210 88 -67 182 264 108 -95 -273 42 51 -255 364 282 -91 -84 -196 114 -148 -58 416 -76 -82 -36 -162 -104 179 -84 -254 61 135 -259 198 -119 424 86 -349 418 -163 136 -340 -76 -111 -265
280 -349 -506 93 -99 194 -394 -573 -95 -356 -106 -401 -53 37 312 -131 497 364 18 83 48 -74 337 -102 -345 77 393 373 71 6 160 579 183 -24 91 -392 -54 235 -115 424 -20 200 -181 -77 -115 -660 -2 196 -406 83
-203 62 -232 219 -427 -55 21 85 61 319 -278 270 -189 -19 -374 -11 -142 114 -268 -220 138 122 251 -335 -233 -12 65 326 287 165 -280 -441 591 405 -431 190 161 -608 -469 397 118 43 -11 93 -426 391 190 -145 235 -302
-731 -205 -469 195 37 -31 -235 -1 650 135 229 -282 681 302 -358 -97 15 218 -17 94 -208 305 -73 -56 89 -500 542 372 -43 -19 156 447 391 -90 17 684 -677 -34 123 84 83 -368 -619 88 -327 148 -129 -228 399 148
-138 -158 201 447 549 15 -18 17 374 128 -338 79 -111 -101 29 -55 -6 -46 -20 107 26 -360 -333 -168 -458 75 91 -75 178 -43 -161 345 -283 21 353 235 328 -109 -170 474 111 -139 253 116 60 -92 -424 -212 189 659
289 423 313 -370 266 -537 -35 -75 -312 258 53 -511 -188 41 -449 -121 -151 -26 -99 -514 -257 -77 -8 171 -73 -183 147 62 -108 -222 524 570 -96 417 -40 283 286 -150 252 -73 257 378 -180 144 35 123 42 82 -17 -59
-110 -85 -470 650 -264 10 -191 158 -128 -201 406 -210 61 21 235 403 -81 31 -299 -209 232 -187 443 282 -159 228 669 293 -182 -106 -2 -172 -6 -69 299 12 -232 12 -337 107 -376 392 43 315 -22 -166 411 125 187 -200
26 52 -44 -245 336 -78 -526 -207 431 -221 193 -265 -54 -180 189 -394 118 -164 -116 -124 423 209 -420 411 -236 -513 -328 386 -175 -410 455 316 33 -172 60 -140 161 216 14 -285 -345 356 179 -98 339 -14 -234 130 -17 -315
150 152 187 -390 396 276 343 -381 123 -279 -621 -293 50 -508 377 -124 -177 -343 420 -299 17 279 657 -117 8 -68 -208 -81 166 -455 620 287 -208 -158 239 -187 -176 122 594 -275 -104 -27 -94 -265 -140 -255 134 -529 76 -13
240 55 108 227 341 371 89 13 -294 1 -603 -413 -374 -27 -83 -130 160 135 359 123 -196 -1 372 -290 -409 734 233 312 337 581 -222 508 -142 -81 357 -39 212 73 612 438 500 456 -370 102 -126 -358 -96 317 -321 -11
-517 200 145 -18 214 -235 -250 245 16 325 419 -266 331 225 -184 -75 -228 -23 22 -113 1 192 -341 221 -16 -380 54 357 -181 -85 124 -174 243 200 -198 992 -320 -300 185 -96 195 -132 105 116 -300 376 -208 -230 370 -297
-198 265 131 -324 399 -345 -240 644 -156 279 355 -363 -8 -215 -300 -389 174 -128 -238 -65 -143 -112 -71 677 14 336 78 109 -8 -251 -190 197 -607 569 129 153 -227 -45 238 -52 -14 334 347 -438 59 79 139 233 7 -203
-543 274 -9 2 -91 200 -108 -304 73 378 61 -472 397 -382 255 84 -333 128 -212 -259 -232 129 -360 -407 53 -303 276 538 -302 -250 39 -354 358 -71 85 116 -122 34 87 2 337 433 183 383 365 -55 -194 -272 409 -207
-239 -98 394 221 -220 337 -72 -209 446 58 69 654 322 265 -4 64 -339 132 434 -20 38 332 -250 -20 -263 -6 -38 108 323 81 -527 -288 -108 -285 -473 90 668 -211 -43 127 -182 -37 389 103 39 51 -226 -475 108 -301
220 489 205 45 136 -529 -325 -485 16 -240 422 -373 -149 -48 133 523 67 -52 -226 -234 175 133 -51 148 399 -800 -15 -52 -323 -190 179 -157 205 -171 108 111 664 -457 -442 237 -616 -81 -270 311 403 74 -113 179 -10 247
28 445 399 -463 280 331 86 -32 -166 -124 -114 -55 -56 -173 101 -242 101 -250 -320 -220 -30 -156 154 59 576 -302 -252 -287 7 119 -73 -23 -252 326 241 -64 -483 153 295 -527 -239 -296 146 -232 8 -15 370 137 112 391
95 23 173 161 210 164 -234 -165 157 -275 563 126 -287 422 -276 -128 191 117 71 -334 -245 -511 204 -351 289 273 -261 175 -18 39 46 200 -460 231 43 681 -84 -525 436 335 -56 -663 -65 102 -176 -184 -325 136 -165 496
1 56 -121 -395 -498 -343 35 20 -236 369 -93 -60 188 -541 -230 -195 -138 -722 51 328 -173 14 -278 626 -93 -283 -180 -251 346 -280 189 18 408 97 68 -54 -98 -117 -125 -483 134 287 256 -198 44 -72 132 -29 -80 -223
278 -150 -175 316 -282 -34 -467 25 -246 -229 597 278 33 284 17 511 -183 232 -224 -260 151 -336 107 352 70 -292 -280 257 46 247 -236 -139 -398 295 111 381 708 20 -474 59 -242 -271 15 -19 -220 410 -235 281 -35 40
477 67 162 -45 -32 268 76 -161 282 -346 118 396 310 361 351 274 -535 -273 -97 -281 94 -188 406 -421 -124 -459 -337 10 186 190 150 -163 -312 -221 145 88 372 74 -109 -47 -187 -478 184 275 1 -16 -708 148 218 249
210 235 160 210 -131 -4 159 209 -291 -157 -76 -194 -193 -185 486 598 340 -420 301 226 -257 -188 -125 145 288 -55 175 -29 157 -67 262 -323 -139 -303 -115 -339 -33 85 0 44 438 480 288 187 -36 -9 425 66 -346 132
-140 -64 192 -592 -95 525 97 -409 -43 -385 -294 88 393 -468 -57 -501 -524 434 33 -185 -152 511 147 -373 14 509 159 121 -164 -128 -87 432 -304 -33 448 -184 -166 -28 418 -69 310 -249 -419 -95 -32 145 -248 334 -237 137
-17 104 -492 506 -489 193 -274 -78 597 -206 -363 -78 8 159 -43 -56 -78 353 -192 291 175 -62 414 37 -30 155 247 302 90 -154 -227 -313 417 47 6 -389 -76 193 -142 -175 331 135 -306 -279 -125 -92 -19 160 -37 160
-54 -244 113 80 -179 286 -85 -54 444 -327 -121 351 40 17 13 -621 297 410 -80 167 -69 -188 -334 -162 181 112 -420 118 13 -6 -319 -431 5 -118 -56 -116 -168 78 325 93 -419 -650 3 -192 95 47 181 -167 -78 321
-39 283 24 227 -449 -40 -72 56 188 39 43 -145 -427 432 -429 267 -259 335 -192 -40 221 339 -127 207 105 -235 330 411 -209 61 301 489 -101 -333 -44 -120 -11 3 -281 -266 143 589 -532 -127 462 430 23 506 99 -402
-75 -8 390 211 261 -187 149 269 295 168 -461 82 -239 -258 3 -306 74 -284 -185 187 271 -70 -91 -388 286 125 13 -130 -236 -335 -324 -246 445 26 -161 -272 172 -553 169 -239 396 176 -256 -142 596 -201 -474 133 203 -124
-182 -126 -447 -313 -210 -40 175 -170 -42 412 283 -149 -142 -123 -46 -248 -143 232 180 152 54 348 128 14 -46 501 -110 -141 250 -66 145 195 182 -247 435 -442 -223 -161 -37 -5 202 147 211 149 182 84 20 141 192 -38
141 199 343 -658 -18 78 394 -66 -156 -319 -129 550 -536 -785 -248 60 -3 -19 59 -88 -245 -438 175 -11 508 57 144 -133 -248 62 151 199 -203 -6 206 -290 -444 -349 418 -192 376 -112 183 -202 81 63 283 475 113 -42
126 -121 161 302 109 -23 -181 457 514 -152 -391 -103 206 -81 241 -235 -2 -57 -161 92 143 2 176 18 -45 40 -307 24 5 -104 10 -132 -98 187 -165 349 -47 480 281 38 -63 67 -21 -288 -78 -161 111 -389 121 -87
-147 -566 -189 176 278 83 63 860 -223 309 33 166 -484 210 208 12 298 45 378 -88 -228 -412 282 208 160 91 -69 426 -16 -45 -119 41 -216 -158 49 22 -120 -36 638 129 -412 -168 115 6 96 -257 204 -351 -57 15
-23 -269 -113 164 -103 25 215 295 -17 12 -259 6 63 -5 41 -109 251 -159 246 101 -139 -52 550 -109 285 196 -4 -485 201 -154 245 285 -29 -244 222 74 28 -104 265 -92 -29 -46 -184 108 -377 -114 60 -105 158 442
-126 -34 -39 -91 412 -190 -30 -7 413 224 -161 -125 -107 -158 171 280 208 -81 88 303 55 -108 -149 336 -73 -218 -159 -73 -128 -271 413 111 188 -391 -311 -153 -5 343 -125 -74 -85 66 534 -473 -178 -122 192 -280 368 -111
40 -183 -170 -56 -99 371 364 132 -441 138 -130 60 -136 -359 59 484 -178 -28 -195 -358 -351 -130 -159 -60 -68 32 -235 0 413 -144 -126 63 -156 -143 363 -149 400 -37 -13 -24 -93 -174 3 -75 130 213 -23 -168 77 138
-371 -95 81 -660 415 224 -19 -275 367 769 69 -389 200 -130 494 -314 -97 -20 335 6 -334 508 343 68 -54 -143 -129 162 -199 -44 120 437 -15 136 377 111 -241 212 170 -17 -68 -136 239 -122 34 -91 -291 -512 76 17
144 -104 108 -105 -72 -494 -236 136 264 413 26 -145 102 -366 -24 -181 84 55 -169 456 -295 -900 -313 367 295 421 86 -153 -314 127 -251 -358 144 270 -290 -169 -178 386 218 187 579 -152 304 -175 193 -175 242 127 104 227
32 -52 -427 496 18 -530 -433 -110 73 -243 208 -490 -32 253 51 303 219 93 226 -109 -125 -328 53 -68 -183 228 -120 188 61 -53 36 126 343 5 -534 618 328 -90 -153 547 -344 -172 -37 -93 -449 -343 15 -527 -90 118
-195 58 251 455 392 512 -224 -208 168 127 -369 236 -23 -100 106 594 -507 357 -235 -315 291 91 -149 -441 -183 75 -25 388 -181 221 -439 -290 -12 -94 -252 142 345 -79 118 124 544 -385 -119 21 127 531 -427 -113 333 -201
-226 39 -251 338 340 -272 69 334 204 30 629 -225 -391 -40 108 76 -117 184 -249 -239 134 -417 -446 -396 182 177 10 291 -314 -148 24 -441 -14 -136 -472 75 -547 48 61 -178 -188 -38 -280 -273 143 281 55 101 -97 112
-64 114 -125 -181 429 260 718 60 -62 28 -391 -134 191 -245 258 -28 -360 -537 175 94 215 -123 246 -427 34 137 -189 -564 43 -237 173 -89 124 -249 425 -427 -438 325 136 -359 392 -139 -60 -52 -73 -232 -334 -110 483 5
-74 319 447 -52 -183 -10 -114 -414 450 -102 -195 72 -26 330 -63 81 -200 -252 229 14 151 332 316 -123 86 -284 209 112 42 -145 -53 -81 165 -198 -46 -136 342 -625 -409 298 59 -220 79 33 442 -155 -547 69 20 -291
113 -351 -349 31 -144 407 486 14 136 -12 306 67 108 -102 171 -181 -147 89 -49 -111 317 -48 640 -371 -157 75 61 141 123 -2 -43 -282 -161 -108 -18 -327 177 -2 -30 -36 85 -223 -383 378 -194 -120 -543 -90 -337 267
-153 228 593 -219 -133 -116 202 -23 -340 1 -278 12 -435 -202 -163 153 83 219 326 -121 -171 377 671 402 92 -276 456 263 372 -404 224 105 66 94 79 -22 -24 -388 -86 -18 -46 331 278 -291 -299 457 485 99 118 -541
-177 -84 -249 245 -148 -167 -75 -158 300 192 -36 32 -191 -454 233 34 237 166 -260 -59 208 324 88 125 192 -204 182 280 -183 -519 152 27 261 122 -11 -296 -35 -63 -306 -101 164 194 278 -345 169 -167 -23 -313 -337 -275
-29 -228 -109 272 300 541 -15 270 44 62 -555 -184 -518 178 350 -81 -64 -25 94 -455 254 468 379 98 -232 -138 -259 508 214 39 320 -32 -243 -224 68 -244 51 306 188 -121 -495 -33 -1 -406 -28 243 263 -326 -433 -133
269 559 459 -95 60 -160 -361 -119 396 -110 -50 137 -187 -69 -133 133 87 -44 -47 8 -85 -78 -89 -32 -93 -49 -86 191 -170 -186 -67 -209 13 120 -112 -227 589 -528 146 74 136 134 -39 211 295 88 -404 830 -122 44
-64 220 465 45 276 329 -72 -14 100 49 -306 158 -341 63 49 106 -22 129 316 -411 35 278 185 -303 204 -191 -166 140 40 -170 -274 137 86 387 99 25 135 32 -171 198 65 -28 188 -451 -234 28 319 221 187 0
324 -30 34 -222 -337 43 210 179 -398 -406 327 -80 173 28 -144 -341 -171 -82 -29 58 -761 -817 157 -246 337 812 -451 -761 40 298 -230 -191 -319 -43 298 257 -47 214 536 48 -93 -423 505 80 -50 -420 325 -244 164 662
