41 -51 163 13 108 -63 -126 165 -161 -243
-116 -133 64 116 -21 37 -86 72 142 -10
24 -38 -26 120 -127 42 45 -51 170 141
129 -201 131 -72 -80 -37 -27 -43 -262 58
146 -13 -60 -11 -69 -113 -82 155 -86 -66
-44 23 -132 187 -125 -23 112 -136 172 101
-98 -97 193 101 123 212 -32 -113 121 43
-110 -125 -119 36 -89 -199 94 -199 -52 -1
268 124 228 -55 65 68 -25 140 -208 -156
-91 55 -89 78 1 60 -19 67 234 102
-27 17 -173 45 -67 -79 92 -143 96 105
103 -122 -80 -179 -7 78 -82 -65 -63 213
75 -32 85 33 -58 177 48 -126 119 147
114 -40 -114 -79 -45 103 -96 8 -76 98
-16 -215 41 77 -141 58 -18 -139 -7 15
252 -212 19 -214 -94 94 -124 -39 -254 157
-78 99 -21 -27 39 -23 86 -94 -22 -140
-78 -34 28 43 13 121 27 -134 49 31
-145 -74 -37 -21 15 -16 -87 121 94 50
26 36 -185 -164 -24 -65 3 -6 -60 98
-105 66 -45 -78 107 -109 10 53 20 -38
-114 237 -48 68 217 -4 50 9 169 -98
-61 12 -54 -43 46 2 23 -63 75 66
-58 113 22 50 31 50 62 -35 -47 -107
0 150 -18 141 100 -163 60 7 -1 -232
37 -28 -173 -282 46 -34 19 -165 -137 173
-96 -17 -164 103 -129 -29 24 32 238 204
-88 -89 -38 -118 104 -82 -44 -37 14 34
5 -49 -34 2 21 149 -53 -52 139 159
-36 -21 95 14 33 -19 -91 189 15 -112
109 280 121 -66 212 40 30 105 -4 -180
22 99 -88 -183 72 -11 125 -201 -36 106
-169 264 -110 241 110 -144 88 58 190 -261
25 171 -31 -55 110 72 15 47 91 53
92 -8 -42 -55 65 101 -51 -42 51 155
-116 -215 96 -85 -37 115 -2 -164 0 126
27 -135 -207 -112 -142 -167 -113 126 -54 47
-111 126 -93 95 5 32 85 -68 90 -11
64 53 -41 -81 26 145 51 -151 -76 153
84 -57 56 -206 -44 -186 -64 211 -238 -85
108 133 -146 36 -55 -15 106 -144 -44 -11
61 243 74 -189 266 36 70 -69 -100 -150
-55 23 -57 22 -89 -148 -49 242 -12 -108
-115 181 -220 74 91 -22 87 -127 220 0
-95 -291 -90 240 -254 -150 -30 -26 92 101
-92 2 37 -55 -11 -66 49 24 -112 -14
244 78 63 -72 -98 28 0 118 -170 -20
66 -137 123 224 -133 170 -24 -73 75 33
-161 -30 -150 168 -41 34 115 -288 212 110
-24 43 130 157 124 148 44 -143 100 -33
120 -4 104 -57 93 0 -77 53 -130 -159
-91 -6 89 -26 23 -16 74 -78 -41 -57
180 27 -149 93 -220 -116 74 -64 -120 -53
91 179 -16 -18 83 39 36 34 54 23
3 -161 -7 102 -103 -70 -72 82 23 83
3 54 153 -78 137 153 -6 -26 -74 -43
-2 330 -24 3 102 0 152 -14 78 -132
164 -263 121 -33 -93 -6 -110 31 -143 127
-80 155 98 304 49 48 41 104 228 -117
-131 53 -19 44 97 -150 75 -48 16 -77
150 12 16 -102 -43 -31 46 -73 -180 -34
121 -113 176 -12 -110 161 1 -42 -20 111
135 -189 66 -153 -78 59 -113 70 -92 179
102 100 -125 -79 -141 -93 81 8 -105 -23
137 -6 -2 40 -68 32 -34 94 58 151
120 -63 183 -151 -12 -25 1 5 -362 -118
-52 35 -131 101 -35 -344 63 16 -50 -231
25 -140 165 -61 55 85 -124 130 74 129
20 53 4 181 60 -14 -11 33 109 -24
-27 -238 54 37 -43 55 -32 -175 0 89
-123 -56 104 66 151 208 -118 65 221 121
-23 229 122 126 227 -9 67 35 65 -162
-135 -76 35 127 -49 -120 -1 94 118 -15
-91 -167 254 -68 91 144 -49 -52 -36 22
174 -283 -18 -82 -170 103 -141 -18 -96 243
211 -114 86 -161 -108 -95 -122 193 -351 -135
39 -67 142 52 18 106 -105 157 13 75
-17 -142 -57 -85 -169 -106 8 8 -57 99
106 -195 -29 -33 -147 -24 -21 -100 -218 119
123 -99 187 30 26 128 -147 157 -27 13
-281 39 -78 337 25 -185 58 11 260 -175
48 -42 173 23 96 80 -71 36 -77 -92
54 158 -60 40 41 -39 100 -109 -110 -117
339 -208 238 -26 -156 225 -137 95 -160 185
83 69 -36 -26 -29 -155 41 44 -109 -107
146 -62 14 -102 13 120 -44 -110 -121 57
122 -199 79 -207 -104 34 -65 1 -185 136
-162 -135 -9 13 3 100 -62 -52 73 63
-25 81 -123 -116 -61 46 15 51 20 102
-148 95 -263 155 -48 -55 -23 127 320 95
-122 188 -106 38 194 43 97 -153 230 50
132 -33 -149 147 -220 -135 35 1 6 47
255 -176 115 -193 -100 55 -17 -111 -298 123
-16 164 118 -169 207 -97 77 3 -99 -189
-95 27 -33 67 79 49 34 -119 112 14
-46 107 40 -11 31 -239 73 95 -159 -260
150 -114 -32 104 -173 -18 -67 36 -74 -29
-195 183 -23 52 104 157 99 -124 168 -76
16 6 -52 -110 76 55 -58 -6 37 38
163 50 -63 82 -163 -131 84 -19 -118 -70
56 345 54 -56 196 57 176 -117 -83 -136
14 -135 -116 37 -94 74 -95 44 201 295
222 -48 46 -147 25 -150 -89 128 -262 -81
-22 42 -13 77 -96 -170 -13 208 -65 -184
166 52 105 -115 53 -30 101 -171 -274 -109
-147 -119 110 -16 14 61 8 -91 -29 -16
-78 103 -69 -26 -10 -43 150 -127 53 57
21 -76 43 93 -78 -9 -87 185 74 52
54 161 -1 -82 111 -65 19 111 -35 -16
77 -264 53 -1 -108 -9 -123 46 -38 124
194 -41 45 -191 12 89 -33 -90 -220 6
96 -276 -110 236 -334 16 -97 24 63 199
142 -157 63 -31 -137 106 -51 -34 -144 106
67 88 -23 216 -55 -112 52 28 67 -147
170 281 -60 -249 187 -93 76 -9 -108 -116
71 -53 10 -61 -47 73 63 -182 -81 123
47 -73 -85 98 -152 -106 -39 82 7 -18
-30 -301 77 -3 -96 78 -30 -199 0 134
-234 -53 -83 83 97 -10 -60 31 237 90
231 -240 -7 -38 -191 -115 -150 125 -252 4
-36 33 14 204 21 85 35 -93 173 -12
97 -36 -111 4 -196 33 -29 54 -2 91
189 -110 104 -191 -4 -96 -47 -32 -401 -184
17 -226 21 171 -106 -62 -82 23 36 77
77 -102 -27 -174 16 41 -26 -118 -101 140
33 170 35 119 -25 -108 44 168 1 -213
-26 -39 73 -58 147 -15 -69 2 -39 -121
189 -152 -9 -293 -26 157 -147 -6 -206 159
151 134 3 -111 51 115 73 -108 -65 88
34 -153 183 53 55 -23 -28 -65 -86 -48
121 -145 2 -72 -120 -149 -42 34 -229 -46
65 3 44 -91 57 67 -27 -44 -165 -60
114 -300 122 -209 -29 176 -87 -212 -184 148
-6 -7 141 -138 155 266 62 -289 -27 104
5 -66 3 -172 169 -20 -46 -125 -85 -32
-35 -106 19 47 -85 81 -82 50 84 -27
128 -29 -20 18 -132 -11 -8 33 -31 18
106 -36 2 -86 -18 -1 -21 -62 -222 -95
-145 -106 -65 73 31 266 -97 -56 300 280
11 -10 -93 -50 49 199 -14 -153 78 240
-166 -127 -50 47 4 122 -115 48 207 148
72 -141 21 -62 -16 14 -145 90 -123 -19
-189 52 -62 111 36 -92 17 24 59 -175
-212 -135 -102 3 -89 -9 41 -120 149 175
38 -20 -69 -73 54 -141 -68 89 -81 -27
101 -260 -2 -70 -148 -15 -113 17 -68 123
-7 -22 63 127 -86 -98 -61 259 51 -59
-121 54 -61 29 144 120 -6 -81 264 112
-184 -58 -205 136 -114 -177 107 -178 46 -9
-32 183 -100 133 14 -177 120 -39 1 -223
-35 -91 192 19 50 130 -109 153 97 58
-61 -140 27 4 22 310 -107 -51 221 306
23 180 177 -54 198 77 69 -52 -142 -201
199 -75 25 -167 -106 -56 -58 64 -326 -79
-252 -14 -204 151 3 -137 -14 52 274 57
25 -87 28 -21 71 238 -143 26 188 184
-91 71 -214 70 -76 75 -43 98 232 125
-110 23 41 42 162 75 59 -195 66 14
263 -220 -35 -123 -178 -64 -137 60 -265 37
-35 116 -147 -29 45 -40 1 23 36 -51
26 -34 -158 -37 58 185 -139 14 206 253
-37 -207 -6 7 -43 3 -93 25 127 199
-143 247 22 112 246 124 43 29 283 11
60 -21 102 186 -100 152 -70 138 80 2
19 53 -16 -155 4 26 -45 146 -3 50
39 -314 8 -55 -91 52 -140 -7 29 274
113 227 104 -25 67 -32 61 134 -22 -154
135 95 -3 -187 201 115 -66 -51 -48 -49
39 -98 191 -23 -14 6 -70 152 -122 -13
155 -161 -15 43 -245 -24 -47 45 -156 61
-76 8 82 184 -55 30 58 6 119 3
-78 -4 -125 207 -72 -113 36 -17 201 6
206 -52 23 -229 -8 170 -51 -59 -113 195
12 -20 -4 -19 -33 44 27 -125 -56 -84
-64 -65 -54 237 -116 12 45 -113 127 24
-168 -26 -7 204 -71 -158 33 78 56 -112
102 182 -84 -87 153 43 -28 36 14 -17
50 -136 194 157 -15 172 -149 144 80 19
-83 -15 22 199 31 -118 4 20 113 -133
191 -39 37 61 -119 106 -118 156 -71 -13
-31 103 97 167 4 -26 14 160 142 -127
-41 239 -89 -37 149 -72 119 -45 124 -6
-8 -92 -11 210 -82 72 -46 -22 108 24
-69 -150 -95 72 -125 -31 -38 -10 120 118
-38 34 -189 145 -91 -133 -24 131 168 31
-201 95 79 -36 249 51 25 -49 97 -79
65 8 249 -65 76 59 56 -53 -199 -69
-67 150 -26 78 131 -166 116 -63 53 -115
-96 -64 -244 219 -135 -282 8 31 99 -23
129 -54 -39 -94 -109 107 -4 -77 -70 137
210 114 -92 -191 71 -4 -10 -31 -135 -6
45 -126 -111 -95 -128 -101 -38 -26 -219 -20
-118 60 121 76 95 -9 67 -36 -15 -135
-25 -237 -10 52 -170 38 -32 -121 -32 61
25 42 122 -119 122 -107 50 -28 -159 -144
-8 84 7 89 64 -182 15 86 -49 -208
-30 -127 49 107 -24 -156 28 -99 -92 -127
-76 53 40 52 35 -44 120 -127 1 -50
125 -393 171 -6 -221 63 -152 63 -164 160
61 -34 268 -48 137 165 -47 -6 -69 -52
0 -37 -64 68 -169 -262 31 105 -144 -141
-8 -145 230 -75 102 -11 -98 91 -95 -72
43 -231 30 57 -127 239 -111 -61 49 232
-47 117 8 188 -22 112 48 16 260 4
-152 190 25 120 80 -229 117 97 -16 -253
-69 24 -216 176 -146 -50 102 -155 104 48
-155 44 -24 272 -45 92 24 17 203 14
-25 223 -44 101 166 18 50 17 186 -9
-50 120 76 -166 148 -35 76 -100 -239 -267
-7 -19 228 80 6 121 -25 61 -32 -147
-38 294 -43 90 236 -70 96 -46 54 -216
-65 -251 -39 -68 39 13 -162 7 36 168
-45 -21 -192 98 -119 -84 16 -15 79 80
68 7 -155 -40 -165 -140 60 -50 -177 -64
-175 244 -64 68 98 -146 142 39 152 -108
166 92 -29 -202 20 -16 0 40 -244 -4
-166 142 37 -36 168 -85 114 -125 -141 -281
-41 98 -138 45 57 56 -4 -26 183 49
84 31 92 -215 81 -122 92 -117 -275 -120
259 164 22 -17 59 -74 1 65 -184 -203
173 -239 -32 -79 -282 42 -80 47 -56 256
-56 241 -98 77 185 -84 72 -29 87 -149
173 -105 200 -57 -12 -69 -138 256 -217 -98
75 -123 140 25 7 186 -97 -2 -22 62
29 64 126 -10 78 5 9 77 -28 -39
-37 -168 20 85 -147 -93 -50 88 8 2
-166 113 49 -196 250 6 86 -145 -86 -75
-29 -95 72 165 -110 -26 -82 201 86 -18
71 -19 -57 109 -49 10 -58 77 193 86
51 -30 113 54 -79 259 -26 29 74 178
-171 -14 31 146 -3 -178 70 -31 -27 -225
42 34 132 -55 95 16 -13 59 -52 -45
-129 34 31 35 23 65 6 1 90 -107
208 63 85 -37 38 6 59 -81 -115 -3
21 -88 -170 -104 -44 -23 -94 36 7 141
1 -14 43 243 -25 29 -16 15 140 -56
261 -115 189 -62 -80 107 -24 -59 -253 11
68 -47 -134 -106 -47 -102 2 -74 -187 30
52 223 98 56 111 -60 68 67 -43 -277
-80 32 -111 -33 -87 -162 91 -38 -90 -73
-9 36 -20 -58 125 95 32 -173 60 63
-76 93 49 94 58 22 -16 119 132 -106
157 -68 -91 42 -201 -60 43 -88 -154 49
114 94 -17 -105 77 65 -7 22 -25 114
-34 26 -12 91 -95 -124 61 40 -18 -100
76 -19 53 -58 5 181 -6 -46 56 223
15 -13 147 48 16 164 -5 -36 -61 -27
-179 65 -86 37 18 -188 13 101 -31 -208
-18 -101 -134 -65 18 67 -75 -54 86 243
-31 93 154 252 -34 50 44 111 176 -112
217 -91 11 -134 -14 199 -106 -67 -133 110
37 177 1 -86 80 -175 91 46 -116 -156
158 108 118 -181 104 -191 19 94 -278 -280
121 127 37 -148 154 184 -13 -47 39 64
-7 138 215 57 169 136 -28 151 137 -78
251 142 180 -190 123 -62 -55 227 -296 -201
6 94 230 166 106 -10 26 103 76 -177
-135 -91 -88 260 -156 -104 80 -124 74 -30
-32 166 -4 -235 217 -87 -13 98 -135 -150
-200 116 47 58 133 -64 6 99 67 -250
178 -117 186 -150 73 37 -99 1 -233 -110
-111 73 -24 -63 153 70 -59 66 134 -6
41 62 248 121 65 27 35 66 -13 -142
153 -26 -31 -82 -31 90 -65 13 -28 98
49 -283 -85 50 -280 112 -58 -66 136 369
197 17 52 -181 -17 -2 -3 11 -202 -18
-35 160 169 152 105 95 -8 184 186 -98
282 -222 63 -297 -106 206 -165 47 -153 315
-98 7 83 -57 104 -74 25 -6 -13 -106
-64 -38 -245 -176 74 -103 -43 -49 24 179
37 -39 -104 -97 -76 -75 -66 140 45 100
46 -224 8 -41 -151 159 -91 -13 35 277
145 99 140 -64 100 102 83 -132 -111 -9
50 61 78 -296 71 19 106 -150 -220 -11
-32 32 -102 65 -91 -35 114 -140 74 53
-59 59 -53 -59 -28 56 36 3 96 80
-177 70 -31 125 7 -137 86 18 62 -89
-94 -200 -56 66 -132 76 17 -185 137 205
-120 99 -230 38 -34 -210 77 20 129 14
-39 -15 -40 61 -5 -188 36 -6 -85 -85
-131 -107 -21 -30 8 147 3 -202 46 66
4 176 103 95 102 8 30 69 -38 -255
-74 -8 -80 86 -77 72 79 -145 108 139
77 -309 12 -24 -208 -79 -91 30 -98 148
-235 224 15 83 135 149 177 -174 229 -6
-41 91 -61 -57 14 -97 105 -108 -130 -123
129 -94 40 -118 -28 147 -104 39 -95 133
30 11 194 -43 77 128 -42 70 -13 -58
-145 214 -61 238 0 -16 118 -3 120 -165
-105 57 -80 252 77 45 7 -69 249 -2
76 -74 166 -16 -9 -1 -138 255 -144 -99
-110 232 -113 50 124 -192 159 -56 93 -87
135 244 260 -37 222 172 38 35 -98 -192
-167 -73 -79 81 -66 51 -17 -11 134 100
-166 2 16 53 -24 -159 147 -132 -74 -123
74 -28 -175 -17 -7 56 -103 5 140 105
30 -274 -133 -58 -145 41 -171 38 81 239
-16 131 -19 -63 129 16 68 -94 29 -25
-122 -177 -28 143 -195 -18 -5 15 106 139
81 71 43 -128 60 140 60 -146 -78 50
6 -121 -68 70 -180 177 -105 97 218 232
-197 98 -64 33 189 159 -11 -60 217 79
-117 -36 -1 146 0 -69 12 -20 59 -91
-157 65 -69 -61 58 65 86 -176 51 -12
-184 140 -82 27 52 -148 82 38 38 -140
165 -94 -114 -20 -208 -144 -63 123 -87 14
-31 22 27 150 -35 67 -2 64 200 60
66 76 -63 -117 34 50 -21 62 85 137
-15 -4 225 -23 70 176 51 -92 -49 26
-140 -56 64 32 13 30 24 -25 151 72
-40 -167 261 -31 -41 -38 36 -38 -175 -76
-138 206 -10 97 110 78 66 -3 224 -113
99 -57 46 63 -84 70 44 -135 -74 41
212 -92 102 72 -165 132 -66 85 -47 101
153 -41 -2 -44 -135 -32 39 -48 -166 30
-184 211 -90 172 100 -24 66 39 178 -105
-13 -38 165 -30 78 94 14 -111 -132 -108
225 176 111 -215 99 125 -8 91 -152 -13
-49 348 -229 17 106 -76 206 -172 112 -70
-2 -8 -30 99 -16 -270 28 71 -36 -104
103 -140 95 12 -71 136 -63 -22 -58 111
-16 2 -41 122 -157 -21 -8 92 -16 -102
44 30 -19 -96 17 -81 -91 197 -29 -112
33 -18 -16 -84 -78 166 11 -36 65 228
10 65 -42 185 31 103 -22 -13 142 0
-121 -90 22 -50 -7 40 -32 24 71 98
148 -57 21 -29 -8 -25 -18 -72 -189 -45
-8 -285 -13 -59 -100 97 -66 -161 -53 217
18 -319 83 146 -236 91 -88 -3 -21 178
-107 136 -207 294 -3 31 3 36 391 48
-234 -12 -108 232 -65 11 25 10 335 102
-109 177 -230 68 -6 -113 123 -50 164 53
-34 99 62 -151 158 95 -42 79 11 -32
148 -28 63 -82 25 -40 -97 125 -162 -100
33 176 -114 -146 90 112 11 0 15 94
-1 339 26 -32 217 17 97 6 -43 -236
109 -10 144 -210 26 -20 38 -48 -204 -89
-87 49 24 -122 114 -86 93 -114 -11 -49
-106 58 -98 52 0 -118 126 -165 18 -86
-145 102 74 82 183 90 18 -21 239 -53
17 199 195 -74 179 -111 72 109 -202 -269
135 171 140 -147 175 66 -68 222 -83 -62
80 -1 203 -57 87 314 -64 -26 9 16
166 -38 93 -4 -36 -40 0 20 -140 5
-66 -105 -142 -13 -106 1 30 -172 47 87
47 -38 -58 -31 -70 60 -87 95 63 54
72 -44 268 -151 118 299 -29 -114 -98 4
-174 140 -108 143 64 -105 60 41 249 -59
-76 233 -40 111 241 32 113 -171 98 -79
-89 12 -192 35 9 17 -20 13 286 261
129 -73 -206 74 -256 -99 -27 57 20 108
-89 7 -95 -12 17 81 80 -231 76 90
124 -27 90 153 -72 69 -120 241 101 22
113 34 -25 -63 -83 62 54 -70 -49 81
-140 -293 53 158 -98 -13 -88 -25 109 37
50 -5 -11 -109 -71 -106 -1 85 -66 -53
-48 29 95 -102 83 62 77 -117 18 31
26 -286 -5 86 -187 -90 -93 64 -10 167
45 -219 -45 130 -173 -84 -77 29 50 74
-36 109 -227 -133 -37 -160 136 -154 -45 -19
40 115 -40 18 -71 -140 75 81 -60 -87
-30 150 -73 -3 106 129 -43 98 194 92
-135 -156 134 106 -62 26 17 -85 -23 -75
22 -66 21 8 -104 -199 -93 263 -96 -186
7 -27 57 173 -116 144 7 4 63 69
105 -24 -174 -95 -28 162 -114 35 126 284
30 -38 57 -41 77 330 -21 -190 130 215
-21 -11 137 -176 174 150 -34 -72 -64 -8
-7 -123 228 -63 20 -45 -52 122 -151 -60
48 53 50 -8 113 161 28 -135 56 93
192 38 -2 -88 -149 -207 2 198 -252 -125
110 117 161 -114 92 -113 17 123 -242 -260
67 116 -28 37 25 -71 44 27 54 -52
-11 -412 -70 77 -282 -63 -111 -24 34 234
-4 -71 149 68 17 31 14 -19 -24 58
43 91 -98 139 -102 -21 -13 178 228 88
-70 25 -89 26 21 -30 79 -182 0 -38
80 191 -95 63 -11 -129 -27 250 15 -140
8 142 -48 -117 153 -66 59 -78 -110 -95
-9 -124 108 60 -57 -180 -77 169 -160 -218
-47 -2 -31 17 55 -195 -61 136 -121 -189
-119 -198 -102 285 -193 -132 -26 -15 105 -8
-48 115 72 20 76 -6 65 -1 -87 -117
34 77 131 4 116 125 -32 98 71 55
-18 66 -77 -115 -37 4 53 -70 -112 -80
102 118 -51 -109 98 169 -9 -58 28 109
-66 -33 187 -50 85 299 5 -84 127 197
-64 -101 -196 -64 -161 -146 -24 75 87 154
-171 42 -104 -17 -44 -149 90 -37 -45 -101
-29 219 166 -19 206 -61 58 130 -67 -186
-125 -290 68 4 -84 110 -92 -78 62 92
-48 -59 31 42 -16 162 23 -112 221 200
177 -114 -153 -130 -266 44 -34 8 -24 247
-16 -21 13 -106 108 311 -45 -148 74 205
68 -102 310 34 47 99 -100 131 -86 -122
124 -50 -83 -45 -137 -34 22 -97 -121 -22
222 -83 328 11 11 233 -110 140 -66 71
-81 125 -48 -122 208 -126 25 -41 -75 -202
-163 101 -169 -77 -28 -115 121 -85 0 -34
156 -228 -62 -80 -154 21 -179 101 -96 115
102 22 1 4 2 177 -88 73 41 86
60 -37 -3 20 -98 -71 29 -1 18 11
73 -85 115 -39 61 167 -139 119 41 147
-106 155 -72 79 -21 -179 63 129 -17 -206
188 -191 41 -12 -221 -17 -66 73 -166 115
-183 142 181 0 299 -38 29 15 -52 -311
-107 -254 -9 22 -115 -41 -121 99 69 109
73 276 -96 43 53 -228 136 19 -91 -239
81 30 -116 -38 -83 107 -66 123 162 216
-103 177 117 195 85 124 130 -104 103 -129
90 -37 -185 -39 -117 -355 -32 147 -162 -90
60 73 -32 6 60 137 -49 23 174 61
172 140 -85 -135 -37 -4 106 -107 -111 37
-96 -5 35 341 -97 109 71 -110 213 -31
-74 -276 32 -84 -1 180 -99 -169 26 194
-13 -262 -171 76 -206 144 -67 -162 129 335
-53 9 -105 112 -103 -109 41 8 27 -39
-102 470 -145 -115 228 -168 183 41 83 -223
23 18 -23 127 -106 -135 77 -31 -68 -131
115 -99 18 -154 -67 -33 -95 117 -163 10
169 -143 13 52 -153 14 -154 200 -49 65
-10 139 -115 -61 -26 42 86 -28 112 139
67 31 -112 -136 0 131 8 -146 -39 84
-168 -36 -177 -33 -2 58 29 -172 95 134
-152 182 37 139 128 11 36 125 269 -46
-15 245 48 -50 202 187 52 -31 141 -11
-57 186 -264 -105 110 -135 16 27 53 -30
126 39 -204 -18 -125 -193 13 100 37 123
38 208 -164 -19 114 86 43 -106 137 5
57 -234 -184 -34 -234 -56 -75 -23 31 211
15 -224 -211 121 -266 111 -50 -125 193 316
-63 73 -6 96 -6 -220 60 39 -118 -305
219 -24 37 -107 -146 5 -25 90 -260 14
-123 281 60 166 109 -62 111 113 106 -228
-37 -33 -139 -44 -78 -139 39 -25 -76 80
-139 -28 -145 99 -12 -49 -15 31 260 164
39 -106 139 173 -124 -165 29 60 -6 -121
-145 -5 -13 116 40 117 -20 5 281 126
69 -130 -144 -207 -134 -114 6 -73 -140 151
-75 159 -125 23 67 -83 123 -97 175 16
98 -100 -39 93 -152 42 -30 -23 -70 78
-4 -143 -68 -112 15 76 -150 60 65 173
-64 -149 -165 -95 -170 -19 -38 -9 -11 176
130 30 3 -6 -33 -7 5 -5 -161 -53
-151 215 54 -145 303 -49 65 2 13 -139
-76 102 -62 10 155 212 -15 -50 288 216
-92 -46 -33 359 -69 -30 -9 23 298 -8
-204 -183 -76 81 -140 -63 -54 46 93 27
69 -46 -84 -9 -106 -93 65 -118 -64 43
6 -308 65 171 -83 101 -202 96 122 174
85 75 126 95 77 15 -2 36 -34 -158
118 -83 16 -18 -118 -210 -92 204 -262 -223
169 -56 170 -351 63 87 -100 108 -268 20
61 -31 -85 -92 -138 -260 96 -62 -204 -97
-255 -89 -102 207 -27 -77 -39 49 253 17
137 -160 -124 -137 -109 -88 -85 -30 -246 24
-28 -40 -112 186 -88 -76 -58 132 146 81
14 -238 157 -45 -84 283 -105 -10 60 287
-80 41 -125 33 35 -259 51 -20 33 -148
184 204 262 -58 184 18 -17 222 -153 -179
97 -48 2 -261 63 -78 63 -196 -256 42
121 106 -42 -152 3 141 -53 115 -3 110
-9 26 267 55 125 77 -33 79 -61 -216
33 135 121 0 52 -95 7 174 -64 -274
-4 35 -128 -170 -37 -118 35 16 -90 50
-89 153 26 114 81 -161 11 178 13 -278
-176 42 46 -103 90 -10 95 -130 -79 -103
-64 53 126 -34 96 -99 18 115 -89 -109
49 -275 -83 160 -186 -58 -131 46 53 139
106 27 93 -181 98 159 -80 86 -53 103
-153 303 -160 150 92 34 55 92 329 -77
24 -115 73 -38 10 -164 -15 14 -145 -56
-83 -159 -139 88 -192 -134 0 -44 -104 2
-70 -70 -75 6 -58 23 -66 99 197 167
102 232 151 -106 158 -148 52 150 -266 -322
36 -106 -96 55 -91 -11 -113 107 147 92
-68 -160 -125 -49 -153 -130 28 -61 41 175
159 28 256 -149 87 323 -8 -63 -66 87
42 101 61 135 -40 8 -47 274 169 -28
-66 -51 -133 166 -200 -73 20 44 85 69
-38 119 -44 -226 232 -47 15 -93 -142 -148
-162 246 -23 62 131 -65 97 41 81 -201
-162 -1 -51 178 -71 -14 93 -125 72 -48
-104 244 -207 -13 70 -44 170 -181 126 -39
31 90 -284 -90 -68 48 115 -237 55 235
42 55 79 42 11 127 -18 57 -2 -1
72 -24 24 -190 -63 121 -7 6 -61 154
-59 -141 8 21 -106 -74 -87 186 101 88
-30 87 66 48 17 100 72 -59 75 -23
-155 54 -27 188 3 -91 30 67 134 -100
69 -78 -21 -74 4 250 -107 -9 119 271
80 273 -109 -86 38 -199 32 234 -83 -174
-28 -49 232 -60 143 -2 25 -68 -140 -97
-14 -165 98 -32 5 137 -147 92 25 90
-44 -273 -191 -77 -203 -62 23 -246 0 244
103 -230 -7 -55 -114 62 -116 -23 -98 125
2 6 4 -30 72 17 -24 -34 45 -59
-132 20 106 -136 122 23 83 -135 -104 -57
-108 -179 -90 -26 24 -10 -64 -109 114 123
45 41 -81 -48 -81 -73 61 -60 -91 -79
49 186 98 174 43 -42 46 128 85 -202
108 -57 -79 -176 69 -82 -114 49 -157 -21
-250 140 -111 213 27 105 90 -62 392 80
-19 30 -20 176 19 61 0 -35 80 0
81 -250 65 -80 -111 93 -38 -146 -82 174
-118 188 -127 -20 95 -127 68 0 66 -192
-190 61 -10 -87 70 -146 134 -133 -50 -162
-198 -23 -1 -15 111 -72 -10 29 75 7
59 152 211 -47 90 232 75 -43 13 -19
112 -196 52 -4 -85 230 -97 -74 0 238
-232 40 -110 78 21 82 -32 39 239 -3
158 85 -15 -225 78 -48 67 -124 -191 -27
-90 -189 35 240 -112 175 -15 -144 172 162
102 289 0 -238 182 106 94 -51 -50 5
-11 -73 165 -4 42 23 -9 4 -80 -7
97 41 -160 -208 81 17 -21 -64 -5 196
-118 120 39 61 88 -108 148 -139 -86 -218
145 181 140 -25 143 96 -75 217 -68 -136
-11 112 -118 -30 66 -81 17 13 -30 -49
23 314 -232 -47 73 -186 103 66 54 -75
-5 -154 -243 89 -287 -17 -40 3 116 216
60 -31 -41 -117 -6 -102 8 -52 -258 -57
0 209 182 -63 181 47 179 -178 -187 -180
-77 -137 57 169 -38 -82 -59 43 19 -128
-66 3 131 -124 101 -73 45 -53 -195 -193
-109 191 5 152 -10 -208 111 123 -21 -284
106 -154 34 177 -187 96 -55 15 32 129
-130 106 40 286 38 -12 20 112 202 -101
-327 63 -62 264 42 48 33 25 401 28
143 52 140 -74 54 32 -65 183 -75 -33
-134 31 72 178 -65 -84 125 -54 34 -155
-11 283 13 -23 171 -13 40 113 24 -194
-110 -137 -56 34 -163 6 20 -35 93 171
-73 -162 44 20 -16 54 -155 160 105 76
-63 -287 -4 127 -195 -29 13 -193 -23 65
-36 -234 75 7 -179 -147 5 -24 -229 -66
135 -17 28 -105 -69 -146 41 6 -244 -64
-30 83 -115 -16 -41 85 68 -128 76 13
167 -167 244 1 8 93 -199 212 -142 -62
47 79 100 -58 98 -20 9 23 -179 -173
149 -173 101 -8 -117 -73 -66 19 -262 -139
18 -324 45 -167 -45 137 -60 -239 -96 268
108 -70 -174 -258 -150 -183 21 -45 -268 24
30 113 -241 5 -112 -135 94 -8 81 125
-191 -6 93 146 56 24 85 -118 115 -47
-84 175 11 15 92 -265 157 -8 -32 -216
-95 -142 96 265 -71 -61 -33 65 145 -36
-37 -177 -190 -117 -129 -24 -53 -85 -82 152
-12 175 -95 154 -60 -125 237 -190 16 -21
28 -56 306 -22 56 165 4 -49 -157 -104
-143 -19 -104 151 -37 -35 118 -234 90 25
115 -162 105 -87 -87 372 -120 -27 37 262
-134 -37 6 178 -79 19 47 -30 109 37
41 127 -217 -9 -53 -166 102 -101 -71 -99
45 24 -111 21 -100 -32 29 -22 -37 18
95 -170 -147 33 -234 -102 -93 80 -67 38
15 152 -65 -82 39 20 73 -84 -28 -108
-75 -157 -108 152 -174 -29 -17 -34 124 120
25 16 -86 235 -118 -120 5 121 147 45
-71 -35 -20 -34 24 -27 -79 133 76 22
63 135 112 34 10 84 82 -17 -88 -81
-138 124 -35 10 169 -120 66 -55 -37 -163
-21 176 178 47 72 144 117 -54 -1 -116
-74 122 -173 -45 50 -139 43 10 68 -45
177 138 -119 -269 81 -169 -30 138 -228 -28
-110 22 20 135 32 98 -38 82 260 52
-192 27 63 176 185 220 -47 -41 286 50
49 -60 32 58 -33 78 29 -130 94 92
-160 99 112 225 164 -17 30 23 169 -185
39 88 17 -64 48 70 51 -43 -63 73
-92 299 -131 -37 65 -181 143 71 31 -137
44 -366 -138 3 -362 -58 -103 9 -47 228
39 -78 -88 -201 -4 90 -72 -33 -64 172
89 153 48 -150 74 93 30 14 -89 -44
-59 -7 174 140 111 65 8 -30 28 -65
15 365 -45 14 49 -110 121 170 -2 -197
110 58 58 39 42 91 10 -47 -75 -24
61 -21 -13 -153 -52 41 -10 -4 -143 47
-32 -127 3 -7 -115 214 -31 -72 110 211
39 -235 67 -45 -94 71 -115 16 -174 87
-114 -120 -20 71 -114 5 6 -59 59 2
42 114 194 15 85 -7 -51 258 -21 -194
2 82 113 27 129 267 -7 -65 79 45
6 -10 -190 -161 32 79 -40 -105 -19 155
40 71 67 -21 68 81 -12 13 -79 -89
-139 -20 -23 60 20 -11 125 -259 -18 -12
-116 302 38 126 243 -97 143 -27 79 -228
-88 -36 182 -147 153 79 -2 -40 -68 -5
115 18 -88 -160 89 67 -71 3 15 170
-5 24 -14 46 -60 -10 41 -26 33 -52
-30 439 -6 31 142 -130 150 160 52 -295
-188 -161 153 177 -27 40 18 -101 29 -78
-46 -131 206 16 -11 111 -5 -35 3 48
65 105 133 13 181 223 -40 1 134 14
-109 -67 2 -93 102 74 36 -226 30 68
-180 11 0 290 40 60 7 -18 219 -1
30 177 66 -80 155 -120 35 102 -112 -185
-64 72 -124 121 32 176 33 -146 319 151
-31 -87 52 187 -109 14 -17 48 46 16
41 151 150 76 -23 86 90 31 -21 -134
65 -123 8 -80 -34 -39 -68 39 -53 73
-106 68 37 211 -16 87 28 20 115 -75
-103 -2 -40 144 -89 -71 -24 132 94 -101
62 165 -9 -45 23 -80 -21 231 -38 -114
157 -126 165 -226 36 223 -158 69 -149 70
-118 37 107 131 17 -42 65 14 106 -124
134 -51 -80 -173 -116 56 -73 56 -109 82
94 -149 69 -54 -96 176 -27 -91 -49 212
39 15 18 -93 14 100 50 -149 4 30
-26 -175 -20 -164 -63 97 -73 -36 -37 183
-152 -21 -17 176 -107 -144 15 147 88 -60
-100 -190 -55 245 -175 72 -65 -2 200 127
91 -164 158 -165 -21 78 -96 61 -67 75
-71 -217 -200 4 -202 24 -135 64 123 187
71 -8 -130 -10 7 63 -16 -120 32 109
-18 -53 98 70 -55 -6 7 28 -92 -52
93 -86 137 -189 34 298 -79 -84 -105 79
83 -153 -5 144 -157 -16 -25 -31 22 74
198 42 -47 -182 -49 -310 21 98 -370 -188
-10 -80 -15 124 -29 -86 -63 76 34 -37
228 -160 56 -172 -34 184 -171 102 -7 297
-145 133 -20 215 89 38 56 -17 225 -37
124 -35 -129 -59 -74 -83 -76 72 -147 -12
13 -75 99 20 -46 -181 -93 261 -146 -176
-68 -186 -44 114 -174 -90 11 -47 -17 88
-33 1 70 -92 75 33 -58 63 -20 -114
-39 226 -200 146 -25 -278 77 165 88 -134
-117 -136 -46 41 -83 -173 -73 172 67 28
-21 221 -70 60 -5 -137 113 63 -17 -155
-11 -70 49 -83 80 124 -104 78 144 184
-185 102 -61 253 1 -8 -35 178 246 -122
66 -19 50 6 -17 199 -41 -28 127 78
-71 210 -168 75 44 -249 148 -59 37 -194
136 -29 123 -112 7 136 -19 -24 -122 72
-139 132 -141 -45 38 -153 94 -41 41 -130
-88 -150 31 -25 -111 23 -94 167 114 120
-120 85 -54 75 -11 -125 140 -119 -10 -130
-205 116 80 251 112 102 18 67 258 -58
16 -141 -164 97 -282 -77 4 -5 17 134
233 -106 19 -287 -43 197 -97 -68 -255 122
17 -80 -74 -18 -130 -186 -73 174 -103 -104
124 171 8 -15 -29 -50 42 118 -177 -126
-95 -37 95 297 -78 142 -32 78 174 0
-112 -111 -52 0 -73 -32 17 -109 -12 -23
70 -156 132 -73 -3 14 -61 -13 -140 -2
111 123 67 -157 88 7 30 -7 -215 -143
196 32 -170 -53 -240 -248 37 123 -195 -22
-235 -114 -38 222 -126 -133 116 -152 93 -33
-242 92 30 255 102 196 41 -58 413 47
70 36 76 -106 143 -155 26 -28 -144 -148
-217 160 -198 284 74 -30 99 -104 393 22
153 -3 247 -235 102 271 -23 -77 -148 19
-43 -118 -55 -67 -136 -75 -30 19 -99 -60
-107 -78 -28 105 -90 93 -46 26 129 44
223 -83 17 -63 -243 -197 -16 169 -262 -56
180 40 -98 -18 -47 -120 -56 135 -119 -21
215 53 -111 -176 -31 120 -1 -93 -72 156
-161 -15 -117 154 -36 -145 -73 204 166 -44
-56 264 -69 126 111 8 34 111 217 -105
-56 91 -66 -74 -55 -114 60 68 -49 -84
53 -152 -81 -161 5 12 -132 59 45 238
108 101 -50 -109 -63 41 -28 150 -38 31
-84 107 -169 -76 53 -115 41 -31 -53 -83
-144 20 151 202 110 17 -19 58 82 -195
-96 182 -54 52 96 62 47 -2 195 -54
99 -93 151 38 -49 222 -148 151 35 38
-1 -230 35 81 -161 52 -113 50 38 35
-110 -178 -94 225 -237 -9 -3 -27 149 132
96 181 -40 53 108 113 71 -165 -38 -67
5 301 171 33 184 -120 84 170 -70 -360
75 87 -4 -137 35 -6 -6 40 -137 -104
-164 -118 -79 101 -91 -18 -24 -3 127 65
-160 164 -137 12 105 -325 136 -37 28 -211
-305 -83 -12 58 65 120 21 -142 236 120
63 110 -101 -74 -54 24 29 55 75 108
87 149 10 41 -52 -119 40 164 -49 -150
36 -54 40 -50 7 -125 -83 188 -61 -28
-5 55 -75 17 -27 59 53 -57 93 145
135 130 51 -217 91 154 55 -114 -104 19
-20 50 243 -215 200 -17 81 -94 -226 -160
9 -113 -72 17 -208 -122 -50 132 -110 -31
-154 3 -143 131 -107 76 10 38 287 217
46 -301 57 -170 -101 31 -149 73 -63 218
-199 124 24 181 29 -199 117 29 13 -289
-91 -39 141 265 3 151 -61 92 191 -15
40 -366 90 47 -223 -22 -103 -15 -190 45
-23 -139 -64 45 -169 -71 -36 56 -12 70
-37 68 -167 68 48 -128 22 -53 48 -75
2 96 -30 -109 -25 -145 57 75 -211 -118
-6 17 145 46 -11 23 9 64 15 -132
-228 71 -74 29 30 -145 85 17 124 -36
62 -134 -57 -75 15 -122 -91 -15 -120 -66
64 226 -161 137 45 -159 60 40 48 -157
-24 159 -3 -128 162 1 59 -22 -30 7
81 60 -133 99 -40 20 -74 131 160 69
53 -78 -178 -85 -131 -70 -46 -1 -11 41
19 370 130 -173 294 -190 93 152 -233 -423
171 113 93 -124 39 -55 -43 213 -243 -129
99 40 240 -42 164 240 -65 42 57 15
142 -27 11 -5 -108 -57 50 -54 -73 2
-134 28 69 -60 105 -118 54 -3 21 -106
67 -35 215 69 89 232 -11 -127 -38 -22
19 202 88 16 105 -148 61 151 -88 -215
81 36 -69 82 0 44 -11 -47 -19 11
43 -62 152 -26 -91 -34 23 33 -140 -112
-95 -193 138 123 -90 15 -1 -30 40 60
-37 156 224 -182 257 -19 65 3 -167 -219
-147 347 -32 11 295 31 114 -25 210 -80
-184 -34 -150 138 -103 -22 115 -202 150 84
-42 31 39 -158 72 -46 -28 109 -82 -48
159 -40 22 -50 -161 75 27 -32 -79 104
69 85 -306 -63 -87 -47 32 -59 56 151
97 -125 64 22 -134 85 37 -129 -34 138
-26 -136 23 -42 13 215 -50 -150 44 174
96 -122 140 -225 -15 176 -95 27 -216 70
-45 -130 2 247 -192 61 1 -10 128 119
-56 112 203 -24 236 -85 10 79 -109 -281
-106 96 -17 90 68 139 83 -125 190 117
21 -12 22 -106 45 50 20 -65 75 133
148 -5 171 -146 -3 58 -47 105 -284 -86
-53 0 233 51 175 65 -5 16 79 -27
44 129 112 -211 174 69 -25 96 -66 -52
24 -172 -70 38 -94 -239 -29 -23 -142 -77
-141 44 -104 95 -46 68 78 -136 128 16
3 94 131 -132 155 159 -56 130 60 53
-75 207 124 81 237 5 87 -59 -15 -241
115 -66 117 27 -41 -23 -63 150 -75 34
-24 191 42 69 136 108 -7 129 207 15
-73 208 140 -80 283 165 -9 81 129 -34
-215 11 -75 257 -15 23 -71 174 359 24
-96 -152 54 210 -104 -14 79 -201 17 -8
36 73 -41 -123 -26 -197 144 -125 -175 -140
-74 -230 -24 -51 -29 290 -73 -210 112 329
61 98 150 -89 121 50 -12 80 -95 -114
-39 0 66 60 27 -55 19 -6 -81 -136
-135 -72 -83 0 41 -35 8 -127 126 28
-151 -107 -164 23 -46 78 40 -233 180 225
-211 41 -52 -7 153 128 61 -218 156 69
-19 129 61 159 46 -25 -17 175 94 -165
-37 153 -10 -134 229 16 22 -57 -3 -85
-191 131 -39 180 7 -113 111 44 223 -47
28 -7 -92 225 -115 -61 -100 218 116 -44
-3 126 40 53 110 -62 110 -111 -72 -119
-52 9 156 142 71 272 -10 -72 65 19
-12 12 -100 -131 141 55 -37 -80 67 144
-72 -129 -186 167 -190 -84 6 -58 46 110
-23 -209 -119 -33 -100 60 -4 -247 12 195
-68 -43 47 83 74 153 -63 -23 74 44
-18 105 102 43 8 -17 126 -51 -63 -86
-19 -203 189 -163 39 176 -131 28 -102 73
26 -134 66 -201 12 -8 -82 66 -54 90
31 -103 37 -32 -108 199 -46 13 93 246
25 3 81 86 73 146 20 -152 27 -10
40 -107 109 8 87 113 -51 -100 -1 57
-24 -80 6 -96 -13 -135 -54 132 28 17
9 125 227 -104 139 61 72 -41 -250 -244
5 34 144 57 171 263 -87 20 159 39
19 -129 -193 38 -192 -251 -24 31 -151 -40
-201 125 96 330 108 -6 48 76 276 -138
41 72 -127 -155 40 54 13 -80 -31 84
-171 -47 -22 171 -52 -108 96 -138 54 -110
80 -74 -104 -90 -94 171 -63 -48 -32 212
37 -66 -148 208 -231 39 11 -15 149 206
-34 -144 -122 11 -123 -131 -25 -10 73 70
2 46 16 -57 65 -33 71 -153 -223 -152
39 -154 -168 -116 -100 -109 -136 130 39 134
-22 -114 -20 -99 -84 -6 -53 17 -143 -17
-43 159 174 27 108 46 139 -81 -33 -133
-34 66 60 -45 101 218 -9 -69 96 -4
-34 -171 -68 -26 -89 -91 -6 -92 -54 77
160 109 1 40 -66 -173 9 177 -132 -176
130 -111 24 -156 -92 -134 -29 27 -289 -76
84 -102 111 5 -92 106 -72 88 -46 63
37 101 110 -208 167 58 10 -15 -199 -100
-42 -239 -201 -2 -176 71 -88 -76 141 322
-81 260 -72 61 153 50 10 118 211 -58
248 -124 39 -135 -73 185 -127 27 -141 181
87 -55 109 -173 -14 118 -17 -22 -77 77
-34 23 -159 116 -123 44 37 -82 104 34
165 -188 225 -79 -121 -45 -46 42 -326 -131
-155 29 -29 66 92 -72 63 -110 95 -83
12 -151 136 41 -121 -114 -17 103 -64 -29
-60 -233 18 92 -70 124 -76 -85 134 195
82 2 -52 83 -2 58 -39 -2 7 87
120 -131 -108 -194 -194 -71 -30 11 -159 114
25 -49 227 23 87 23 -133 236 -49 -135
-141 154 145 26 194 8 123 -104 -93 -188
103 -120 -86 8 -81 240 -89 -94 98 273
-110 84 112 -60 156 135 90 -197 -57 -109
-10 -264 -3 152 -251 100 -64 1 137 262
207 -109 96 -142 -115 135 -112 117 -118 97
43 79 92 33 177 -53 -18 5 -88 -229
74 -112 -101 -206 -67 -109 -82 43 -174 -7
27 -99 -200 82 -237 -218 19 -13 -148 -41
-29 4 42 189 6 -43 -56 163 93 -48
120 -214 31 -3 -171 -13 -144 142 -130 32
-211 -18 -189 18 -48 -92 37 -46 107 50
12 72 142 27 33 -48 52 33 -75 -199
-59 27 -182 -105 -18 -115 62 -106 -21 14
-72 3 -189 126 -54 21 36 -111 147 153
151 38 78 46 -102 -74 12 138 -108 -75
-41 -131 25 151 -163 184 -14 -16 163 265
60 -102 89 198 -77 37 21 -90 85 38
-117 178 -17 70 153 30 -3 109 118 -53
80 146 15 -154 204 118 -8 -69 -44 -49
-101 -227 85 41 -70 42 -83 14 57 53
54 -47 69 81 -12 -156 -83 173 -97 -218
-48 37 169 241 44 174 -41 84 185 -86
75 42 -79 -15 -173 -159 55 72 -161 -98
95 -26 159 59 -23 148 -49 39 -46 -71
89 167 201 -82 98 -64 140 -58 -272 -260
159 16 154 -357 101 33 -88 146 -244 -67
172 -65 2 -118 -123 -64 13 -30 -300 -10
174 14 13 -67 -51 121 -67 104 7 128
40 -84 -67 80 -66 148 37 -248 73 171
214 -94 -8 -14 -58 62 -71 -45 -139 63
97 43 184 73 -15 110 34 -33 -113 -170
70 -24 -33 -76 25 75 -130 113 -30 19
-172 -83 21 -110 76 -12 56 -209 -96 -52
-122 -126 66 18 72 38 -26 -85 66 51
-53 179 -51 54 -11 -107 61 127 -37 -145
30 190 145 57 127 18 10 132 25 -237
13 109 -68 127 38 -131 48 -7 35 -141
-72 -172 90 197 -135 162 -16 -78 125 92
259 53 81 -220 71 -25 -72 117 -288 -92
194 111 -104 -155 -23 55 70 -145 -68 52
-105 -45 -259 80 -73 88 -36 -62 259 267
-79 176 -118 218 -40 -32 100 14 248 -6
190 31 155 -232 81 120 11 -78 -218 -19
5 -28 42 -32 -120 -167 -4 186 -91 -93
-59 42 59 -56 207 184 -107 40 96 -12
-159 -87 180 261 -23 136 5 -41 94 -82
-10 194 -30 -8 139 -170 133 -59 4 -105
-69 -107 123 -28 122 82 -46 -90 24 -18
-207 181 -56 19 197 -72 71 -30 142 -145
171 87 53 -115 16 -44 -24 123 -216 -115
-56 48 -35 197 -112 42 94 -53 178 68
73 -38 -121 174 -136 -88 -83 171 109 40
-2 83 -145 -69 119 88 31 -171 102 140
53 173 -68 -54 13 -14 125 -80 -18 32
-1 -93 -74 -30 -117 -57 25 -60 5 100
161 -101 -5 83 -113 173 -58 -42 -22 205
160 78 44 -140 -22 -51 110 -109 -257 -71
-45 -74 87 18 -65 -46 10 0 -47 -138
237 -42 -9 -72 -86 148 -31 -85 -181 104
48 -21 -75 140 -217 -146 23 118 -6 -9
2 -33 101 -201 89 -142 -2 44 -231 -91
101 -209 8 -56 -117 97 -66 -99 -172 138
77 -181 -65 -185 -27 34 -150 32 -119 131
4 -19 158 -89 72 109 -19 -8 -14 -35
-88 110 -100 133 -57 -107 77 36 25 -76
16 105 -236 -16 -91 -231 102 -31 -18 -26
52 129 -108 -26 26 -250 17 166 -79 -66
16 138 103 104 74 -22 99 -19 19 -88
56 102 91 -72 142 43 1 11 -42 -86
49 105 33 132 31 124 -32 86 91 -22
-25 69 100 -76 144 59 -57 87 36 -143
-118 65 -300 61 -96 -1 30 -29 229 168
240 -109 214 -63 -90 136 -94 126 -222 62
-78 -34 -288 70 -72 -76 -110 127 208 116
135 -14 -116 -122 -25 211 -57 -62 21 296
-162 41 -192 4 -3 -60 61 -85 166 79
11 -60 112 -102 29 -194 -45 156 -202 -158
-116 302 34 -39 254 -68 89 36 -35 -283
220 3 -77 41 -171 -75 -12 98 -30 68
69 70 -155 -43 -33 208 -2 -81 161 244
49 -96 124 20 4 -19 -74 102 19 -19
-16 -19 -216 -192 44 -129 -16 -47 -33 132
-175 -74 67 209 40 77 -10 -58 163 -8
1 116 -41 75 -84 -37 134 -62 13 -19
23 80 -153 0 -55 -179 7 119 55 -38
68 -11 120 -66 24 -245 -8 164 -219 -175
-58 15 13 163 51 107 -42 6 140 -17
-53 265 25 76 19 -37 202 -60 40 -154
224 -140 -52 -96 -163 -131 -59 37 -239 12
123 -138 -119 10 -248 -55 -5 5 4 220
88 -142 176 -114 -16 -37 35 -119 -262 -25
124 -19 65 -71 53 81 -51 9 -93 65
111 162 -26 64 40 -60 17 92 -49 -95
-119 149 80 -48 200 77 108 -156 15 -90
-18 -261 -72 -68 -71 51 -80 -133 50 224
-130 53 -104 186 71 29 -11 -11 249 43
2 123 29 37 96 -255 84 3 -151 -311
-1 17 -18 80 3 -24 -4 65 69 97
-66 -171 -72 -5 -79 59 -42 -90 38 174
151 -8 164 33 10 94 -108 157 -110 -126
-106 268 -14 -4 155 -62 92 30 51 -246
217 -46 8 -349 -32 -125 51 -136 -376 -63
18 96 9 -141 140 -47 98 -145 -79 -6
-150 -21 28 232 -14 255 79 -230 284 153
-49 -278 -108 2 -163 -4 7 -253 -26 180
-128 -79 221 50 119 282 -4 -148 109 61
150 23 205 -92 53 -188 -7 137 -282 -290
117 56 65 -102 -22 -167 47 55 -226 -196
-55 158 160 55 106 12 149 -72 -71 -102
84 -149 -1 -98 -82 -156 -28 7 -162 6
42 -79 27 -18 -21 60 -17 -70 -120 55
-23 -180 -158 18 -149 153 -96 -48 134 285
-31 -136 32 -57 39 34 -24 -127 49 66
-31 175 40 -127 184 184 40 -55 72 55
-41 170 -299 -154 19 -294 74 48 1 -19
85 156 64 96 90 7 19 69 24 -103
93 81 -77 19 -37 -61 63 -9 -51 88
-5 52 27 69 30 160 -23 35 83 94
-130 218 112 130 141 -152 145 36 10 -249
-76 -7 138 -55 31 -15 25 3 -79 -173
20 68 199 28 160 -7 -3 48 -68 -199
-27 25 207 7 78 -102 3 128 -161 -228
44 -158 31 17 -137 112 -32 -67 -21 112
-182 106 -149 132 67 21 25 5 367 103
-183 254 -101 -77 271 -11 99 -115 89 -98
-47 -35 -45 -4 -72 207 5 -86 120 204
177 -72 -17 -266 11 17 -69 -60 -321 -29
135 35 76 -205 65 206 -59 42 -46 152
-9 -224 -136 50 -241 -116 7 -96 -78 127
-22 81 22 7 109 135 17 -25 109 156
21 -128 67 -133 -68 115 -81 61 -50 118
142 -221 39 79 -183 -169 -142 237 -76 16
-142 79 -242 161 -15 -211 36 19 200 -77
15 -51 164 -177 154 111 -128 81 -83 -98
-157 16 3 348 -60 105 47 -39 244 31
-23 54 -109 -25 -84 -198 -6 161 -134 -150
107 -291 26 -2 -234 -120 -97 97 -137 99
-48 -33 -243 34 -106 -17 -100 133 221 150
-86 91 264 26 151 -76 108 -7 -131 -234
-34 126 20 -14 148 -149 22 51 -69 -235
80 155 49 -192 162 -84 11 61 -209 -187
3 -292 -104 81 -212 243 -101 -131 162 390
-43 15 5 59 -3 -134 84 -84 -49 -135
174 134 125 -119 108 106 54 -109 -258 -149
-40 68 195 -129 204 195 -19 13 48 28
-76 251 20 139 126 94 86 -31 66 -175
47 -68 -49 44 -104 -271 -72 214 -111 -153
-61 -203 -167 -88 -92 -116 -6 -152 -36 156
-50 238 68 165 238 29 80 -54 87 -173
-28 -204 102 65 5 25 -74 -61 -8 -8
79 -158 152 -55 -37 -75 43 -119 -243 6
-80 -154 102 -2 102 249 -150 11 171 169
12 53 162 127 -5 83 36 -12 -38 -202
-75 278 -33 -106 230 -47 79 51 86 -46
74 -95 56 73 -157 126 -56 59 -5 58
11 -12 -10 140 -115 -239 34 128 -6 -87
-241 111 -43 330 -9 -31 48 97 282 -79
18 149 -27 -169 163 89 -21 68 73 113
72 -18 232 -117 116 -4 69 -121 -215 -80
-230 -186 114 300 -63 -52 -83 141 184 -84
61 -11 -21 -228 101 -173 31 -81 -201 -36
-15 63 -7 197 36 -50 -9 67 91 -89
-55 17 -198 68 -43 -22 -3 -3 208 155
-19 -40 -175 27 -88 -124 -36 47 18 7
-102 -113 -2 233 -120 26 -49 70 181 43
-82 140 -82 15 86 -1 97 -141 6 -79
153 -41 224 -20 -37 180 -52 73 -99 -3
38 172 5 34 28 -132 153 -96 -141 -208
-211 -55 -134 -31 8 -30 103 -269 19 60
-97 -23 22 120 52 179 -62 30 319 150
-107 114 -29 -68 126 123 127 -252 26 51
-135 -72 -84 -60 -51 -229 -19 128 13 -15
-38 -169 185 25 -76 48 -20 15 -88 30
17 201 66 -28 113 -170 -8 260 -101 -275
-71 142 -151 85 4 -123 133 -151 -18 -160
-141 5 -28 -109 142 -50 0 -56 -30 -52
17 79 126 118 -45 -109 78 111 2 -114
103 130 -136 -174 -18 -108 58 -17 -74 -65
84 142 -32 68 -21 -33 -4 158 76 -54
-47 7 -121 -7 86 96 -118 60 142 82
69 -35 67 -59 -25 23 -55 123 -61 66
182 62 165 70 106 95 -23 9 -34 -67
112 309 167 -217 260 -28 71 83 -207 -262
196 -55 184 26 -50 164 -167 271 13 35
22 -1 156 27 70 94 42 -124 -116 -80
-35 -6 -75 100 25 174 36 -200 189 203
-74 -125 -261 -66 -136 -110 68 -244 16 136
269 -111 22 -4 -167 -50 -130 218 -95 53
82 -188 99 -33 1 71 -158 113 22 133
-49 -17 -27 145 -23 -175 -17 115 17 -82
-141 -80 143 168 17 123 -7 -37 99 -12
90 56 306 9 110 192 -30 96 -64 -67
179 -4 -36 19 -197 0 -32 142 -43 55
-32 -109 13 316 -122 2 36 -96 210 46
272 -97 48 -4 -106 91 -110 85 -73 103
150 15 172 22 -5 142 -40 115 -57 81
194 -47 165 18 -45 -81 -59 152 -155 -144
-85 105 -65 147 -9 -3 -18 139 136 -60
24 -249 -104 -15 -92 217 -120 -124 155 376
-19 80 26 97 49 -47 30 5 -40 -158
-184 17 32 75 116 -73 -2 25 97 -139
101 -7 -87 -280 -24 -133 -60 130 -163 3
-89 -72 -158 55 -105 -36 64 -160 85 132
-6 55 -66 49 97 35 -17 -40 121 24
-122 354 -70 85 153 -46 99 102 206 -185
47 -79 -112 -174 -91 -209 96 -177 -202 2
180 45 89 -197 88 114 -58 48 -146 32
7 -89 169 -23 -45 -143 -8 129 -190 -109
-215 36 -61 68 -4 62 -10 90 268 83
-76 178 -168 194 -53 13 120 -79 228 11
-40 167 120 223 20 40 81 81 139 -102
-54 -111 -68 6 -18 -130 -26 -11 38 36
-75 -9 -87 50 8 -17 -24 6 181 22
-223 38 54 126 83 30 52 -36 183 -46
101 -24 -82 49 -181 -26 54 -67 -69 38
-20 9 -240 -33 -101 -99 99 -157 99 164
16 -17 -56 80 -150 71 32 -1 81 182
-157 64 -61 -59 36 -79 27 81 88 20
71 -285 96 30 -66 160 -143 -42 -33 173
147 228 -52 -263 196 29 -4 46 -63 -3
125 -140 129 48 -100 118 -132 127 -120 -6
-72 72 37 88 96 -22 38 11 162 1
-77 153 -37 21 68 -221 69 75 14 -245
-70 95 -158 48 97 -54 37 -105 148 -37
65 144 -249 -64 -109 -39 109 -82 17 131
-221 148 -14 168 127 -90 86 15 223 -100
-9 60 -240 -34 37 65 36 -180 120 203
9 -55 162 126 -59 -11 49 -29 -29 -89
75 -42 87 64 -2 200 -95 61 35 75
69 -18 -39 81 -26 55 -68 77 171 118
3 100 101 -8 52 71 1 124 146 11
-199 89 42 178 78 -14 25 68 185 -133
-3 10 44 89 13 56 -46 92 81 9
-6 -75 74 70 -34 110 -91 131 127 106
77 -113 -87 94 -107 -44 -96 112 73 149
148 47 192 -213 129 190 12 -133 -251 -102
180 -101 -6 -157 -102 -165 -30 10 -419 -129
10 -246 66 40 -92 207 -119 -48 10 180
116 -121 23 -207 -70 155 -47 -59 -116 209
-22 -261 72 -86 -48 2 -144 86 -12 105
-26 295 41 42 154 30 86 72 92 -123
40 23 0 -153 2 12 76 -138 -64 10
19 149 -267 151 -128 -208 109 1 35 -11
-132 -143 -102 118 -117 -41 49 -165 123 102
-128 102 97 75 101 -112 40 107 37 -189
26 153 81 69 168 35 69 -66 72 -60
95 -116 186 -75 14 197 -29 -131 -134 6
88 -52 -92 -21 -142 -147 -70 185 7 3
134 -73 55 -95 -23 27 -54 11 -172 10
-73 229 -215 142 -31 -92 104 33 191 -15
132 -87 -233 -144 -237 -303 13 56 -181 59
15 -184 12 -48 -4 254 -81 -172 59 225
-78 -59 46 122 -31 -183 49 2 -7 -98
134 -54 -3 -68 -93 56 -81 133 20 153
77 62 -7 -181 43 -9 -54 140 -122 8
-184 62 -168 244 -15 -146 38 40 243 -21
48 234 -40 -43 151 72 59 -25 28 5
-23 -124 98 140 -115 -52 53 -87 -36 -67
-82 -45 -109 19 27 127 -5 -147 189 196
-31 -308 40 13 -91 88 -101 -97 -94 155
3 71 -113 219 -71 -50 82 -107 83 -76
154 -50 248 -177 7 16 35 -47 -352 -109
213 -70 -200 -103 -151 -150 -89 88 -178 31
193 -182 81 -330 -31 82 -117 -7 -288 80
75 -151 -17 -231 -116 14 -61 -28 -239 -1
70 -123 -32 38 -195 -55 -56 147 64 148
93 30 -5 -116 -2 -39 -28 59 -223 -89
77 42 -50 -56 49 -220 32 -14 -185 -146
-48 12 -165 62 -84 -132 8 25 70 -52
163 56 225 -30 -15 55 44 51 -204 -79
-175 17 -109 25 22 -27 18 -28 159 14
-19 -110 159 -29 -11 -58 23 -64 -190 -150
130 -160 -95 -59 -142 -11 -77 -17 -38 118
178 -115 137 -211 -25 -41 -13 -66 -329 -99
133 40 30 -142 -36 163 -1 -30 -80 56
-38 -29 40 28 -29 -131 50 -12 -50 -92
-193 117 -93 64 58 -135 40 75 155 -125
66 -12 -71 21 -130 17 -57 150 92 109
-80 -206 -49 229 -68 50 -106 1 170 169
-22 51 -196 -7 -119 -141 -30 183 60 14
40 -261 -94 -18 -244 -208 13 -94 -175 70
79 192 34 -101 171 31 79 -99 -113 -100
-233 -26 0 70 31 60 71 -158 182 4
-39 175 52 -56 95 38 63 21 4 -113
-44 53 -10 81 107 -83 -28 50 16 -144
154 76 -87 -176 13 27 -47 90 17 120
-248 18 2 321 -27 -46 0 156 325 -17
-35 103 106 102 169 81 14 -37 54 -121
-83 69 83 -329 172 39 94 -155 -215 -13
-81 7 17 53 -31 -160 53 24 -92 -161
24 85 28 84 -19 46 18 74 153 11
149 -8 227 -86 46 119 -2 -11 -131 -29
-275 113 -64 181 125 -114 75 -26 208 -139
121 38 -95 -14 -93 20 -8 16 -51 25
-139 -194 51 93 -116 -39 22 -86 -21 16
8 420 -2 84 135 -243 161 163 -1 -352
-67 -19 -109 -23 -73 -103 65 -99 -15 -36
39 -225 -122 47 -159 63 -125 26 169 287
27 3 135 -176 110 104 105 -265 -167 0
51 -118 80 -214 16 162 -95 -33 -181 22
-4 320 -61 25 164 -59 83 65 108 -152
-31 -76 4 -82 -2 72 22 -149 -98 74
-94 94 2 -116 145 -165 91 -85 -107 -186
156 -335 125 -272 -161 124 -147 39 -192 260
54 -28 -162 148 -154 0 -82 164 252 184
96 -131 -39 131 -127 58 -110 62 69 77
-11 -155 93 67 -134 -36 -28 58 -28 -2
101 -28 10 -291 -24 41 -24 -19 -277 -8
-27 -120 64 138 -24 65 -121 150 174 103
-156 46 -24 9 54 -53 41 13 110 -2
-146 -65 -165 76 -86 0 35 -96 193 190
-198 157 168 209 106 -76 116 57 86 -242
-65 -30 131 -15 87 300 -16 -114 97 125
69 -79 123 -125 14 169 57 -212 -12 169
125 69 -103 -111 -27 -73 -38 133 -4 42
-261 127 -47 -21 252 -1 18 -32 187 -67
-82 -182 -96 19 -38 22 -92 -46 76 120
-34 -279 -119 269 -253 22 -107 27 258 242
-23 -92 51 99 -211 -135 37 106 -85 -29
79 -190 98 -76 -128 -84 8 -51 -226 12
-89 -211 35 -40 23 273 -117 -113 119 224
31 66 132 -96 122 -138 3 60 -239 -318
-50 -3 63 -78 133 -100 -64 108 -111 -142
-164 -23 21 235 -81 111 31 9 269 119
-162 22 -156 -154 43 -46 18 -59 -37 14
161 -83 -93 -149 45 119 -146 0 22 187
-73 -1 68 -116 199 9 -50 -3 -36 -57
-11 -24 165 60 64 39 -2 -34 -55 -159
36 -40 -3 -192 -44 29 -43 73 -94 85
51 29 176 -149 125 135 13 -81 -119 -64
64 -3 -92 43 -64 18 -26 50 118 167
-132 227 118 -110 189 -15 179 -108 -85 -162
-69 -159 28 33 8 264 -18 -216 124 288
62 -13 -102 -166 -59 -272 96 -89 -201 -55
-74 189 -100 198 62 -58 158 -133 154 2
30 335 0 -52 210 -113 75 117 -42 -220
63 -37 178 -88 54 71 21 -106 -226 -112
132 -271 32 -116 -226 -35 -146 163 -143 118
-161 -22 -121 34 92 -79 11 -116 150 -19
-37 176 -340 9 -36 -162 80 -61 36 -57
10 -81 -144 26 -142 -279 -31 108 -104 -103
159 -132 206 -81 -122 76 -67 88 -231 -62
75 -5 66 163 -18 40 -116 209 62 -57
-53 -66 -211 -91 -45 -185 -31 38 79 112
15 85 -14 90 -53 -137 42 110 24 -104
-41 55 -33 8 54 -40 78 -127 -44 -46
4 152 197 137 132 132 -25 122 97 -217
28 144 -110 64 -41 -322 139 -43 -166 -310
-132 177 -35 37 105 127 89 -79 181 44
54 146 247 -91 148 -67 75 36 -234 -315
-26 133 -52 74 54 154 67 -104 155 108
37 -116 -65 -11 -171 231 -45 -32 143 329
101 256 109 -61 91 64 87 62 -146 -108
-25 184 -220 -55 78 27 -53 120 150 35
-27 282 148 -45 227 -116 115 52 -150 -333
-9 -13 -55 -38 -86 -172 129 -115 -115 22
150 0 -176 -134 -104 73 -13 -45 -16 237
-124 7 -241 10 -96 -146 94 -113 68 82
17 -70 127 -3 -11 60 -57 79 -18 -11
-58 190 -179 -91 153 -49 44 -16 142 66
-35 -27 -34 -202 9 -96 8 11 -145 17
-293 119 -86 38 167 12 88 -134 219 -37
-82 158 -8 -98 256 -64 70 -137 -104 -198
-175 -46 -64 48 -14 -166 113 -157 25 -28
-4 70 -7 134 28 92 88 -198 -8 -44
50 27 204 -89 86 46 58 -65 -190 -83
-117 -76 -212 -65 -58 -158 -9 -40 29 20
108 -30 -68 -162 -94 58 35 -115 -81 133
27 249 119 -190 209 194 138 -170 -75 -34
-121 -24 6 119 -24 205 -5 -61 136 107
85 159 -32 -281 123 52 104 -203 -203 -63
-65 114 95 -131 218 89 21 -15 56 21
-142 144 -79 65 121 -42 84 -38 277 50
-1 156 -248 114 -69 -203 17 121 19 -137
-42 -26 97 -190 135 17 -6 -55 -98 -34
-227 -87 -74 74 -9 6 -71 66 204 33
95 -347 -12 -56 -199 57 -194 79 -50 206
108 122 -192 9 -129 -95 104 -78 -34 -23
76 -55 -223 -268 -72 -104 29 -154 -255 112
-69 58 53 -41 -13 -73 54 47 -44 -148
85 23 -22 85 -129 27 -52 198 70 80
-264 10 -16 65 201 179 4 -155 300 121
132 175 -26 -58 142 -100 40 13 -82 -74
164 48 15 143 -100 -49 11 84 24 -44
6 141 11 58 93 -20 80 -56 25 -72
-2 253 55 58 192 48 20 92 82 -158
-187 -78 87 99 -19 16 39 -60 124 -48
149 -300 175 -61 -120 34 -92 -57 -312 3
15 -121 43 46 -51 213 -72 13 260 304
66 164 -97 -209 136 -208 -5 113 -173 -160
-30 1 55 -46 85 72 -79 80 -20 -47
26 -124 82 82 -99 144 -26 -9 119 199
-136 -59 49 74 22 -43 -75 148 164 -64
246 13 -60 -52 -14 92 -123 102 -5 86
19 94 -75 -79 124 55 -66 71 83 43
3 -20 29 -221 129 -68 71 -200 -136 -12
-18 -269 77 39 -148 113 -121 29 22 106
84 -11 -146 22 -41 -95 -52 22 16 -45
33 -142 8 29 -212 62 -38 77 26 185
-19 89 -17 37 34 -73 5 84 -46 -113
-82 -28 -31 16 9 64 10 -86 -51 46
-185 -57 69 163 5 -133 16 59 82 -112
-135 212 -44 138 116 -49 8 138 107 -219
30 47 -105 90 -80 21 -67 174 198 69
82 -65 308 -35 55 176 13 -74 -126 -21
-152 -47 -26 133 20 -159 -71 169 40 -106
-129 -189 -75 145 -118 -141 5 -70 142 43
21 -126 100 157 -123 17 -147 244 -5 -97
-79 136 85 164 178 101 21 -24 166 -103
32 -261 44 -16 -200 -5 -121 78 -90 -12
244 115 188 0 102 63 -53 124 -140 -176
-175 215 -58 96 116 -315 115 67 6 -362
-103 262 30 35 203 134 69 -22 182 -97
70 -70 -81 -29 -75 59 -84 95 172 245
-38 152 -60 37 184 -187 37 -10 -96 -233
-217 -30 86 154 83 -3 10 -15 142 -92
-91 82 -234 167 -102 76 -51 143 351 163
188 -81 -74 -151 -65 60 -13 -112 -88 228
-261 -93 57 292 -23 -11 -26 64 252 -62
-59 49 -88 169 -34 -257 108 -34 75 -98
42 -127 201 21 31 319 -104 -29 16 106
10 -17 -104 -1 -17 213 -86 43 236 313
8 -175 13 -43 28 99 -151 20 52 96
-191 -107 166 10 146 49 -36 -53 67 -90
52 -28 -59 98 -191 -43 16 48 0 8
-145 69 -143 22 133 31 57 -182 211 84
-169 74 -12 128 160 199 13 -125 308 66
-3 87 51 98 4 -105 37 106 68 -121
-212 -24 -161 230 -40 -138 81 -132 205 -23
132 -165 221 -79 -26 78 -47 -18 -135 37
-34 -44 62 -67 -109 -133 77 18 -117 -48
110 102 171 -180 84 -66 51 39 -367 -208
-6 80 -45 77 24 0 0 35 30 -42
-151 196 100 291 66 8 84 131 304 -80
5 113 24 104 -37 -165 -6 256 16 -182
-72 204 -88 -99 136 8 126 -109 68 67
83 -239 -14 3 -108 126 -110 -53 88 247
-90 -38 -105 -109 11 -146 -41 95 18 35
133 -192 80 -134 -150 97 -139 131 -132 97
-123 8 80 211 21 -12 -67 233 188 -20
-64 3 -53 -140 84 84 -77 45 -3 67
-38 219 -185 -39 -42 -115 77 125 66 2
10 -24 -183 61 -151 -168 48 -58 -77 -48
-175 -82 10 172 -14 345 10 -201 323 254
-72 -45 -170 99 -123 -195 -34 151 150 48
133 -128 19 -94 -53 -240 -103 180 -252 -100
-113 113 -19 -48 24 -18 136 -109 -42 -32
84 -80 12 53 -63 -188 -49 128 -88 -62
-101 -40 0 103 -98 -143 -20 186 23 -46
56 -165 -87 -213 -90 -79 -47 -36 -208 115
-9 56 -45 -19 113 10 -21 -7 8 16
-41 -56 338 125 57 139 34 -53 -34 -123
34 -153 155 -174 -24 186 -87 4 -77 75
81 -66 18 -36 13 102 -72 -39 -57 10
81 -170 1 37 -179 -126 -114 211 -47 17
176 -32 270 -13 21 111 -142 290 -76 -20
181 -99 47 -207 29 -40 -136 125 -185 8
155 -157 12 60 -236 -91 23 -29 -146 63
-134 -114 -31 18 -55 76 -6 -90 41 91
-93 -159 72 179 -128 -35 -75 131 60 -57
71 -192 26 -18 -208 -126 -35 51 -141 -38
-139 -285 27 171 -174 -19 -100 65 75 62
-111 40 -134 144 -34 -100 -7 84 145 -30
111 92 189 52 11 50 31 83 -94 -110
-48 166 61 180 113 -74 87 0 94 -181
134 -181 -37 -76 -136 -84 -124 139 -20 110
-49 -123 75 60 -8 152 -132 107 68 82
9 152 -108 -116 59 -62 63 -27 38 -38
125 4 58 -159 55 120 22 -157 -175 17
-18 -9 -75 59 -47 29 27 -60 207 122
-160 224 41 51 142 -125 119 30 42 -258
45 -263 16 131 -141 46 -86 -65 33 118
-48 -1 92 -13 102 185 -8 -119 -17 -32
-49 -1 241 191 62 -18 -39 164 69 -211
-42 153 7 81 97 -125 79 26 85 -127
70 46 -72 -73 -33 -151 7 98 -33 -6
-164 160 -9 73 98 41 60 32 195 -17
265 -194 25 -175 -214 10 -72 21 -254 117
83 132 122 -81 166 26 -26 104 -54 -110
54 68 99 -106 109 54 -29 67 -80 -52
114 -49 -24 -1 -107 -144 -5 70 -74 -1
-32 -36 -252 39 -152 -152 66 -122 22 52
29 -223 -70 -140 -136 -5 -27 -127 -118 173
-19 -156 -128 -122 -46 -71 -49 -56 -40 153
70 217 -68 -290 121 -20 76 -38 -159 -63
41 144 -51 -83 22 -16 150 -177 -50 -23
-42 32 103 0 79 -3 16 13 -84 -93
85 -112 47 -236 53 84 -193 172 -88 58
-46 -142 49 79 -86 -122 -25 51 -9 -49
-9 -324 12 78 -256 -33 -53 -45 2 114
-86 58 -159 157 8 -118 9 50 141 37
35 6 -115 -50 77 -154 -31 -7 -102 -54
-201 -32 -158 -22 6 29 11 -101 106 100
12 -372 -18 80 -241 -67 -114 6 -36 147
52 -83 -95 -9 -60 78 -45 -97 23 74
-29 25 -63 188 -27 -19 84 -167 72 -49
-7 32 133 50 140 44 -93 125 19 -177
-33 138 -179 103 15 -198 15 97 30 -137
-30 234 70 85 224 43 77 -20 138 -80
168 -238 70 -24 -210 -74 -47 -19 -267 -26
116 -116 76 -102 -67 117 -75 -7 -159 14
-95 -39 -85 168 -88 -121 13 22 100 -47
97 -211 127 46 -112 65 -18 -144 -159 -10
-224 148 -143 44 156 -14 48 -69 184 -62
-272 123 46 168 147 -100 60 61 229 -183
-147 38 -119 163 -18 -115 45 -18 146 -76
-105 -13 -78 197 -81 25 88 -142 208 96
-42 192 50 -188 206 -147 35 80 -204 -291
-33 5 -67 -122 94 -109 -77 137 -38 26
-83 168 -54 29 33 -25 165 -118 105 26
-158 50 47 106 74 -6 -3 100 175 -31
27 82 41 97 -43 91 39 7 73 -36
58 128 128 -295 200 28 -10 52 -178 -135
-6 102 145 91 121 128 -53 125 130 -116
70 -80 168 -19 95 158 -108 8 -41 -53
-22 0 51 46 56 148 51 -191 51 42
-56 -8 -112 -83 87 0 -87 36 56 21
-192 -9 -41 134 -42 -96 56 -11 110 -63
32 59 173 103 48 170 -34 96 66 -38
39 -146 83 -151 -1 -29 -96 92 -72 42
86 244 154 32 184 -55 115 3 -60 -192
15 195 -187 -130 -1 11 124 -139 -24 15
139 37 125 -29 -62 -77 29 85 -216 -160
-15 88 109 32 103 -46 39 -10 -80 -240
17 -61 -54 157 -145 7 -93 165 85 9
14 120 269 -108 248 35 -58 167 -97 -264
-59 -4 -51 28 -100 -198 49 50 -103 -131
-92 -100 -134 190 -112 48 5 -116 259 141
-137 259 57 40 141 12 171 -71 64 -131
-61 -33 -53 92 -106 -29 -17 110 164 95
91 -69 2 -43 -17 94 -141 161 132 147
80 259 -191 -90 78 -146 58 65 10 -69
85 196 -211 -107 -39 -109 100 -23 -36 8
-59 -77 72 -28 56 250 -133 58 113 94
-10 -76 93 47 32 0 23 -142 -159 -117
-46 160 -168 94 4 -306 83 31 -99 -292
145 -196 111 -73 -98 52 -172 169 -156 18
81 -26 205 71 44 54 -51 108 1 -42
72 -119 186 -214 72 291 -50 -114 -61 211
51 -88 59 -93 -3 -100 -65 111 -122 -20
-14 -13 143 179 -95 8 31 88 74 -45
40 85 149 127 141 104 -4 -18 49 -132
-48 -57 -48 -87 90 218 -21 -192 103 232
146 27 70 163 -68 39 -68 215 95 56
-52 -2 -164 -104 -113 -36 52 -54 1 113
93 -198 211 -207 3 112 -165 137 -172 27
124 69 156 -196 103 60 -43 87 -248 -140
49 112 145 -172 27 -159 90 59 -326 -286
0 94 -101 -173 45 57 10 -28 -26 44
57 95 222 -77 219 -35 -68 142 -196 -342
-59 153 -45 -16 109 35 62 -40 -2 11
113 -142 -21 -20 -117 123 -20 -167 -70 96
-87 246 49 73 192 8 84 0 84 -184
29 -79 -141 -119 -115 -145 -14 13 -108 36
-113 -143 -143 -101 -19 16 -8 -180 5 157
-121 107 -58 154 -56 -52 127 -67 93 -83
30 42 162 42 -11 96 -18 144 81 -17
118 118 14 -12 31 -78 -26 184 -83 -64
-120 183 -22 36 141 155 88 -129 86 -2
-33 151 33 125 71 -146 31 115 8 -280
-3 2 36 1 96 -211 46 -59 -143 -187
92 27 77 -3 72 2 -56 99 -50 -45
7 51 -93 157 -81 -84 55 37 182 101
47 34 185 -48 164 -105 37 -17 -160 -164
66 50 -30 3 -11 -5 26 -63 -34 -106
199 -58 -119 -65 -198 -178 -12 75 -186 27
126 -63 75 -29 -74 26 -39 64 -159 38
-29 73 -158 125 -48 -117 21 23 10 -91
-94 -39 33 48 34 50 -91 146 201 48
191 129 -89 -80 9 -1 -25 74 -151 -6
85 124 -226 -62 -41 -68 71 -94 46 35
171 -175 15 -226 -43 185 -59 -192 -167 175
-99 -81 77 -15 27 149 -29 -27 71 133
-38 13 -17 -30 49 76 -89 103 68 -6
-67 39 -289 -54 40 40 -22 -87 142 216
-125 189 -127 134 24 -104 194 -179 90 -98
184 -108 130 -169 10 22 -30 -80 -314 -34
-52 -67 122 110 -60 -17 58 -51 -51 -50
-69 -43 -46 -181 132 56 54 -291 -62 69
-28 144 152 85 94 253 38 -28 109 -48
9 90 -7 111 11 -199 22 117 -10 -207
39 13 -67 -53 -70 80 74 -167 4 82
61 -24 -164 -307 2 -144 33 -92 -175 127
-69 203 -148 -89 -1 -174 123 16 -42 -122
33 176 -167 51 -15 -22 83 -48 74 10
79 -141 75 -79 -94 29 -117 145 -100 25
-22 -90 23 22 -138 92 27 -36 123 176
101 -58 131 93 -133 -3 38 24 -56 14
44 -3 -74 -182 100 -111 -82 80 -143 -27
176 -25 251 40 51 122 -180 291 -85 -112
154 165 -113 24 -53 -212 17 201 -76 -80
-90 -122 250 186 29 186 -42 -9 125 -3
163 14 -111 25 -144 -203 -56 199 -105 -110
-78 43 78 -50 93 335 37 -134 183 269
142 -76 111 133 -9 182 -125 67 26 30
13 20 115 -88 81 -135 -28 147 -170 -155
9 -202 133 -51 -3 121 -151 94 -41 104
153 45 256 -69 130 244 -124 192 16 30
-108 15 -242 118 -45 -28 14 -60 145 130
1 -115 -49 43 -29 21 -91 31 29 93
89 167 171 -68 180 70 10 47 -76 -178
50 203 1 -11 85 18 -11 142 18 -142
80 -112 149 49 -10 -3 -7 -22 -74 47
-14 236 112 -137 292 102 46 -7 6 -62
88 -106 -146 16 -227 -164 -46 137 -5 100
-41 -11 -191 6 -3 41 -27 -88 141 102
112 -174 191 2 -102 75 -97 87 -180 -40
-22 158 -137 22 3 -131 127 -52 99 9
-90 -54 163 41 -75 -77 27 107 -47 -123
50 258 -28 -77 187 5 120 -106 -10 -45
59 -41 -17 32 -101 34 66 -127 -23 108
20 58 -20 -78 40 213 -17 -19 116 194
-34 -174 16 -135 -131 -79 45 -105 -131 65
37 195 70 -91 195 103 0 86 62 25
139 -99 164 7 -100 46 -17 34 -147 14
-43 -3 -115 100 49 -4 16 -126 53 73
83 -48 222 -161 31 156 3 -71 -188 -48
4 19 94 103 129 -45 -48 46 -16 -190
180 -340 121 -243 -127 248 -140 -84 -129 335
115 0 82 86 -114 -21 -61 208 -66 -110
57 263 -2 32 165 111 29 57 177 3
-117 -5 -87 288 -121 -101 76 -26 162 2
68 -78 -88 -56 -131 -35 9 -73 -147 34
-54 -47 -108 -131 69 -39 30 -208 -140 12
11 49 179 87 81 27 -26 91 -76 -208
-145 -149 -13 29 -37 -81 -30 -34 72 -66
4 190 -149 124 -18 -77 99 4 202 16
-13 -423 -102 49 -275 73 -121 -116 55 310
150 33 112 -130 33 203 -31 1 -39 73
-248 -10 20 186 28 8 -28 137 270 49
120 -27 60 -263 72 -6 -104 147 -114 40
108 57 -50 -148 127 70 -15 -116 -24 19
170 -92 3 -296 11 -38 -63 3 -264 84
-199 -63 -82 89 -107 -84 4 109 207 126
-58 -274 -34 1 -176 -3 -44 -98 -83 108
-153 -136 166 94 36 63 -10 -85 -101 -99
119 59 -41 -174 18 6 2 -16 -64 -1
-178 212 27 -143 336 -66 62 -26 4 -149
190 87 52 25 77 130 -93 136 72 54
68 258 16 45 103 -38 115 -4 12 -125
-208 -151 -106 84 -112 106 33 -176 219 230
-190 -97 61 -8 89 28 -36 -43 31 -41
76 -213 -57 -96 -122 -8 -94 -39 -188 63
-124 -9 -77 220 -44 -196 -50 188 108 -138
-81 21 -184 114 -101 -306 61 61 62 -59
-35 158 19 46 61 37 23 90 101 -71
-136 176 -161 -45 56 6 151 -224 23 -84
-194 -30 -119 148 -30 -30 -86 149 208 -6
-283 -20 92 44 241 305 -13 -192 261 110
69 36 -37 -147 -16 112 31 -101 -41 79
-111 -3 240 -104 195 130 -29 44 94 3
68 70 -25 131 -75 -206 68 70 17 -112
163 -21 143 -189 -12 90 -105 191 -145 3
20 166 -89 -53 121 44 -18 63 111 29
-71 -102 -235 147 -140 -100 -66 56 186 116
149 -163 -102 -61 -130 10 -113 5 -63 94
45 26 29 53 -107 -134 46 121 -55 -24
-148 -127 41 186 -72 -105 -3 42 60 -23
-34 158 -73 19 84 72 89 -160 7 -72
65 74 -224 27 -43 -200 -9 88 -4 -2
84 12 -108 -83 -29 44 -27 -5 66 128
67 -1 -115 -127 20 118 -4 -178 -24 78
34 -53 120 -147 13 26 -98 186 -43 -2
15 -221 33 119 -122 -122 -109 124 7 2
12 -130 -35 162 -170 -102 -44 109 78 63
-100 162 -308 59 -42 -211 113 -26 158 30
79 -219 -107 -281 -59 -18 -113 -60 -208 133
-230 -38 -102 90 -18 -120 131 -244 23 -84
165 -17 60 119 -60 -1 -13 59 52 72
-123 92 -71 144 54 98 -13 16 201 -11
267 34 71 -137 43 -112 -79 150 -300 -159
-201 161 -59 155 95 -173 81 36 145 -229
27 -162 -20 148 -241 105 -42 29 142 195
56 -89 167 -61 49 119 -55 -22 -97 -10
158 28 42 -73 8 106 91 -209 -119 112
-47 47 -157 280 -111 -158 37 40 146 -81
-145 -88 10 -133 91 132 -55 -68 0 99
-65 -110 -208 -82 -157 -208 80 -162 -103 26
-28 -103 29 182 -129 55 -67 95 127 17
-38 91 -291 33 -54 -291 38 49 1 -72
185 -129 59 -362 -10 13 -62 -28 -337 78
74 102 185 -109 187 308 -85 85 84 62
-10 -170 -152 -20 -55 281 -71 -212 123 388
175 -287 93 81 -198 150 -82 -81 -78 216
-136 -21 6 140 17 -78 -46 142 81 -42
29 192 103 -105 148 -303 88 115 -213 -364
56 -122 -19 73 -181 -68 35 -96 -90 -44
-89 -9 1 10 108 -113 -5 -26 14 -133
-89 155 -50 75 -48 -228 180 -53 -112 -244
-26 -18 36 -80 10 229 12 -93 97 223
166 -195 -4 -82 -180 -102 -57 1 -333 -21
90 92 -23 -62 19 81 115 -198 -9 90
-117 315 -125 210 86 -71 77 101 222 -221
120 -107 -131 -93 -161 92 7 -106 64 355
227 -279 135 -155 -149 -36 -85 -29 -418 -1
176 216 231 -18 161 -37 24 147 -156 -289
10 -70 234 169 -81 162 37 -32 58 23
-93 -80 -1 245 -117 99 -50 68 186 66
100 -21 -173 -196 -46 133 -34 -110 -109 200
150 -256 6 -25 -190 -205 -100 109 -233 8
62 145 -26 -148 64 -52 89 -45 -73 -20
-38 44 124 45 14 235 103 -168 158 124
40 -131 -146 -64 -90 0 -53 -46 33 213
-46 28 -44 -166 102 -59 -17 -8 -88 -75
152 60 161 1 -6 27 131 -151 -172 -66
-47 115 27 226 -26 33 23 125 228 -29
63 -75 -66 55 -5 -166 -109 111 -108 -131
-21 66 -16 112 10 89 53 -109 100 -24
-221 89 183 149 223 -84 10 78 25 -333
-55 212 75 87 83 -110 23 251 18 -205
319 -55 115 -268 -47 -206 -1 30 -492 -170
-71 15 54 -92 52 -78 69 -63 -55 -85
-143 -53 -79 190 -69 62 11 -86 170 33
328 -8 -23 -236 -81 149 -12 -96 -178 174
25 -24 -128 -113 43 197 -47 -131 79 239
-119 89 104 -50 203 118 -3 17 82 22
13 -265 63 -5 -159 1 -134 110 -44 58
136 -182 -200 -165 -264 -256 -2 -12 -198 100
84 -101 -70 -212 2 -46 -68 0 -146 126
38 6 -67 -19 55 93 -131 104 73 30
135 -132 145 -43 -88 2 -103 127 -177 -105
24 195 -18 -46 75 -221 23 205 -159 -230
96 -223 199 -45 -10 129 -128 41 -53 112
-58 -300 62 99 -145 45 -148 78 2 77
-29 36 144 106 -8 -245 56 122 -77 -309
77 98 -36 33 22 -78 19 4 -35 -176
-22 246 41 88 111 11 104 23 6 -104
97 -253 167 -107 -90 140 -171 150 -29 187
-237 -75 -115 112 -29 -154 -9 44 138 -2
-14 105 -122 188 -57 -108 42 76 101 -10
-39 210 -59 48 52 -69 47 130 48 -83
-209 71 -64 127 96 -65 16 5 207 -129
130 -78 30 -231 35 -9 -119 63 -231 -89
8 -92 115 -32 -27 -106 -44 118 -99 -94
7 80 -84 21 77 -56 -38 85 -13 -15
181 -139 29 -8 -94 -89 -67 22 -182 -51
-24 -342 -77 266 -287 75 -96 -53 196 260
97 -21 110 36 70 149 -90 63 97 65
-53 69 -55 -202 87 -73 -43 106 -79 -105
-59 -40 152 35 -68 -30 30 31 -130 -200
62 172 -27 113 37 -11 14 141 128 28
233 74 39 -141 0 70 -50 114 -112 41
-15 -56 -268 86 -104 10 -112 96 290 220
53 165 -17 101 103 -35 58 -44 -26 -137
-10 163 29 109 78 -66 79 19 45 -124
-155 150 129 -8 251 138 43 -26 176 -5
-110 -165 -61 113 -131 23 -117 106 61 35
106 41 -8 -217 90 -71 -3 -9 -130 -23
-33 -253 33 63 -100 63 -68 -86 65 120
0 158 65 24 173 40 -62 148 -51 -191
-25 121 -73 99 99 -59 23 17 19 -22
48 -90 169 100 -125 83 -68 154 36 -47
100 -290 83 -201 3 97 -158 -17 -54 240
29 -106 -13 -11 -97 116 18 -117 113 232
-43 222 40 81 129 -70 121 9 42 -97
176 -264 25 -105 -129 268 -124 -112 -43 325
-140 -213 -100 43 -150 -31 -44 -6 169 203
57 -7 11 -23 -104 92 39 -47 61 91
-160 78 -121 37 36 -128 133 -133 149 16
-6 -60 74 16 68 -73 -34 34 -3 -29
28 -132 262 93 15 198 7 -142 -72 18
-108 -168 -60 62 0 44 -103 -7 69 138
85 -107 -25 -191 82 -38 -97 -42 -157 -22
-35 -57 -12 241 -168 -98 -14 126 78 -68
-21 88 2 207 83 128 -77 124 238 24
-96 -66 -86 69 77 176 -125 18 256 209
29 17 -15 -137 15 -67 86 -187 -240 -145
31 -196 43 32 -116 -2 -130 131 26 43
148 -31 -104 -32 -41 -101 -82 67 -162 -59
27 185 6 -26 161 -119 112 -57 28 -76
-176 55 -15 46 67 157 33 -108 131 -8
20 58 132 82 35 -36 29 10 -132 -270
108 -165 -57 -17 -138 134 -94 -12 60 240
289 -84 138 -48 -113 138 -89 102 -156 105
-200 -46 -18 233 -83 -91 73 -32 183 -20
52 91 88 -87 94 103 24 -82 -209 -163
-45 -10 -190 202 -105 -199 -21 112 115 0
-203 41 16 109 20 -153 76 8 -15 -196
-55 121 -38 87 -71 -36 100 32 89 -1
-7 -39 -82 -169 2 -117 15 -48 -120 24
-69 1 -250 41 -86 -126 57 -133 55 -6
32 173 283 177 94 88 46 132 66 -203
-16 -89 56 -15 -13 160 13 -141 24 150
-65 131 -87 95 130 126 48 -145 196 56
130 52 23 133 -69 -13 37 -9 -19 -85
90 33 107 -7 -8 -93 -31 199 -126 -88
-21 -45 -121 107 -52 99 34 -200 127 137
-3 -100 -147 -93 -130 -80 -20 -38 -110 17
201 -72 76 -100 -1 137 -21 -87 -83 202
34 -94 289 -150 78 166 -51 34 -137 34
-68 126 175 -40 222 -66 88 -28 -88 -147
63 75 -146 -28 -104 -185 73 36 -92 14
11 83 -30 -206 110 -92 -4 45 -202 -85
-269 66 52 205 62 -141 36 165 219 -101
-113 -203 115 -159 45 218 -72 -128 -49 129
-88 -108 85 38 -39 -51 45 -85 -95 -48
9 21 -150 -93 61 -52 -82 72 11 31
-51 140 -24 -180 80 -74 42 46 -100 -143
-122 -22 -142 -73 -90 -64 41 -61 11 -9
40 -329 28 -46 -241 8 -115 55 -76 175
77 -52 148 8 -84 43 17 0 -74 -59
-91 173 88 5 182 280 11 -4 213 72
-85 110 -264 -30 22 -210 86 -100 10 -73
-70 42 55 181 153 196 -85 39 250 34
85 -52 -87 -177 -30 -22 12 -111 -158 101
162 -9 48 -357 108 -85 -59 46 -248 -64
-3 140 17 -67 113 -47 -41 193 11 -98
77 -56 243 -266 127 138 -64 31 -147 5
-89 -229 -46 -168 -43 78 -86 -72 -47 207
35 -33 50 22 24 154 -16 -102 8 38
-128 144 10 178 51 -121 41 111 77 -250
32 -72 40 130 -15 97 -90 84 138 113
-115 -17 -22 19 -12 20 81 -127 99 101
-22 -9 43 -61 99 122 -12 -65 31 118
46 49 -91 -202 50 94 -89 85 -55 77
-5 4 23 31 9 -53 65 -129 -145 -140
-30 -20 31 137 56 33 -19 9 170 98
10 222 8 12 67 -20 159 -79 40 -51
-101 -27 -82 278 -123 -161 -68 228 132 -129
-87 -242 7 157 -199 -11 -33 -41 3 41
-156 45 -84 323 -84 36 128 -172 230 11
-238 296 -17 79 184 -286 169 71 83 -306
-36 70 -21 219 -72 4 87 -17 187 56
-15 17 -169 -74 -73 -12 8 4 67 147
95 -380 2 111 -383 -91 -84 45 -114 132
82 -2 203 -28 97 193 -114 123 -28 -54
158 -80 74 -226 49 -46 -46 -56 -341 -112
-116 140 114 97 79 -143 131 1 -43 -249
124 -73 37 -198 43 12 -88 52 -153 68
36 -72 -92 -170 -30 -81 -37 37 -32 153
-44 -117 -82 168 -167 28 50 -142 179 152
57 -129 -80 110 -206 -102 52 -123 -112 15
108 138 69 3 142 -47 -4 73 -95 -139
73 19 24 -245 99 61 -96 113 -110 42
-45 150 -15 51 54 63 131 -131 80 44
-15 -89 18 101 -52 -32 70 -180 -80 -1
47 -29 -188 40 -99 -6 49 -181 60 115
-85 467 -105 74 205 -124 157 81 126 -259
-132 -82 -51 33 -50 0 -74 111 166 62
-143 43 -170 -40 38 -156 133 -200 107 29
-85 154 -51 83 97 111 116 -172 170 65
22 165 184 -25 140 1 99 -64 -232 -300
-136 106 -103 53 41 19 138 -204 144 29
121 96 -44 0 -7 -89 18 95 -18 39
143 1 40 -228 -19 -124 57 -72 -280 -129
130 -80 -8 -132 50 96 -107 -28 -95 65
-91 -71 -242 102 -176 9 40 -153 129 134
-82 90 -128 127 -27 -54 91 -96 138 -44
-74 -63 -138 76 36 205 -78 -96 289 249
-59 -20 -61 -67 40 -108 48 -97 -130 13
98 -201 265 -98 5 108 -90 0 -197 -25
-181 54 -64 67 30 -71 2 115 243 14
105 -61 154 -94 -127 -17 -22 136 -198 -80
-240 76 -76 151 38 -149 119 -91 108 -142
248 194 150 -184 168 39 22 26 -215 -156
-62 -194 -90 -46 -78 -68 -68 -50 -6 25
39 -1 67 -222 37 100 45 -117 -118 73
85 -178 134 119 -98 89 -58 6 -15 112
-145 -66 -11 -114 92 -41 38 -165 -33 -15
5 -94 -132 -32 -54 -94 -44 -29 -66 13
-35 -38 -40 1 -1 89 37 -144 137 169
38 -94 240 212 -120 52 54 -20 42 -38
68 -58 192 -46 32 -18 -123 239 -157 -128
-154 -79 -85 125 -108 125 8 -78 211 157
-38 -177 77 137 -105 16 -56 17 41 -6
-70 -29 49 -23 -47 -125 76 -20 -188 -65
59 -319 -138 -86 -261 38 -80 -116 -51 256
-75 -35 -122 4 -119 -200 2 120 27 3
-116 7 92 -11 48 -88 66 -63 -102 -218
-93 -71 -229 -108 38 -115 -33 -83 8 104
-64 229 3 -95 275 87 2 5 82 -117
115 159 19 -164 131 193 74 -151 8 134
200 -14 56 -133 -93 -135 42 -19 -378 -164
29 -27 -85 -187 9 -115 61 -186 -219 -78
161 -105 115 27 -26 24 -49 -12 -131 -6
-93 88 -155 -96 59 -157 6 97 88 31
-101 -81 82 158 42 -103 -36 48 53 -138
-263 -42 93 265 13 -168 2 158 185 -146
26 70 118 -169 87 32 74 -79 -227 -63
-60 -66 8 73 -54 92 17 -72 77 122
82 -204 21 -66 -216 50 -4 -44 -38 247
98 -63 73 -66 -22 -242 10 60 -224 -130
29 -131 -159 87 -205 28 -54 14 157 207
101 17 121 3 78 -28 -66 150 -90 -56
2 46 -65 177 4 66 -65 106 187 65
19 63 -83 17 -59 -84 78 -76 -129 -99
126 -1 -129 103 -137 -100 -87 218 102 50
-197 -170 33 136 -106 -1 -8 -23 67 14
136 35 183 55 67 153 -38 51 12 -3
-141 -85 89 41 98 40 -57 -6 113 -57
-44 21 95 85 119 67 -11 0 113 14
26 144 -129 -118 27 -40 108 -147 -145 -57
101 20 223 53 -35 222 42 -36 7 34
1 -16 -35 -67 30 -141 37 -70 -212 -66
39 -46 162 -154 52 107 -31 11 -52 19
-56 82 117 1 53 -151 44 122 -92 -213
28 -45 224 -90 153 -33 -70 54 -242 -262
203 -259 -119 -173 -177 80 -153 -40 -192 211
7 204 -3 54 121 6 50 48 167 -38
185 20 115 -50 -82 -111 10 119 -257 -153
28 42 -200 70 -109 26 -64 116 199 94
161 -132 -112 -267 -145 -91 -31 -34 -259 102
12 140 -209 -27 80 -83 20 -48 33 -47
2 67 -4 111 60 -65 -13 68 -14 -100
-112 22 63 -194 115 -75 71 -72 -85 -55
162 -214 -21 -130 -183 -173 -71 52 -315 -6
50 99 -268 -135 -73 -195 72 -15 -74 72
-65 102 46 215 0 63 33 41 168 -100
-99 66 12 137 47 -31 116 -128 122 -22
-220 116 -25 -59 249 -34 67 -124 30 -90
-32 -148 -68 -31 41 80 -130 8 133 205
-135 38 -91 5 104 151 117 -340 142 156
-47 67 -78 -48 -89 -155 55 85 -65 -94
97 -117 -13 -97 -95 -113 -22 2 -182 2
-87 123 -214 258 -59 -169 56 45 178 -69
117 29 108 -174 31 141 -16 47 -58 135
10 90 66 172 27 -74 48 76 131 -54
-122 133 28 146 -41 -131 167 -15 35 -128
121 176 -95 -41 63 38 40 -40 7 10
-42 -73 -127 -138 44 13 -15 -147 -24 123
-49 44 30 121 85 82 68 -130 217 103
-106 -106 -46 16 -62 -188 36 -60 -54 -86
-136 21 -290 53 -55 -231 -17 97 161 24
-107 40 -46 -48 47 -135 21 46 -19 -79
-14 176 95 96 125 84 50 -16 -7 -182
-26 -98 -15 31 -67 -98 -123 204 -4 -88
-126 119 -73 70 28 -348 66 126 -52 -300
96 108 -122 -200 19 -148 19 56 -122 -38
107 106 176 -54 103 59 48 -50 -236 -195
136 -38 -111 -73 -31 5 -101 49 -25 38
174 -33 46 24 -187 -77 -25 173 -129 -26
176 -375 206 -51 -248 15 -122 74 -265 108
149 10 95 -56 63 141 -84 40 -62 -32
87 -147 56 163 -240 71 -68 102 9 34
202 11 -1 -88 -43 144 -112 124 -75 67
61 -229 -4 -135 -76 111 -34 -199 -43 211
70 -96 367 -56 77 61 -33 51 -217 -135
7 -126 -27 174 -145 108 -44 -15 171 151
-92 -20 -88 -25 -40 -178 28 -1 -52 -113
35 183 22 -253 259 -1 55 -68 -57 -21
-50 -142 -103 201 -188 -19 -29 -12 62 69
67 -35 45 -32 84 99 -76 -11 -1 30
-67 102 -185 65 48 -18 34 -39 202 118
-165 -86 -113 46 -117 -4 0 11 147 152
-129 -32 -125 154 -76 -138 3 76 211 60
127 -135 43 -17 -65 259 -154 80 92 256
69 -165 -20 -69 -153 105 -60 -5 2 226
-4 -108 -233 24 -130 71 10 -197 109 265
-70 138 -134 149 -50 -105 76 -3 55 -169
-62 -102 -26 102 -54 3 65 -200 88 76
96 13 78 94 22 -49 -57 109 -50 -163
87 -99 -167 -49 -112 -227 -78 114 -103 8
-22 95 -1 73 -3 26 33 61 132 29
4 160 -36 -63 85 -83 70 -42 -138 -208
54 12 91 -120 32 -98 18 -16 -304 -259
-117 46 -90 126 -14 98 37 -66 247 102
-139 65 -83 52 48 36 3 20 179 48
21 -112 -228 -14 -125 -82 -73 2 -20 97
154 164 154 -191 152 14 -60 230 -166 -136
149 6 54 -156 -10 -130 6 24 -342 -175
-81 54 -240 41 -89 -216 134 -120 51 39
-22 113 21 -61 18 -301 90 100 -139 -261
-92 185 170 40 169 -126 114 56 -79 -230
-131 -14 -21 205 -56 148 26 -42 222 168
-262 170 -42 124 118 -312 150 29 130 -225
76 -140 279 -60 69 168 -82 -12 -99 -27
89 -71 165 -5 -2 144 -17 -13 -1 133
-210 164 -168 280 48 -88 55 17 299 -130
-23 222 -10 60 162 -194 102 -5 -48 -271
16 -69 48 -34 20 -127 -70 99 -157 -153
-76 61 -141 114 -8 28 100 -204 118 48
-5 155 -5 -193 148 -9 44 -5 -49 -46
-67 -101 -67 -101 -35 -53 -134 167 12 -25
42 39 -62 -199 20 6 -23 20 -161 -5
66 63 -74 -212 103 88 -35 -15 -24 137
-106 219 -11 227 92 -3 116 -57 105 -179
141 -148 188 -84 34 36 -116 35 -232 -122
67 198 104 -163 162 39 87 -70 -182 -177
120 138 -158 -37 -51 -174 26 104 -33 -60
-129 4 -45 78 -42 78 40 -49 218 100
-7 159 -68 -63 120 -144 50 -9 -110 -205
82 -129 -235 -158 -161 -235 -116 152 -84 21
-86 -120 -77 282 -197 -89 55 -84 105 15
2 -49 -152 -90 -21 -105 -88 94 -74 26
-28 148 -150 222 -71 -163 162 -102 94 -77
-233 144 -178 118 107 -6 76 -65 337 96
47 107 42 -134 106 40 -29 64 -95 -120
61 4 23 164 -67 -13 -46 116 4 -91
147 -232 7 -51 -157 -96 -79 37 -142 113
-67 173 151 44 172 79 87 -50 10 -150
-140 116 -2 211 47 -30 67 15 118 -88
-133 117 16 146 93 52 42 -33 133 -133
-37 -102 -196 56 -73 25 -58 -56 196 184
66 -170 87 -184 -164 11 -55 83 -176 58
222 -99 68 -71 -131 61 -43 31 -173 109
-92 -16 159 79 -4 71 44 -55 -43 -153
133 211 -127 -256 128 128 103 -201 -63 160
-178 -151 83 232 -87 -50 -19 31 44 -97
5 77 53 -79 100 59 -70 165 73 -1
187 50 82 -25 -95 47 8 96 -166 12
132 -174 180 -105 18 66 -204 224 -112 27
-71 -206 203 230 -147 8 14 -30 29 -51
41 58 8 -105 84 4 -38 79 -68 1
22 -11 41 -49 8 123 18 -65 73 143
2 -42 150 48 103 168 -157 168 66 -16
-48 -81 -121 15 -12 33 -72 5 181 167
96 74 124 3 2 102 96 -99 18 18
14 247 142 -58 204 61 153 -135 -112 -163
-88 59 -93 23 111 65 11 -114 173 23
40 -20 -174 89 -100 103 -66 21 159 176
71 -47 -5 -242 -31 -154 39 -52 -208 -63
-248 54 1 177 57 67 84 -98 230 10
-19 -145 161 -159 108 104 -49 -115 -95 1
34 278 -42 29 140 -15 149 -99 78 -55
-162 40 -339 132 -63 -10 34 -87 337 227
60 239 102 -143 232 163 48 -59 -45 -117
-57 -42 170 216 -36 177 39 -79 124 8
100 -201 179 -158 -33 36 -116 47 -271 -80
-148 10 17 184 48 45 54 -101 145 7
-73 193 -119 77 53 -117 81 26 167 -103
-3 185 179 -46 146 48 97 6 -37 -112
-61 134 29 149 -3 -161 75 104 27 -219
167 99 -94 51 -108 -148 36 111 -76 -4
31 -142 163 5 -65 113 -85 124 63 138
37 -33 248 -116 109 353 11 -173 1 115
-18 -114 85 123 -27 171 -17 -120 -33 74
-103 115 111 -62 200 255 33 -116 92 22
94 -28 35 157 -130 -10 -47 109 -11 -122
-108 -179 126 104 -3 112 -51 -41 66 95
-52 50 5 99 31 -9 27 28 157 38
-21 -58 -120 -169 2 -58 59 -193 -133 119
-36 100 -51 11 28 90 100 -138 62 113
-50 85 -170 143 -85 -288 22 179 15 -112
69 -60 -178 -209 -99 -165 35 -61 -147 139
204 -15 75 16 -108 -111 -21 128 -168 -111
-22 124 -47 141 32 -121 7 139 50 -104
-86 60 -96 77 -27 -117 41 44 129 -30
-181 142 13 -57 215 86 124 -249 1 -98
55 -117 145 169 34 125 -60 -65 71 4
81 -138 -27 -114 45 161 -92 -117 30 221
8 40 33 -35 -110 -61 80 43 -89 -24
130 -110 27 98 -164 -148 -52 119 -106 -115
28 96 -114 93 -138 -222 87 69 -89 -131
-25 112 118 251 107 159 7 1 171 -75
35 221 -47 -189 125 37 14 83 -62 -42
4 -17 -4 79 -151 -248 30 158 -105 -134
251 -104 62 -66 -156 65 -32 10 -147 129
-52 117 -155 -92 10 -139 118 -95 41 -12
43 65 19 149 -80 -105 95 -9 -8 -100
64 137 -30 134 -46 -156 78 89 64 -84
22 144 -193 5 -50 -90 11 131 95 48
-59 380 93 -17 303 -138 152 24 -97 -348
187 -14 137 -186 -4 87 -69 96 -272 -34
-221 19 -250 237 -45 -98 43 -42 350 105
42 -72 203 -235 121 119 -7 -148 -283 -105
-174 179 -59 110 170 -1 60 -47 169 -116
-53 92 -199 -110 -4 -84 100 -136 4 36
259 -47 198 -174 -70 179 -100 164 -177 75
-119 -70 -174 -69 33 -105 -42 -19 86 91
168 -138 67 -200 -191 -73 -40 101 -288 -1
39 392 -69 -212 336 -43 107 -51 -40 -153
69 -138 -111 -27 -177 128 -30 -78 67 289
81 163 -175 -57 14 -92 39 54 125 78
-105 -97 29 96 36 -2 -25 -53 119 -9
-28 28 80 103 32 114 -61 100 179 -61
-107 110 -173 93 -19 38 65 -81 138 40
-40 -69 18 94 -91 146 89 -223 148 142
-17 -9 -70 -31 27 2 18 -94 -13 70
42 -223 39 -207 -6 171 -108 -106 -113 183
-154 97 -35 99 9 -239 136 -23 24 -183
120 102 11 62 -34 -117 -20 210 33 -100
42 97 57 -200 66 -8 53 -11 -183 -68
100 174 -55 -50 150 52 6 13 70 83
-94 -202 -58 -12 27 -20 -89 -59 104 139
-60 -43 -183 263 -146 -20 62 -138 178 125
29 -215 160 -158 -43 119 -100 27 -74 107
-36 170 -70 149 63 -67 90 -66 4 -162
-152 -10 -54 -31 118 65 16 -155 129 46
-13 -80 97 -15 4 97 -110 122 -65 -11
141 168 -89 61 -43 -191 60 109 38 -100
70 -250 150 4 -82 122 -33 -132 -67 172
222 -44 -146 -157 -202 -132 9 15 -233 78
22 223 -220 -1 -11 -36 36 111 171 91
290 -99 17 -208 -215 -159 -21 92 -397 -46
-27 125 -59 59 -46 -55 81 28 52 -38
15 -62 68 -107 48 -15 -13 -24 14 25
-10 50 -142 159 -83 -72 -37 154 188 28
179 -18 -36 18 -67 21 12 -127 -134 -50
77 -36 51 -175 4 67 -22 -40 -147 -11
201 -101 -84 -182 -161 -237 9 -3 -349 -32
115 64 103 -103 49 -65 39 -1 -195 -154
23 159 -10 42 -38 18 13 190 133 6
26 -77 297 92 50 113 -92 138 -31 -126
97 36 91 -8 -65 10 8 81 -195 -92
45 116 -81 -3 16 -101 134 -199 -173 -163
88 96 -35 -155 133 -12 37 -124 -170 -62
118 126 123 -77 175 63 -23 59 9 -66
63 327 -48 -70 169 -91 84 62 -70 -202
43 -119 12 181 -177 58 -79 147 150 158
-106 71 -184 24 -8 -81 28 15 191 54
-150 40 69 268 -68 69 77 -35 130 -111
-146 -132 12 -66 102 46 -114 41 80 96
71 -193 23 55 -146 122 -54 -56 12 195
256 95 -7 -212 119 91 -116 105 -116 2
-101 65 26 227 -22 -81 116 -86 75 -173
-113 185 -94 111 80 31 105 -99 178 -32
105 154 45 -51 42 -85 147 -123 -220 -155
120 -88 180 -180 -12 -10 17 -66 -323 -99
-62 167 36 -37 42 -98 176 -102 -106 -166
43 121 -11 -99 145 258 -7 -87 112 158
-54 1 123 -74 142 69 19 -113 -100 -91
-96 23 111 202 20 103 14 44 239 36
-9 151 -97 -69 -3 -77 116 -68 -80 -63
19 -107 191 -3 -12 122 -32 -13 -150 -10
172 314 185 -104 240 42 12 181 -104 -210
-88 -218 -159 -116 -57 36 -84 -82 57 293
-118 243 150 -87 286 324 103 -144 157 79
19 -156 -67 -157 -101 44 -25 -108 -110 145
238 -194 31 -165 -132 28 -102 22 -270 130
-17 -25 -110 145 -141 -100 43 -41 6 -50
68 113 -134 -52 -78 -90 124 -113 -92 -29
-45 -190 -42 -54 -126 -52 -96 110 26 124
-92 6 116 33 80 27 64 -111 -79 -90
-32 -44 48 110 -131 26 72 -61 67 24
-37 116 -149 154 -31 -141 3 126 99 -100
-163 -108 -65 237 -89 74 -17 -35 310 150
-175 137 -72 260 61 49 63 -23 333 17
43 127 -24 -71 84 -195 32 101 -75 -114
-92 -243 110 140 -164 77 -35 -26 114 90
-126 192 -185 -59 57 27 138 -157 94 67
254 140 -6 -194 63 44 -51 115 -98 3
-21 120 -115 -124 90 -3 -55 101 28 -56
114 32 85 -117 134 68 -29 -23 -59 11
-65 145 193 -34 186 85 26 41 -23 -189
18 51 -33 -56 -13 68 63 -125 6 6
39 128 -118 -102 4 -56 6 70 -86 -58
303 108 112 -186 -33 76 -20 126 -307 -41
103 -166 171 -61 -45 -30 -157 264 -72 33
-75 -130 130 -9 112 332 -63 -173 125 183
21 155 -19 -40 56 -282 126 -11 -212 -263
-291 -150 -94 121 -39 50 -25 -82 274 113
1 -15 311 -99 155 20 -7 18 -226 -238
58 88 -7 30 -29 -196 64 99 -41 -66
-69 -163 36 158 -59 -122 -40 11 21 -88
-61 -100 -169 245 -192 -19 20 -100 165 76
101 116 -38 -12 37 -130 41 11 -162 -149
13 66 62 7 75 199 77 -175 105 133
5 -58 293 87 117 63 -43 72 25 -69
65 -256 -161 -18 -188 -128 -68 -60 -84 151
-45 -59 76 -179 55 -4 -13 -2 -108 17
25 -43 117 -91 32 166 -13 -106 -131 -50
118 -43 40 10 -166 -76 -18 157 -92 5
187 -145 -82 -177 -111 -118 -85 42 -284 57
-345 164 -177 238 117 61 111 -140 477 59
116 -79 47 -27 -20 115 -70 -17 -47 54
-75 -88 186 -211 103 95 -5 -50 -103 57
-108 40 -42 242 -64 21 72 -80 169 -61
-45 -65 -151 -22 -151 -89 31 -42 -51 64
-88 158 268 61 235 41 90 -25 -30 -220
-66 -95 -8 -81 5 -159 -74 132 -44 -56
24 -92 262 3 6 -59 -76 208 -153 -160
-61 218 42 8 158 -248 56 137 -124 -394
197 -39 42 -124 -51 29 69 -172 -203 93
-87 -96 -69 -53 -7 -116 -64 66 31 -6
96 127 -32 -272 136 126 -4 -34 -96 100
-94 235 -130 0 131 -81 131 -82 155 -43
96 -208 -66 -236 -68 49 -128 -28 -171 142
-121 60 94 147 53 122 50 -82 67 -127
-185 297 -88 181 241 -31 113 -71 235 -161
-143 -19 3 0 51 -64 54 -82 9 -25
145 -136 -62 -44 -199 144 -15 -99 44 262
-41 71 -13 11 14 -184 -2 168 -110 -152
29 -140 195 -150 29 113 -23 -95 -155 -3
-69 59 19 -76 113 156 104 -268 29 53
5 -38 14 -112 53 -10 -76 109 -17 75
-149 -96 -76 62 -66 -143 -59 145 100 15
-182 -187 -117 51 -148 -44 2 -57 126 193
-61 -142 -118 242 -207 -99 -110 184 98 -10
158 -132 -20 -140 -116 -107 -49 -8 -382 -79
-124 198 87 200 125 -123 68 153 134 -189
-76 1 -96 11 -4 202 69 -208 219 315
160 -305 28 -155 -257 93 -101 13 -101 289
32 -128 -20 139 -163 -12 -102 204 197 170
142 198 68 -248 138 146 108 -172 -188 -41
209 36 14 -230 35 206 2 -129 -113 162
121 -28 -116 -106 -26 -70 -80 79 -110 53
55 206 -33 171 -13 -114 97 31 36 -230
14 63 13 -114 -39 -163 115 -72 -213 -220
12 117 -184 86 -98 30 39 3 97 57
-64 99 -141 71 66 -37 16 21 205 106
131 -114 87 35 19 11 -97 56 -67 51
-47 9 -28 -64 86 27 29 -109 -40 73
-3 -9 96 -182 106 -51 -115 222 -88 -90
-125 -234 -107 181 -193 -9 -20 -79 142 206
-32 49 -21 44 -4 -110 16 92 -44 -48
88 59 -71 41 5 -57 4 -28 -32 -112
144 -224 47 -49 -205 -43 -125 145 -147 33
43 -102 62 -53 63 136 -4 -216 -71 70
-121 -177 -18 70 -20 -161 -86 77 9 -48
-187 -124 -6 303 -113 154 -38 2 313 147
26 77 71 104 10 29 39 15 -24 -66
34 254 58 -148 141 -91 166 -98 -242 -254
18 85 22 -17 -84 -152 109 14 -195 -185
115 -73 128 -7 -13 159 31 -179 -83 69
59 -128 10 -187 55 135 -136 11 -18 153
-81 321 167 -92 288 7 169 -72 -104 -250
-105 -82 -146 166 -164 140 -2 -55 252 268
-53 189 -68 117 52 -106 24 135 90 -173
-101 -3 -60 -45 -51 -60 2 88 87 51
52 -141 107 -180 -105 -56 -53 108 -200 -24
102 145 -7 -148 96 -39 53 -8 -122 -20
225 -182 85 -54 -127 131 -65 -27 -127 245
-76 65 -208 6 -121 -87 42 33 24 18
93 -270 134 19 -96 -15 -182 196 -45 87
57 -80 -37 -178 -15 -113 -95 90 -183 -112
151 -91 124 -16 -26 145 -30 -67 -107 92
-9 -4 62 -59 39 79 -66 98 42 7
14 -52 -191 142 -144 -216 -37 103 23 -19
46 201 19 124 -29 -133 168 -10 6 -140
-67 -137 -3 -68 -7 -57 -147 181 41 -8
60 130 -95 -123 106 168 22 -153 -2 45
-64 202 90 85 108 -1 45 137 184 -132
49 -48 -23 -252 -35 -68 62 -135 -205 10
9 -208 243 -37 -17 111 -25 -64 -47 99
12 121 159 89 69 164 83 -59 48 -3
-25 -42 -7 -53 37 116 -46 15 175 227
-54 122 112 -40 136 272 34 -90 86 16
190 188 141 -35 105 135 43 10 -65 -43
57 -228 189 56 -75 256 -85 -76 -44 139
82 79 20 36 -43 49 59 -1 -51 72
69 123 115 59 120 -37 -10 109 -63 -182
161 -229 -82 169 -306 18 -118 78 20 126
12 104 67 131 40 -90 18 137 82 -109
30 -65 -62 166 -178 -3 -41 123 128 130
281 -2 3 -166 -134 -149 31 25 -368 -72
0 4 -62 -220 47 115 -1 -129 -149 61
-89 104 -202 172 -38 -79 13 74 218 24
-86 68 141 -209 220 -1 20 -18 -129 -124
-109 1 -136 279 -136 65 0 57 333 187
-11 103 -198 -12 -31 27 46 -60 142 115
11 175 -160 101 22 -97 73 6 94 10
281 -129 153 -130 -89 70 -37 -19 -264 97
191 -160 -26 -143 -152 99 -112 38 -153 165
-7 -350 -152 -38 -248 -7 -90 -107 -59 248
177 181 -146 -186 88 61 -2 -11 -5 92
-219 237 54 156 154 -29 106 89 315 -86
-12 -4 -88 64 -22 -14 -33 30 1 24
165 -85 38 -170 -75 12 -126 160 -201 -19
-85 69 23 33 173 34 11 -53 134 -20
137 -175 63 -160 -58 40 -109 22 -203 38
-5 -64 30 -141 101 40 -34 -79 -1 49
-50 -158 44 114 -53 14 -21 -63 14 65
-68 107 -192 -87 24 -76 63 -28 99 119
-195 147 -153 25 1 -239 185 -77 59 -61
14 -56 191 45 85 265 -12 -130 84 88
-11 -36 3 29 -113 -194 71 9 -150 -96
-19 -78 -184 82 -147 -126 -47 131 222 203
97 -105 7 -20 -20 -110 -80 88 -112 12
71 113 27 -87 84 -140 9 96 -159 -179
163 -251 102 9 -219 158 -128 64 -81 156
54 6 21 -35 14 124 -126 168 60 22
71 -226 -22 35 -151 279 -77 -139 153 352
-159 268 -45 -91 309 -107 129 -86 63 -106
33 116 -3 -145 56 21 -31 146 16 -8
-62 -71 80 252 -161 99 -24 133 176 109
-22 17 141 0 91 30 51 -72 -86 -51
-13 -79 -82 -85 25 -37 -60 -20 -32 45
167 -112 -128 -45 -212 -209 -39 59 -204 -66
-40 113 -106 -144 165 -204 90 -138 -117 -146
-192 40 -76 277 -27 -16 61 -23 260 31
129 -73 31 -67 -36 152 -51 -48 -123 125
-291 202 -26 90 253 70 67 -50 334 -46
118 24 -33 131 -189 28 52 28 17 115
47 -14 71 -85 71 106 38 -187 -129 -2
-86 -123 -117 167 -94 197 12 -229 207 247
-138 -71 34 176 -70 97 28 -57 179 90
-53 15 25 12 62 -60 -6 9 -4 -146
-130 250 116 123 252 11 104 -46 27 -260
55 184 40 87 -9 -83 49 149 -9 -196
118 -63 14 -89 -139 88 -68 127 -45 143
197 107 -18 -75 21 -1 -22 95 -16 29
16 -38 24 109 -115 1 60 -53 42 47
95 14 101 -214 74 -33 24 -50 -315 -102
-152 17 -201 53 -82 -54 63 -46 187 153
80 -272 -87 -47 -132 223 -116 -120 95 431
-131 -69 94 66 122 179 -135 92 182 44
181 -14 117 -14 -105 77 -59 173 -25 45
19 -132 -72 122 -161 56 -63 -9 70 57
42 123 -40 -3 34 75 50 -91 -121 -73
-122 318 57 -233 368 -87 62 58 -89 -292
77 161 121 -174 202 194 -19 -6 -83 -89
-163 20 3 120 17 -126 -7 114 104 -165
-55 -66 152 -16 92 200 -17 -99 63 77
-22 70 -304 -158 -20 -264 -1 96 25 67
8 23 -212 57 -97 -224 -56 174 27 -85
-43 215 -183 -61 227 110 24 -130 153 56
-1 -103 54 120 -83 149 -36 -33 128 88
-117 -26 -76 81 -26 -175 41 -21 32 -78
117 -6 79 -118 -8 -260 -73 268 -287 -231
139 -39 74 -101 3 115 -84 79 -80 95
-115 179 63 235 2 -49 82 149 175 -120
55 15 -219 -116 -114 -122 75 -109 -123 90
-95 -65 -139 123 -68 -59 -43 39 160 62
35 211 -12 -208 183 3 -47 179 -93 -93
-199 64 22 122 84 30 22 41 262 1
-56 223 -144 246 37 -178 78 57 135 -204
-172 242 -100 -40 309 74 49 -104 192 -36
-164 151 -119 206 24 -99 164 -128 235 -26
-261 236 -29 208 117 -36 151 -21 282 -88
69 -114 -26 134 -184 80 34 -95 64 230
-139 40 -52 -69 0 26 29 -12 25 -11
-68 29 -278 16 -43 -127 -7 8 177 76
-40 188 75 92 56 44 46 133 124 -60
21 166 80 -95 114 -246 113 20 -245 -314
-13 -218 54 -158 -56 122 -118 28 -56 183
-84 -77 -73 -42 27 -10 5 -161 -42 -19
-23 85 207 15 101 -224 51 134 -126 -343
151 -290 233 -72 -101 60 -95 -52 -328 -67
75 -149 47 -110 5 -3 -151 108 -187 -21
9 97 143 -26 116 -65 61 -17 -150 -236
66 132 155 77 75 -3 48 56 -54 -166
146 -210 131 -111 -78 -51 -51 -40 -318 -38
46 -56 158 -127 73 61 58 -186 -206 -17
63 222 -68 -18 97 -98 33 79 -110 -176
-72 66 -160 142 -85 -96 27 28 70 -98
64 148 -46 -243 224 11 20 -119 -119 -94
-149 78 -204 187 -28 -87 103 -128 206 13
-29 49 11 161 -19 26 -15 104 66 -9
-50 -123 13 -57 -45 110 -15 -132 12 36
-19 59 94 158 -52 91 63 -51 36 -152
-10 270 159 73 157 42 48 172 97 -174
44 84 172 57 105 15 -29 118 3 -200
-8 66 104 -42 89 -45 73 -42 -79 -84
71 -168 35 95 -121 31 -53 0 -11 123
-229 -64 -20 301 -23 -100 29 -10 190 -38
-49 -27 -107 -81 11 -198 70 -137 -87 -72
39 90 -241 19 -32 -260 24 18 -88 -148
-283 206 3 229 243 174 25 -11 404 -45
-7 327 -174 -147 172 -29 110 -42 59 -26
117 79 -240 0 -64 -148 -31 87 39 -1
1 -152 278 29 -5 -17 -20 34 -160 -107
-75 -148 -92 49 -210 -123 2 11 -53 6
129 -232 23 133 -288 159 -107 63 28 198
31 -195 135 -117 36 150 -209 151 -41 71
206 -3 179 -23 43 196 -30 -63 -101 -26
-36 -111 -56 -35 4 -24 -105 53 73 20
-46 163 -34 197 48 -53 38 49 65 -196
-50 68 -256 -123 -2 -197 80 -125 -45 -40
65 233 -88 132 -80 -160 137 70 9 -121
-101 229 -87 31 31 -224 67 202 20 -196
99 -112 -31 10 -174 -146 -63 157 -127 -5
13 -180 20 93 -182 -72 4 -61 -128 -46
76 -266 -28 -202 -70 144 -58 -214 -84 307
102 275 -44 -37 152 -50 38 68 -50 -170
94 -286 178 -72 -38 103 -173 79 -108 126
-132 340 -76 122 203 -125 118 29 80 -263
88 -137 -31 80 -149 -7 -52 16 -72 82
123 -99 -65 90 -128 28 -78 23 -58 49
-56 68 110 -97 130 226 -31 9 61 20
-82 59 0 192 43 16 -1 26 168 -83
87 69 -27 113 -147 -40 59 35 -12 -72
171 -39 172 -86 60 31 10 -76 -205 -23
13 188 101 95 38 77 99 -1 -14 -111
-17 104 24 89 1 35 49 -5 51 -113
30 -191 237 -113 3 236 -5 -172 -32 164
4 46 -220 9 -69 -164 23 14 42 13
205 96 80 -107 -1 37 -8 64 -234 -124
-135 138 -165 174 -33 -65 109 -37 201 30
-44 -113 131 -60 93 260 -4 -219 39 162
131 44 212 -146 95 150 17 -74 -210 -109
89 -224 -59 -29 -90 160 -191 43 67 216
-66 -22 -191 101 -109 9 47 -121 89 140
-9 14 148 -42 134 185 -3 -105 -20 -35
88 39 -211 -141 -89 -186 -4 70 -55 6
-190 -70 -166 90 -57 -239 -15 82 81 -18
-61 67 110 -85 210 -51 21 -38 -76 -176
-105 207 63 -11 261 252 -4 -39 119 -67
8 -191 31 131 -64 61 -120 29 13 52
0 138 -23 19 15 -59 55 53 -79 -89
-190 138 94 107 196 -9 112 -119 29 -187
67 31 -92 -11 -138 -105 50 47 -65 46
-239 119 -190 250 24 -302 113 -17 145 -194
-109 14 -90 10 -79 -142 66 36 15 38
123 164 14 -42 27 -287 26 207 -218 -291
-190 88 -38 204 137 159 60 -161 356 89
-137 -148 -7 174 -204 69 1 16 152 157
117 31 89 -92 113 -139 -5 26 -189 -165
33 -72 71 -166 70 95 -101 42 -86 23
-55 -224 143 64 -60 124 -32 -106 84 100
-44 266 216 65 265 -37 90 69 -30 -282
175 214 -182 71 -42 -175 26 132 -59 -121
48 -65 133 63 18 90 20 -133 -112 -33
-76 -162 -120 212 -193 -166 -32 38 63 -18
-33 202 -143 104 11 -41 85 3 101 -30
-37 138 -128 -25 0 -193 153 -120 -66 -125
-112 202 -11 -13 181 38 39 48 130 -16
119 -36 -65 -150 -40 216 -36 -125 -26 170
118 38 75 -83 79 -27 95 -186 -181 -50
-22 11 84 -60 37 -232 7 131 -180 -223
-219 1 21 167 127 95 -29 -17 301 3
-115 98 225 111 135 134 48 18 83 -87
-165 143 41 57 165 -121 2 110 38 -328
144 87 6 -317 111 -185 30 1 -266 -157
-267 129 81 62 238 72 23 28 241 -51
-34 -39 -90 -70 -48 -158 68 -79 -90 39
-57 22 12 -113 88 -53 -42 120 -35 6
2 -60 -52 1 56 -20 -38 -60 42 51
21 128 142 18 150 183 48 -53 79 49
135 121 28 -142 57 -197 36 90 -180 -186
-38 271 -49 52 173 -108 99 26 70 -127
-99 -34 -191 -89 -30 -94 100 -210 28 153
211 -117 126 -316 -50 60 -79 36 -365 4
109 -22 92 -122 29 75 -34 -9 -146 -23
124 3 -62 -16 -80 53 57 -123 -52 151
160 -185 105 42 -100 53 -101 55 -102 95
-43 135 -67 -93 176 -96 38 -44 0 -106
140 -170 220 -43 -136 74 -31 23 -149 17
-119 -129 -67 -60 -70 -58 8 -56 -6 107
-29 -26 96 53 -64 99 26 22 33 107
-185 32 7 -39 18 -92 137 -136 -3 -87
-20 -77 128 -128 96 17 12 -131 -143 -77
120 118 -68 -192 48 -116 -23 128 -109 -74
191 -111 144 -260 -39 76 -106 84 -333 -33
100 22 51 -79 55 63 -119 169 -71 -45
-64 -49 -113 78 -80 -277 -18 111 -51 -139
30 275 75 68 85 -111 85 143 -85 -298
168 -30 -28 -19 -111 -32 12 -30 -201 19
-96 -127 -122 18 -110 -200 -10 37 52 48
216 -197 62 -182 -176 103 -116 87 -157 195
-226 9 -37 146 15 -37 129 -202 93 -52
8 277 -276 -28 122 -95 54 -7 105 -39
115 96 196 -103 126 115 -40 97 -133 -123
132 56 65 79 -7 -29 36 28 2 3
-31 10 -212 80 -82 -100 17 -32 105 35
-106 213 -109 -65 218 -5 90 -110 125 8
45 -250 -4 -102 -94 71 -102 -55 -35 176
-136 116 129 278 144 115 -45 139 222 -140
-2 -90 -74 128 -166 58 54 -136 98 171
125 -239 268 -5 -53 200 -98 -17 -129 102
-62 26 99 44 -5 -119 99 -29 -103 -146
-141 -42 19 90 34 -109 -53 118 26 -128
-155 152 -98 154 55 10 85 -42 294 9
137 24 195 172 -69 70 -62 211 23 -130
-29 290 66 -108 254 120 77 -23 95 -91
52 -39 -136 -170 17 44 -107 47 -42 136
-179 -78 16 140 -5 130 36 -147 249 116
27 -206 -36 -30 -205 -30 -63 61 -52 161
7 280 -44 -119 148 71 60 53 37 1
-42 -26 84 91 106 -12 -12 -20 18 -29
73 155 155 -125 190 148 24 -25 -74 -72
-120 46 -101 161 6 -122 20 37 146 -64
-127 -76 -29 232 -58 -11 -22 19 223 18
62 -106 -91 -319 31 -115 -38 -31 -182 163
-278 97 -100 110 84 -19 43 8 284 -7
207 -1 237 32 1 233 -37 14 -73 -5
20 32 60 -326 170 36 60 -205 -236 -47
-24 95 -64 65 55 101 -11 -3 105 23
56 65 115 -64 32 77 -41 169 62 16
0 -133 15 153 -90 27 -13 -62 52 83
227 -151 163 -137 -23 42 -95 38 -218 32
-182 -119 163 185 -63 -82 81 -89 -44 -183
-124 -101 -141 86 -98 -129 -74 111 115 -11
-8 45 -127 25 30 -80 -59 122 67 27
-44 -84 -52 82 -33 -181 25 -65 -67 -76
24 343 58 -59 123 37 206 -112 -94 -193
-107 -113 111 -58 105 106 -64 -38 47 35
13 -138 -85 -67 -164 -69 -17 -36 -116 8
73 -60 46 38 -109 7 30 -70 -46 -51
99 177 16 -223 157 -61 3 100 -91 -84
-9 146 -59 -63 40 61 33 33 62 52
-92 127 -117 185 -46 -181 106 13 83 -118
33 0 -97 -55 -120 53 9 14 52 159
181 -156 182 2 -50 97 -177 197 -90 6
-114 -157 23 280 -111 -179 -25 70 123 -96
-57 -16 127 110 -24 11 46 12 17 -15
25 88 -136 32 -37 56 43 -36 246 169
26 -12 99 50 -98 -114 -24 213 -110 -129
25 -204 21 81 -107 56 -33 -80 132 207
48 55 -2 -236 191 43 -86 38 -72 -33
-193 -63 111 47 71 83 -14 -56 20 -117
52 41 -81 161 -101 -52 -28 122 123 -43
-18 358 -94 -96 258 -108 184 -128 6 -108
-245 -229 -173 103 -96 -39 -109 29 266 163
-8 306 183 -72 299 218 68 -8 79 -99
26 -3 71 -40 -55 -154 12 108 -245 -182
-79 292 -131 120 62 -293 115 144 50 -253
-72 122 -14 -121 147 -9 36 -55 -38 -146
-43 -25 -19 135 -91 62 34 -82 5 -16
74 59 129 10 37 -150 -12 171 -163 -225
172 -109 101 12 -22 168 -34 -128 -86 100
-3 -27 -23 326 -134 -12 -40 103 182 -71
83 -15 295 -94 87 -11 -23 112 -221 -162
132 56 -154 66 -150 -66 10 61 52 39
-49 -183 72 5 -88 13 55 -185 -42 88
-130 328 -52 218 149 -105 155 -15 125 -256
-141 -91 -122 129 5 -8 -48 -31 163 113
-42 254 -50 -115 209 -79 60 53 38 -92
11 -369 116 88 -117 122 -93 -168 -42 128
-221 225 120 30 243 -214 157 13 -10 -288
27 163 -113 -46 148 61 14 -78 73 -12
-215 36 -181 307 40 12 17 -75 401 78
-120 -149 -45 68 -175 -64 69 -103 42 108
-31 -99 -77 -192 -17 -82 -38 16 -53 111
-79 200 -269 56 -13 -158 126 -53 127 -8
-29 79 -175 166 -32 -85 14 -1 129 -74
-7 63 65 63 114 105 -5 -39 84 -46
153 -34 22 -117 -16 138 -126 147 66 162
-40 74 -14 103 5 -17 19 47 129 -58
114 68 87 -141 75 215 22 -80 30 146
-159 14 -23 45 111 218 4 -155 205 105
-77 -150 73 -150 165 87 -91 -91 11 79
-46 143 16 24 83 -82 93 -67 -130 -246
-176 84 -65 180 18 -142 127 -91 79 -113
-33 262 38 -87 245 -49 75 -3 -131 -232
-22 -151 -80 -39 -111 174 -111 11 100 207
-85 -96 -57 -72 103 56 -88 -49 51 99
27 183 -67 -19 59 -3 76 -57 42 -106
84 -69 1 24 -40 284 -95 -39 115 173
23 14 126 149 40 113 25 -48 120 29
255 78 239 -263 58 32 31 21 -423 -154
-86 66 70 92 43 -174 129 -79 -84 -219
26 -179 212 47 27 147 -38 -141 -90 -22
70 46 -56 122 -113 31 85 -105 69 33
-143 29 -205 48 17 -132 -16 13 199 -65
-101 158 -101 -70 195 -17 41 -94 23 -99
-20 54 -19 65 40 43 34 -17 127 139
-162 -131 17 21 -61 45 -14 -7 148 128
-86 104 61 150 72 101 -41 135 196 -86
167 -28 113 -162 -44 -92 28 -23 -406 -172
-115 101 -99 106 -29 59 52 27 284 143
-22 35 118 61 11 75 34 26 16 21
-65 136 135 44 83 -42 121 -22 -46 -149
-41 -174 -199 36 -130 -28 -81 -30 175 165
106 38 31 -194 73 -97 46 -100 -272 -160
151 -68 166 -117 -20 -33 -53 136 -216 -2
6 -104 -4 32 -86 -159 83 -178 -172 -124
36 118 -166 -58 50 -207 -2 97 -73 -73
90 -120 186 74 -12 181 -44 -38 73 114
-7 -113 86 -42 7 202 -79 -53 -42 42
140 -64 95 -121 81 175 -157 130 39 167
31 255 -112 59 144 -136 77 20 -3 -114
59 154 -29 -188 97 74 23 8 -30 43
-66 28 -106 57 -49 -213 25 67 -75 -133
19 -100 152 -113 67 97 14 -150 -108 44
-80 36 -103 -93 107 -99 -45 57 -15 -46
-36 106 -114 96 -60 -48 83 15 167 101
144 12 186 -59 57 90 -18 23 -123 -42
-27 -232 166 129 -167 15 -29 0 -61 -27
-9 -125 -186 -38 -154 -118 -99 131 11 93
149 -108 113 -203 -40 136 -36 -26 -160 179
167 -386 14 -129 -215 53 -179 -14 -249 145
142 19 26 -277 76 16 48 -163 -236 9
-85 143 12 99 -5 -63 106 47 68 -53
119 -190 -116 -120 -149 -27 -31 -118 -199 180
26 -60 -108 -68 -113 31 9 -36 71 230
191 -79 79 27 -33 20 -56 53 -59 119
-33 -208 -56 16 -83 -65 -35 -85 -41 116
-49 -55 -12 -4 29 105 -81 10 -5 25
19 156 148 -195 274 37 19 5 -70 -99
-19 -111 111 82 -32 -65 54 -105 -19 -31
50 -83 109 38 -20 -128 -92 171 -116 -203
210 -39 -53 -245 15 65 -80 9 -82 192
65 -292 35 44 -72 232 -191 12 147 334
-161 -63 -83 86 -110 -11 -8 91 243 186
49 -108 89 -147 34 164 -25 -113 -51 178
-101 11 -92 -154 79 -6 144 -329 -41 93
2 217 26 -45 197 20 13 75 38 -100
206 -72 9 -100 -30 137 -162 128 -59 105
125 -164 64 36 -217 -51 -47 77 -193 -33
-8 1 -143 -102 -7 202 26 -182 85 302
98 290 -123 9 187 -24 56 -56 -15 -160
-7 211 -239 124 -1 -303 69 91 21 -199
192 -61 124 -191 -59 199 -39 -19 -91 118
-284 131 -84 107 235 72 42 -106 325 23
66 152 -18 10 66 -130 40 73 -14 -130
227 -84 -188 -146 -216 -98 -81 117 -75 143
6 148 -27 7 7 -47 69 5 -33 -156
-38 -272 -179 68 -230 -85 -95 -6 68 143
33 -30 125 -25 -34 -14 67 -70 -155 -59
44 -297 -51 -45 -216 58 -131 8 -61 173
-67 -147 -79 -115 -49 96 -53 -76 16 202
-31 -94 -110 -37 -58 78 58 -253 20 195
-2 34 151 -90 131 -94 10 21 -165 -240
145 -181 -35 -149 -57 126 -166 34 -53 172
-104 -97 233 -77 141 275 -3 -187 -3 46
98 6 282 94 25 114 -76 229 -1 -43
45 145 -72 -12 35 -161 73 17 -89 -112
0 -27 -161 7 -104 -85 12 -28 65 48
-35 170 11 89 172 -102 61 8 5 -130
136 -201 72 195 -193 101 -153 160 69 106
-62 -8 -163 231 -68 32 -33 17 235 122
-47 -228 -69 94 -178 -8 -24 -90 -38 155
6 309 3 -34 176 -61 98 38 15 -217
-93 192 28 29 148 108 0 111 186 -19
0 78 -5 -167 118 -22 77 -141 -167 -37
143 199 123 -64 85 -77 71 46 -267 -296
-113 118 32 62 163 61 -3 30 173 -66
170 -94 -16 -131 -62 165 -81 -19 -54 221
4 193 73 144 -20 -155 146 80 5 -170
-113 236 -12 115 85 -105 115 54 99 -177
-261 -102 -53 274 -105 -65 78 -111 196 15
-84 182 144 -42 190 263 124 -177 71 51
31 0 183 49 58 243 7 -57 88 117
23 -27 -5 36 24 -134 -40 86 -40 -53
-158 -31 169 202 112 99 -13 -25 140 -94
111 -172 -64 -166 -116 141 -60 -97 -49 282
48 78 -206 -75 -74 -25 88 -116 53 157
42 82 -140 147 -63 -175 22 124 90 45
-90 262 -274 20 8 -183 220 -145 135 23
121 85 146 -331 138 -108 -10 120 -314 -172
-18 37 -127 32 -66 -27 14 0 15 4
107 30 -133 -146 -69 64 -15 -16 -36 117
-89 176 -45 173 18 -145 47 177 196 -116
-16 1 -38 -127 56 186 -5 -135 -37 132
29 -222 159 -53 25 215 -55 -189 -25 144
-28 -148 -6 14 -48 -168 -11 -2 -45 30
-82 -159 156 -6 -45 111 -38 -38 -64 -42
-50 7 39 0 3 13 36 -32 -52 -24
-18 0 87 -214 149 38 67 -191 -156 16
-43 -25 -95 -86 -29 -42 -13 -31 -108 -57
30 0 -110 -43 -71 -250 7 114 18 -23
-77 -36 -18 -129 1 -2 1 -35 -150 -19
-108 1 -56 77 5 -90 92 -140 75 -22
94 -109 26 10 -28 -112 -121 151 -147 -88
-48 16 67 80 -62 -129 27 141 4 -100
136 294 4 -127 210 54 84 -55 -30 -73
207 39 83 -135 -1 64 33 -70 -138 -9
-64 124 -42 120 108 109 -2 24 247 89
-12 -138 24 -99 36 136 -107 17 45 225
60 -190 -23 -123 -50 -81 -123 79 -146 65
-207 -19 -45 13 113 59 -32 -43 146 25
-63 42 -121 143 -55 59 86 -131 214 166
-144 259 -57 5 126 -73 74 98 157 -159
0 138 -87 -72 137 -76 85 -126 -6 -41
323 -208 -65 -80 -256 87 -109 -5 -178 217
-96 60 87 -59 202 150 -19 -38 75 12
-146 -68 29 5 40 69 -24 -18 129 73
-20 -5 38 34 74 65 -30 -26 -41 -27
-93 27 45 33 4 125 82 -148 77 6
-59 -101 69 -46 -35 105 -17 2 71 183
-58 95 -1 16 129 -51 -1 41 97 -105
40 150 262 -128 248 179 52 -64 -73 -87
119 -225 118 -72 -93 234 -90 -81 -39 210
11 251 176 67 123 6 61 157 82 -232
16 27 189 -81 97 79 -40 90 -44 -108
-37 79 74 79 16 37 130 -122 -7 5
-69 268 -316 -47 82 -141 114 -87 121 -66
52 -138 -21 45 -169 -77 63 -138 -87 56
-7 -145 291 28 67 309 -73 -84 -27 8
143 -157 77 -100 -54 66 -61 -66 -249 36
45 58 193 54 43 -42 38 73 -101 -158
-167 -54 -120 76 -48 10 65 -134 273 197
-78 128 74 -60 114 27 18 67 17 -130
-26 48 -22 15 40 -305 17 109 -152 -259
-99 -56 -79 -40 -47 24 29 -58 86 206
-191 -75 -167 106 -40 -123 63 -166 164 22
98 90 51 77 34 91 -26 87 17 15
-57 -6 154 171 22 109 36 -42 147 -11
63 -121 33 203 -131 -38 -125 200 100 -41
192 -7 94 -86 -47 117 -59 81 -177 27
-93 -237 15 232 -110 30 -61 -59 141 84
-99 117 -59 111 -70 -30 68 99 140 35
-267 189 -93 204 94 113 30 87 481 83
43 120 -100 -108 89 -102 -60 163 -65 -73
66 67 -20 -58 18 130 -21 2 23 42
15 306 -228 -87 10 -107 53 189 120 2
-93 211 -101 -77 221 18 46 -38 141 16
-112 -58 194 -39 164 228 -67 0 115 101
4 -97 -84 -28 -24 -64 -51 -34 -31 -7
34 -105 -76 14 -96 136 -136 107 160 181
-9 -38 -57 139 -119 64 8 -42 59 59
125 -53 -84 -156 -71 -103 -77 131 -79 68
104 -111 173 -85 -119 -90 35 10 -280 -92
140 -151 60 -26 -220 -39 -67 150 -90 42
37 -226 -189 -64 -170 -2 -110 -18 54 236
86 65 134 -228 153 -94 0 60 -233 -145
-182 -47 -31 -49 80 -9 1 -77 -30 -3
-184 -5 49 71 5 -136 140 -143 -45 -145
169 -195 10 -95 -200 86 -45 -42 -107 214
53 -104 40 -86 56 44 -86 43 36 190
5 54 -24 28 -68 -20 29 52 -65 -29
53 28 217 197 21 113 -14 51 36 -166
123 -34 110 43 -78 181 -63 88 86 88
-150 -113 70 154 78 115 -108 50 199 60
-9 -201 -40 27 -179 -152 86 -208 -125 31
-88 99 116 -76 212 19 -21 71 64 -127
64 58 -118 -43 -97 16 70 -96 -41 44
141 -68 202 -119 -4 -35 -46 73 -359 -188
-18 110 -134 -69 -72 -146 41 125 -25 -16
-74 10 14 -141 152 59 -28 -53 -71 -10
141 -188 -158 -119 -189 3 -104 -5 -114 167
1 105 16 -33 44 178 22 -7 44 115
-31 -52 -13 205 44 104 -49 -66 189 63
-197 -4 -151 -67 79 -9 -2 -74 34 71
111 87 -100 -93 -15 78 39 -115 -98 23
149 -32 109 -41 -56 161 -16 -6 -83 109
-60 77 -198 -58 -59 -257 14 123 -68 -133
-155 110 -41 79 124 -161 130 -125 67 -126
-140 -11 -104 228 -114 103 15 -30 212 91
-13 99 69 80 -30 114 44 42 98 -8
-123 -73 31 201 -29 33 6 -48 222 -1
40 -11 93 42 -64 -33 76 -39 -5 -11
-101 175 -74 118 46 -153 59 124 180 -100
-74 -17 -2 281 -91 -29 -40 163 174 -13
4 16 -120 130 -134 -24 18 51 174 116
132 -137 163 -108 -43 56 -6 -55 -175 97
-62 186 109 152 39 123 95 -3 71 -128
148 -111 221 49 -33 170 -12 -56 -51 118
-138 -28 37 87 57 126 26 -115 213 87
77 93 158 -191 185 63 62 -124 -166 -91
-22 108 -50 -206 178 4 37 -136 -131 -95
-125 -106 -107 120 -148 -131 -4 30 1 -19
41 -54 128 -112 17 165 -63 39 -135 60
187 5 -29 -122 63 146 -127 49 -34 86
-19 -189 54 -19 -15 52 42 -294 -117 49
-18 40 86 -129 170 -13 -7 3 2 -44
278 -231 40 -290 -172 -46 -59 -35 -403 121
273 58 70 -278 24 64 -46 81 -216 32
-83 91 80 36 138 92 10 -6 -26 -70
-88 -39 22 -12 93 -54 25 -126 -118 -101
-103 55 -93 37 -2 -121 -17 146 120 -34
44 -85 -90 160 -132 20 -66 62 140 123
-218 58 -85 26 36 91 110 -223 143 1
20 21 23 183 -62 44 18 10 114 -9
-43 112 35 23 70 -187 121 -38 -106 -173
-232 70 -75 75 78 101 66 -144 205 12
94 205 -43 -22 129 75 -27 99 9 -9
-63 62 3 119 61 93 -9 30 169 61
12 -21 -97 155 -58 -108 -40 71 22 -42
-115 90 -47 56 68 -58 127 -127 157 49
-26 -131 -108 -90 -11 0 -146 102 79 129
142 35 -44 25 -9 -85 -64 127 -52 -67
-27 -22 22 16 -86 57 23 -22 4 -8
-32 75 -62 73 -64 -72 75 -6 3 -50
73 21 -15 -224 67 98 40 -182 -111 67
-35 150 -92 -70 65 -72 92 -70 -17 -72
-44 -93 -28 88 -39 42 -36 -40 -33 51
47 -138 -66 -42 -137 74 -41 -56 36 155
131 36 -29 -131 -18 -199 -35 153 -140 -142
159 1 -46 -28 -59 -224 3 59 -216 -124
-30 -235 176 -25 -68 173 -99 -24 -86 16
-40 -139 101 -147 -13 73 -23 -82 -153 -9
-177 127 -217 228 13 -147 42 28 256 -93
36 -32 -174 25 -114 -101 15 -7 24 149
-41 -143 -19 56 -56 -5 -113 86 42 10
-229 304 -122 90 164 -117 105 100 230 -91
244 -183 90 -328 -59 139 -73 -83 -245 198
-115 -62 -83 203 -105 -54 2 32 177 71
143 -219 35 -31 -117 63 -178 107 -162 48
52 2 -96 -55 66 153 -139 106 154 216
234 -147 -76 -302 -147 -40 -52 -31 -317 137
29 74 17 -141 58 118 56 -86 -68 129
25 64 188 68 -13 129 17 67 -13 -113
-127 -131 -6 -2 19 33 -6 -110 98 132
-258 200 -120 67 182 129 135 -223 278 53
-25 234 -100 -141 179 -58 72 -45 -19 -119
-42 147 262 -23 197 -37 65 59 -123 -270
-23 29 -65 -91 -11 -129 -8 116 -8 -2
106 -36 -255 -24 -179 9 -43 31 153 262
28 -56 41 107 -109 151 -20 -4 12 83
105 -231 200 -103 2 83 -112 -7 -187 37
118 55 165 -151 41 105 28 -22 -166 -68
1 84 -89 57 76 14 12 -58 122 1
120 -26 105 -107 44 97 -39 5 -18 64
-106 -38 -16 -3 -8 -52 -13 12 1 -91
-75 110 121 -59 184 38 3 27 -19 -177
115 -89 -144 -98 -198 -352 9 98 -261 -55
-183 125 79 101 227 -57 122 -176 -44 -223
-177 -189 -132 12 -51 -12 -54 -78 51 147
-67 138 35 121 64 -41 74 48 113 -39
-70 101 49 88 -39 -20 99 25 48 -55
136 33 173 -98 53 186 -15 1 -100 29
-37 -92 196 120 0 252 1 -98 91 106
-113 7 120 181 89 255 -6 -84 258 45
-27 206 -99 -130 6 -43 105 7 0 -56
-1 -34 -105 121 -150 -61 48 -79 -73 -36
170 -184 -21 -108 -85 87 -47 -167 -203 149
80 -29 169 57 90 241 -92 7 39 9
139 -102 11 36 -107 -53 -18 -50 -180 -72
10 -172 -54 70 -195 -178 59 -120 -138 -14
-63 11 76 87 -66 117 33 53 134 136
-40 -143 0 236 -183 80 -62 76 147 121
87 -90 81 141 -57 195 -93 40 97 108
-15 93 -139 -136 65 -16 -64 120 -3 19
-131 96 185 218 157 229 39 -54 241 -9
-22 73 54 -31 7 124 51 -1 126 116
169 -259 62 -107 -138 46 -124 13 -212 112
38 -109 33 -52 -24 36 -8 -86 -78 96
38 133 -47 71 -18 51 49 8 178 16
87 100 -100 -106 -38 -65 67 -14 -86 48
68 -14 -112 -266 -8 -163 -44 95 -157 19
133 38 201 -154 32 -184 -39 244 -293 -287
-134 -172 112 76 88 99 -126 27 131 24
-79 -72 -213 -167 -48 -83 37 -181 -102 68
128 -8 44 -319 25 -69 97 -188 -287 -27
84 51 64 159 -82 94 33 -30 -27 -118
79 165 -46 97 -7 -93 49 113 101 -27
61 -144 -104 101 -175 102 -49 -18 170 315
5 21 74 -87 86 260 -44 1 98 206
-88 -303 -24 235 -244 -39 -22 -97 27 93
78 6 324 103 117 192 -51 73 20 -84
-58 87 -90 -4 31 -80 33 1 -20 -85
-274 -58 -363 121 -65 -240 -12 -1 247 57
124 2 72 -182 76 -78 7 -12 -129 -30
73 -119 76 -18 -6 -128 -130 177 -156 -144
111 125 167 -68 128 156 4 -8 -118 -127
23 53 173 56 -15 32 30 59 -67 -184
174 -54 267 33 -13 326 -74 5 -49 10
2 -34 -23 105 -99 36 87 -142 28 126
139 -44 271 -136 95 411 -67 -80 -29 117
-96 239 159 -10 295 -123 71 58 -99 -354
113 -6 -72 -58 -51 41 -66 58 -42 51
53 161 -180 -129 97 89 6 -46 52 136
-3 -106 -56 -59 -133 -92 26 -22 -81 106
229 -113 -20 -168 -142 -16 -54 20 -282 86
-27 -185 -141 3 -104 12 -110 10 112 173
269 -41 313 -76 -41 276 -116 188 -173 53
-65 -34 120 -39 93 -77 40 -68 -94 -116
-125 61 -31 58 -18 -129 123 -85 -62 -126
-138 151 -188 17 154 79 95 -243 154 69
-73 77 70 -33 170 15 -33 70 -48 -100
117 -298 -132 -16 -218 81 -193 48 32 243
124 -187 39 -244 20 131 -82 -185 -199 48
125 -69 71 -143 -37 92 -99 118 -38 85
51 -88 56 -39 -43 -68 28 -98 -189 -89
115 175 76 -98 85 -154 21 183 -124 -191
117 -126 139 -6 -104 -19 15 -61 -212 -69
-50 -12 -51 -1 -46 -51 7 55 78 88
43 21 -6 -223 68 179 -58 8 -53 150
-38 -20 -57 72 -74 -213 61 20 0 -21
-21 88 -297 0 39 -22 -36 -17 189 106
22 -6 -46 -94 22 -15 -26 21 -53 65
157 -86 60 -353 23 133 -33 -104 -249 146
102 -29 -12 185 -124 38 -18 5 108 -21
43 -190 187 4 -54 258 -32 -118 24 210
-71 39 -94 -20 20 -125 88 -119 -33 -52
-159 44 -104 159 -48 24 27 -18 165 -41
49 -48 -182 101 -126 -8 11 -110 71 102
-198 72 -202 -54 104 -43 -56 79 135 18
231 -197 -116 -114 -186 -5 -90 -64 -243 111
24 -140 -148 -75 -122 -266 17 -41 -191 46
94 -93 -22 -155 -82 -229 -1 24 -240 -94
146 -37 13 -161 -30 148 -23 -46 -81 204
106 -388 129 33 -290 -2 -119 62 -153 119
-9 69 136 -63 39 -101 55 58 -117 -212
196 24 -111 -13 -166 -111 -56 209 -11 37
-14 -136 30 44 -52 45 21 -177 -82 27
129 20 155 44 -100 -75 24 130 -155 -152
-30 -21 164 -82 190 192 -117 77 111 39
86 -150 245 -41 40 -19 -46 2 -225 -94
43 87 89 160 -113 6 16 192 33 -79
0 0 145 3 25 47 -10 55 -110 -76
-6 -241 -135 234 -291 0 -69 1 96 174
7 131 -41 77 83 -126 59 -34 -30 -195
-77 -20 62 258 -71 -32 33 48 138 -21
6 -334 87 -88 -69 233 -129 -130 -29 259
-15 -116 -26 106 -44 -182 -55 84 9 -42
100 103 -59 -249 81 100 -64 63 -153 18
49 -89 294 133 29 230 -85 73 6 -9
179 17 -17 -58 22 144 -76 5 22 81
-41 99 79 62 53 43 79 -98 -99 -200
-74 264 65 -43 243 104 75 -28 98 -113
-97 60 -56 -4 71 -146 26 -5 15 -189
-113 261 76 65 207 10 119 -2 134 -105
-262 147 -45 89 142 179 136 -217 309 110
29 -104 7 -156 -58 -187 -34 108 -147 -7
0 235 -158 -126 131 -25 99 -71 61 61
-5 -42 -172 -89 -100 5 19 -76 66 196
79 -48 -158 73 -109 -83 -61 81 69 95
-140 66 -202 21 -22 -351 55 73 -6 -168
40 32 59 88 56 185 4 -122 1 -20
-20 193 59 -176 78 -125 132 -16 -225 -262
4 -86 -115 -131 1 -81 -42 -34 -56 76
9 -1 222 -18 28 95 94 -132 -97 -72
-50 -18 95 59 -11 -197 52 3 -156 -293
-88 137 29 17 94 21 39 52 54 -52
185 168 85 36 49 27 -37 203 -15 -90
-24 -25 30 -44 38 -35 -22 50 -25 27
-10 164 -66 38 14 84 23 57 121 12
-161 -31 16 14 82 -95 -43 72 96 -125
193 151 15 23 -99 -81 -17 281 -37 -85
-4 -43 -228 -21 -84 -197 -37 28 -46 -42
-43 -37 -81 80 -67 -23 -1 2 119 83
43 -175 13 66 -4 113 -203 139 92 138
-130 -17 216 62 57 220 48 -64 93 97
-190 141 48 211 41 7 108 10 264 -69
25 1 16 -161 95 149 58 -261 -80 75
-55 332 58 125 182 -70 73 146 15 -314
-82 83 135 106 162 232 -63 114 235 97
3 46 -161 188 -132 -64 3 101 187 83
63 -108 -177 -87 -190 24 35 -148 15 247
-36 -155 -95 89 -180 84 -20 -57 108 239
-1 -57 -23 149 -75 80 -4 -67 27 57
-24 181 12 -31 22 -64 72 80 -60 -178
-26 222 -11 -60 76 -39 44 132 33 -127
-178 -46 -171 168 -7 7 -8 -88 358 94
139 -115 -28 68 -93 -68 -98 124 -3 96
43 -263 67 89 -157 211 -72 -117 28 213
40 -32 21 54 -71 -81 -18 129 74 56
-98 173 -103 31 71 131 138 -237 118 15
-14 -40 170 237 7 114 -55 72 150 -78
79 96 -166 -43 -29 75 -44 76 140 134
-57 132 -28 -60 43 -276 34 193 -55 -212
34 77 112 -107 95 171 76 -145 -72 56
119 -250 67 20 -65 184 -166 11 33 224
31 228 170 -106 226 -5 -2 174 -69 -227
35 -142 106 83 -136 127 -48 44 23 130
15 -70 61 -119 126 -70 34 -188 -166 -54
-39 50 -182 -83 -45 -30 132 -223 9 121
-39 148 -85 -183 35 -205 145 -78 -213 -153
128 38 -104 -108 20 -285 -40 125 -283 -173
-53 93 119 86 60 -44 73 43 31 -81
-90 -41 -45 56 -30 161 24 -112 177 226
-7 -107 -132 -101 -111 -34 -2 -56 17 181
-115 -31 -42 33 -13 -5 -68 105 116 -35
83 69 167 -137 61 -12 92 -107 -281 -218
82 250 -22 -239 99 99 52 42 -92 -2
-143 -4 67 257 60 253 73 -237 262 125
-202 -23 31 223 -25 -39 9 51 161 -109
22 89 -83 -59 36 -17 78 -85 33 112
90 -13 61 36 -14 -32 63 -82 -95 40
99 -168 30 60 -130 -121 -127 200 -80 -13
169 56 49 57 -60 -78 54 27 -26 -40
89 196 46 81 -65 -77 58 194 -38 -161
97 -179 -78 -194 -31 1 -105 -28 -113 182
84 65 137 -338 125 -101 29 28 -285 -169
37 53 -90 -92 2 -114 46 -26 -32 -2
78 -9 67 192 -65 2 28 -46 9 -116
-4 -144 -48 81 -98 -129 -36 45 119 96
-230 131 -50 59 198 -79 70 -86 79 -164
168 120 76 -304 134 122 69 -152 -217 31
57 88 58 -146 72 137 40 -55 -25 84
20 -62 -11 36 -18 73 -57 3 18 71
7 -136 -214 36 -144 -34 -100 34 74 135
168 -198 72 -78 -99 126 -78 -69 -183 138
-30 -235 -22 -123 16 23 -10 -287 -155 105
223 78 -107 -201 21 140 -31 -50 -58 167
178 -256 83 -236 -50 235 -162 -77 -171 159
-38 -46 45 -98 53 244 -81 20 92 212
101 -119 105 75 -2 62 -69 -2 -49 52
-40 62 127 144 75 205 -7 1 147 -2
-57 -153 -7 193 -110 -135 -24 2 53 -87
-119 189 -10 128 161 -57 65 34 139 -83
-8 39 -18 -61 -25 -132 139 -159 -154 -98
-89 9 87 -7 38 -10 64 -82 -130 -124
171 -35 84 -250 66 219 -39 -127 -124 105
-203 184 -156 32 63 -195 63 103 89 -152
41 -21 -98 -146 -4 97 10 -157 -101 119
86 5 -76 43 -73 36 19 -76 56 49
-141 -35 -115 15 -29 -205 -25 110 67 -63
-163 121 90 299 69 -35 69 72 241 -113
-38 171 28 135 47 6 86 36 111 -27
-20 -247 1 -21 -36 150 -66 -188 38 212
14 176 -210 194 -2 -192 57 26 101 -135
-22 -106 -118 74 -164 158 -4 -91 252 299
-94 91 -85 60 -80 -79 25 135 68 -65
-122 18 -48 272 20 -63 -57 130 178 -90
-41 -137 -185 -45 -170 -200 30 -82 -62 35
95 -18 -70 -141 -52 -97 -90 140 -215 -113
-13 -241 -84 44 -180 -90 -1 -153 -113 61
20 71 203 130 95 153 31 -41 -5 -101
133 -229 -47 -48 -229 -237 -54 72 -248 7
83 109 -88 -63 95 180 -34 -45 87 122
83 34 -13 -199 41 133 -22 -58 -150 34
-30 -44 53 -16 73 -18 10 -103 -87 -83
202 43 35 -81 -137 -133 -6 184 -204 -124
120 -23 106 18 -57 148 -17 19 10 97
-32 -50 -30 14 23 -54 -9 -58 -60 -42
-77 38 -33 95 -37 85 99 -137 125 113
-45 -15 22 48 -130 -92 -22 198 -38 -83
82 291 118 -262 300 82 43 4 -147 -193
-86 34 -39 119 -24 -223 59 6 -90 -254
-84 -63 100 3 19 -50 -35 99 110 -49
100 6 167 74 20 -34 -51 181 -41 -81
74 -121 27 -138 -138 -87 -57 133 -88 20
-92 -87 -55 185 -49 48 -68 42 163 87
21 -19 -18 -113 52 78 -98 81 -16 65
151 83 33 -168 127 71 9 -109 -177 -63
93 -68 110 -125 -96 70 -20 45 -100 26
-293 84 43 172 152 116 21 0 355 -10
118 -180 186 19 -36 169 -97 1 -108 92
57 53 35 -68 82 -82 4 25 -60 -100
76 30 128 40 55 205 75 -198 -21 84
-103 56 -73 282 -31 -36 0 72 207 -60
20 -17 155 42 53 -90 24 22 -93 -114
13 -287 39 -62 -111 236 -122 -54 63 357
74 -72 -66 -150 -51 -11 1 -89 -83 95
-129 -106 -104 180 -158 -58 24 -67 54 -12
189 157 57 -112 17 -104 90 18 -229 -134
39 -143 -78 -164 -134 -136 4 -83 -234 -48
-18 -141 195 83 -147 -135 38 59 -142 -136
106 -71 95 -11 -108 -178 -32 156 -184 -169
-39 -271 135 -90 -70 166 -114 6 -32 196
-88 -196 198 75 16 60 -51 -41 17 -36
100 -203 -66 -91 -139 136 -60 -115 35 290
-228 94 108 36 172 129 74 -87 185 -15
-120 -144 -114 125 -89 80 -24 -89 247 245
-86 -96 2 -22 74 -26 -43 -46 67 9
85 201 41 20 -54 -76 96 122 -88 -143
-115 -83 -45 34 -96 -162 23 41 -5 -5
-64 107 -173 2 -51 -60 77 -44 48 -7
-120 -129 87 67 17 169 -13 -146 95 60
-249 323 -139 66 153 -140 232 -122 201 -121
126 -78 9 -122 20 50 -121 59 -115 23
-189 78 -278 90 -37 -30 53 -46 262 155
66 -236 -101 -47 -262 13 -99 35 -20 143
149 24 -17 99 -62 -24 -87 193 55 -17
99 -112 26 -209 -26 9 11 -138 -144 77
-40 -48 -227 -76 -95 -181 -80 124 -6 -39
-16 344 25 73 146 -162 173 29 -3 -278
-90 66 69 13 93 70 1 67 162 42
-25 -179 215 199 -65 69 -134 197 76 -27
-159 -231 -195 302 -283 -116 39 -130 126 145
23 51 210 -89 184 148 -16 8 50 -2
-139 102 47 -91 83 -157 155 -84 -31 -129
68 -65 50 13 -49 89 -33 0 -23 82
222 -284 151 -77 -139 63 -198 144 -252 51
-48 -156 -137 26 -161 -170 54 -165 -97 -14
165 -23 9 -34 -127 93 44 -76 6 163
-9 -82 -95 -76 -70 113 22 -150 65 260
106 -74 44 123 -156 153 -52 63 107 134
158 -91 -67 -140 -114 102 -14 -102 -96 212
-2 123 102 -178 140 54 3 69 -33 -75
-25 -72 -19 -132 -19 112 -85 26 -84 40
-111 96 143 29 143 -207 36 142 -70 -272
-41 -73 60 44 6 24 -99 133 129 -20
26 -122 -138 -170 -35 7 -35 -152 -159 84
-35 -84 -28 96 -127 58 -47 65 90 89
360 -71 92 -161 -135 41 -72 88 -318 39
161 -209 -70 -38 -262 -61 -22 -62 -159 93
-107 337 -14 194 138 -145 186 4 133 -231
-47 35 -7 127 -76 -38 142 -149 32 -16
11 -87 -115 58 -77 -122 -45 22 -10 -5
-90 32 -275 -105 -60 -202 105 -105 43 140
-152 -128 -54 262 -177 117 -44 38 262 149
11 -110 -57 64 -46 -45 -119 127 58 50
135 -17 -36 84 -19 -42 -104 163 1 42
44 48 -143 135 -27 -49 -101 174 87 -34
-123 63 -78 -35 58 -166 100 -83 -52 -63
126 -133 11 -21 -142 -2 -76 113 24 161
-55 -115 -169 56 -181 -66 -22 -7 77 71
-50 -150 48 -19 -44 -11 -50 -1 -171 -10
104 -193 -56 -49 -213 -215 32 -71 -214 25
-161 141 19 -33 204 15 52 -71 -49 -156
1 13 85 -84 57 -164 13 69 -206 -172
23 20 155 21 44 126 -18 24 -96 -78
95 147 -53 -112 54 77 -25 95 -12 51
-14 -42 -96 -19 -62 -92 -71 142 53 29
99 256 33 -320 246 -43 88 -62 -225 -163
0 -57 53 63 -32 -51 -81 178 96 -27
93 40 -13 60 -35 -43 -79 202 -9 -57
62 23 25 -13 65 70 -118 144 37 -48
163 -289 69 45 -199 119 -131 -6 -117 134
-77 47 29 165 8 100 83 -106 127 78
-204 -48 -45 20 50 103 -31 -10 232 171
59 100 34 -19 115 3 11 5 15 -42
-187 18 -16 33 114 -58 14 -30 66 -86
-63 -38 -146 53 -112 121 -18 -25 221 212
-34 213 108 224 116 73 43 68 148 -200
146 -164 224 -49 -45 43 -132 121 -254 -150
163 115 -82 -110 -116 -67 42 92 -103 8
38 -57 92 98 -60 243 -68 24 101 86
-46 -87 139 129 -20 50 -87 166 119 8
37 -142 -35 -43 -94 -184 -18 3 -170 -25
-143 216 -103 49 60 -126 180 -98 62 -99
137 -71 -61 -120 -30 174 -135 30 5 133
-34 -95 124 -64 40 43 -1 -94 -130 -55
53 -11 135 -165 67 188 32 -122 -69 132
72 -63 -47 61 -44 2 -120 140 44 45
52 -58 -48 -11 -43 -82 -41 15 -92 -64
14 -4 5 -148 -53 -253 131 -91 -225 -133
-38 126 -55 -17 204 231 -16 -113 213 122
177 -41 5 -198 -25 -30 -38 0 -289 -22
63 -322 -102 139 -334 89 -94 -54 65 248
86 108 -20 24 22 -63 89 -123 -164 -174
83 65 -119 -32 -69 -39 -38 110 -38 -32
85 235 39 -21 25 -299 134 106 -192 -351
224 -68 120 -111 9 199 -1 -155 -83 183
-15 -77 1 182 -23 3 1 -84 75 18
25 27 -64 -104 -56 -134 70 -20 -162 -2
172 -213 10 -271 -36 -39 -132 44 -237 143
-58 -42 -78 29 -61 -341 20 112 -64 -112
56 212 -181 -112 127 48 5 1 82 70
94 143 88 55 154 48 -24 37 -66 -201
7 -107 -72 235 -112 110 -49 -18 173 225
11 -46 -44 -137 -3 27 -23 -16 -59 130
-97 174 59 -162 216 -80 50 30 -74 -202
-21 -145 70 -19 -6 68 -106 84 22 115
-38 -200 89 65 -87 22 -90 62 7 29
-101 125 76 119 150 -99 31 78 14 -189
175 -218 85 -85 -57 94 -92 -103 -211 56
-64 154 17 146 79 92 44 41 203 53
-65 -129 -172 28 -77 16 -62 -46 181 178
-127 -38 -8 47 18 164 -50 24 216 173
-187 53 27 181 60 143 27 -54 270 -15
-17 223 239 24 250 189 1 117 174 -106
-17 -49 -245 174 -229 -18 48 -106 105 145
91 -60 169 -106 107 395 -155 33 85 171
85 -207 53 -76 -76 8 -99 55 -65 171
-71 337 -162 -80 89 -134 148 36 79 -114
26 -97 56 -28 17 -43 -67 57 43 3
-87 146 -209 71 -65 -112 94 1 81 -5
26 -52 -37 -187 21 26 -84 55 -113 59
86 -146 144 1 -128 27 0 -14 -169 36
123 141 155 -25 97 206 10 17 27 -13
37 37 -62 122 -141 -164 126 -78 -59 -95
-145 -92 -59 144 -118 -129 3 48 46 -34
-237 -149 -67 -5 33 47 -95 13 137 118
115 -34 142 -88 -19 124 16 -81 -155 -11
29 1 29 -360 37 34 -7 5 -260 39
127 -50 90 -1 26 62 -77 54 -59 23
59 -125 4 -26 -170 18 -15 16 -51 121
23 151 -26 -107 41 -227 27 155 -255 -260
108 -194 232 -84 -33 140 -109 72 -74 100
155 36 277 -21 88 55 -46 152 -103 -112
-108 12 -148 -69 91 -121 27 -114 57 -32
-47 -141 175 20 58 178 -66 -56 28 44
-149 27 110 162 187 235 -27 -75 275 42
5 -255 11 97 -215 76 -48 -47 11 199
-66 -219 60 -35 -65 113 -51 -102 -1 113
-116 -305 145 162 -63 13 -116 27 40 20
-201 5 107 83 96 -52 -11 130 133 -47
10 244 209 -71 297 155 39 4 -5 -161
112 -116 -138 -174 -245 -150 10 15 -209 81
-82 20 12 243 -6 101 -48 98 307 30
91 75 93 -285 133 188 52 -150 -131 115
330 27 -35 -114 -22 -6 -119 166 -131 49
-54 34 -152 19 -79 -321 96 -12 -138 -147
-133 -63 -202 -47 -54 -242 48 -76 18 -3
-79 47 -200 175 -123 -17 144 -187 166 173
-143 100 -66 52 58 -101 -4 132 153 -93
30 -6 179 -20 45 74 -28 85 -105 -22
51 -177 -106 41 -205 -86 -25 -53 -148 35
23 193 -48 -27 109 -289 116 -7 -146 -273
72 -154 -36 32 -145 292 -76 -110 149 246
-1 42 -167 68 18 77 -79 80 246 189
26 0 4 -106 56 89 38 -188 -121 -1
105 -188 -95 48 -173 77 -113 2 -41 160
-161 -12 -84 60 -66 -130 34 8 -30 -123
7 68 119 -56 163 123 -48 39 -6 -65
-195 19 -272 124 -7 -37 32 -105 314 138
-61 115 40 135 42 -2 7 98 55 -159
118 -245 130 24 -84 201 -190 78 -83 109
-112 40 -256 9 3 94 83 -264 188 218
-101 66 -195 -57 20 -28 78 -169 -20 28
20 -75 48 -283 -8 91 -64 38 -183 64
93 43 -13 -341 84 -152 11 19 -235 -66
-142 -94 -57 162 -107 -36 46 -80 97 64
-40 146 -90 -29 -2 -200 35 176 -29 -104
-88 152 81 -10 218 229 -7 0 162 59
-1 -7 11 184 -97 38 74 -91 89 39
-183 168 -97 312 -7 -87 83 67 211 -105
-40 -99 16 50 -125 15 -19 58 85 93
77 -67 56 -49 19 -82 46 -156 -217 -89
69 -86 -58 -42 -46 -237 -70 145 -115 -39
-79 158 -138 99 21 -139 76 33 178 -59
184 -108 -167 -154 -229 -113 4 -43 -158 112
-81 -60 -170 -129 -74 -84 -11 -11 -17 72
65 -159 -10 -145 -38 47 -90 -8 -103 144
2 -168 88 -71 -64 20 21 -117 -31 108
-69 -164 2 72 -97 9 -67 26 117 39
-224 100 112 174 65 -117 114 22 88 -218
170 35 1 -206 62 163 -98 62 -99 104
26 -60 2 -53 10 -107 0 -24 -161 -14
-136 -142 21 200 -78 -93 -26 46 87 -15
228 -38 131 -121 -38 -14 -95 172 -281 -87
-65 139 135 94 204 75 43 -32 114 -112
151 104 -36 -175 8 -48 -37 153 -57 -25
102 -52 -24 -286 -44 -5 -38 27 -217 70
86 79 28 226 -100 47 11 103 128 -22
82 111 -115 -168 20 -39 -16 93 -71 43
-193 63 -32 -11 19 -8 140 -149 113 23
13 81 -16 -181 136 100 110 -259 -50 122
2 79 64 -57 80 103 9 -9 -90 -35
-121 29 15 -13 100 24 97 -205 -29 -26
-173 219 -4 127 118 39 97 -45 108 -208
-68 145 -206 26 -77 -12 52 65 177 115
-42 -1 -12 -97 -13 74 11 -67 -88 -34
-214 96 -145 142 61 154 38 -76 391 189
-42 -180 59 65 -43 172 -62 -115 79 79
69 -179 -5 -70 -167 73 5 -131 11 171
10 87 57 2 111 146 -20 23 119 48
34 160 -255 -95 98 -5 -44 24 97 30
60 -184 6 16 -121 -6 -84 19 -119 35
-99 -248 2 91 -162 122 -63 -63 161 168
-145 229 141 61 302 -42 34 54 -24 -361
-55 -13 105 -74 71 -21 -67 123 -33 -159
-62 82 -178 6 28 -2 41 -103 39 26
18 -296 -64 -43 -272 22 -129 63 -59 137
-40 86 86 187 -32 32 55 47 99 -101
86 66 -48 -296 39 -139 20 26 -218 -82
-3 86 143 -57 148 -144 110 -88 -218 -220
-19 73 14 -21 54 145 81 -156 100 99
108 -390 110 31 -98 -1 -208 48 -139 75
-91 82 -145 -66 89 -48 46 -62 101 100
110 -123 26 -47 -65 -101 -113 145 -215 -61
45 -100 -141 125 -205 125 -109 91 157 170
35 -344 113 89 -127 -1 -164 72 -74 71
64 -19 102 -27 -15 -145 8 41 -230 -242
-90 65 -24 -115 191 65 -72 68 76 45
88 -103 -161 54 -266 -73 57 -66 26 223
-16 214 -117 -164 54 -143 163 -95 -126 -85
143 -143 -141 -203 -169 32 -40 -76 -121 214
-177 234 26 216 79 45 122 -12 180 -172
-64 -127 -19 -88 -47 91 -73 37 51 195
48 110 116 13 98 5 -19 143 48 -89
-149 221 -136 27 86 66 187 -212 203 99
-34 -32 -31 101 -73 148 33 -88 272 224
13 121 33 -21 27 -185 125 -44 -183 -232
65 -12 -97 -136 -52 -296 41 14 -169 -113
65 -78 168 -281 85 160 -68 -12 -161 45
62 -55 99 -67 -44 -18 -29 40 -243 -140
71 -34 -198 -138 -62 -98 -2 -111 -100 -21
60 -41 238 51 -64 123 7 61 -4 -2
-71 45 -182 50 38 23 -33 -10 232 86
126 19 231 38 69 182 -80 82 -89 -145
-8 65 87 -218 115 -18 41 -37 -266 -119
-164 -181 -92 36 50 5 -77 -91 168 147
-153 -76 -227 113 -122 -102 65 -159 129 82
-168 160 28 278 -13 -11 216 -152 166 -70
43 -206 -160 -28 -242 -88 -18 -34 36 242
-81 288 47 -156 361 18 57 -40 -32 -216
130 213 -228 -152 54 27 17 -6 -6 84
72 133 82 -87 163 -110 41 24 -172 -159
204 -80 219 -58 -5 300 -147 98 -100 49
-96 -31 -30 68 -27 -58 -5 52 176 29
-50 -133 107 181 -4 58 -47 -35 65 -25
30 190 -48 75 -24 -85 33 182 58 -92
142 92 -10 -33 -47 -329 112 13 -236 -254
-48 100 -227 86 -100 -285 125 -62 -90 -163
15 -81 -146 171 -131 -141 -26 44 146 66
34 64 138 -126 202 100 -61 26 -65 -132
80 -5 33 36 -26 78 -119 197 43 10
75 -203 69 213 -248 62 -57 69 71 137
23 58 -162 -29 -56 125 87 -221 108 154
82 -128 -108 -91 -104 -74 -29 -9 5 218
-123 74 -313 -18 -32 -188 85 -75 149 108
27 -24 125 -35 49 38 -25 54 -70 27
-94 10 -220 -80 -71 -14 64 -145 3 104
40 -34 93 68 -57 11 8 62 72 76
-58 -165 23 -152 83 143 -105 -100 -25 88
163 148 131 -371 152 45 57 -59 -342 -124
86 -35 -27 128 -197 78 22 -33 37 37
158 -96 160 -74 -73 63 9 -38 -217 59
-18 36 -81 55 100 10 -36 -2 70 69
198 -27 134 -208 41 -116 -54 73 -395 -237
51 66 -223 -118 -34 -215 10 63 23 22
-57 67 32 9 7 -105 4 135 20 -167
88 -190 0 -53 -97 81 -67 -45 47 230
194 -230 28 85 -296 -49 -116 176 -77 84
77 55 95 -29 166 230 -71 -11 127 64
-82 -32 -273 125 -123 -290 -6 47 33 -92
45 49 18 -78 70 130 9 -85 35 45
-56 120 91 68 62 -178 71 39 -153 -392
-23 177 88 -60 179 87 6 59 58 -110
6 -34 -63 23 -142 -106 93 -90 -1 18
-156 100 -29 84 7 23 114 -122 46 -102
-181 43 90 82 177 137 31 -92 191 43
69 -158 238 43 9 355 -36 -175 28 165
-52 151 115 178 -16 -12 92 61 52 -221
4 -193 302 66 62 193 -149 92 -10 2
-73 181 -30 2 173 -206 85 3 -36 -209
66 -234 -163 110 -302 134 -94 -30 114 282
41 206 -10 -92 131 70 162 -235 -85 -25
27 79 55 28 79 123 34 -69 62 33
90 -126 111 -318 40 72 9 -170 -245 88
58 -71 161 62 -15 87 -148 245 -6 -34
-104 -123 -123 26 -183 -175 78 -81 -2 74
-101 112 -108 95 -37 -16 77 -30 96 -42
27 175 -116 -91 141 -13 14 -36 18 -98
-79 27 178 70 163 7 -32 44 -38 -236
-42 119 -101 213 -78 -20 109 -97 33 -110
119 -186 -66 15 -202 32 10 -142 -44 228
90 125 -65 62 -20 -17 127 -157 -64 -22
-32 119 -109 113 -135 -151 78 84 -52 -152
-67 153 -66 -125 166 -157 19 17 -70 -277
5 -118 -49 39 -91 -312 -47 133 -132 -149
-9 84 -233 152 -127 -209 25 121 95 -9
92 -196 58 -93 -165 -33 -38 -32 -202 -47
-1 -220 169 -4 -75 31 -106 97 -82 10
-98 234 -74 69 52 -173 102 105 103 -160
63 9 -28 -32 77 85 -82 19 118 32
-80 -87 -20 135 -7 -93 -8 -53 38 -85
-66 -170 203 115 6 363 -51 -140 128 173
-62 -44 -217 -245 87 -103 -31 -81 -77 141
80 -165 -24 -28 -18 76 -163 58 -13 108
5 184 80 211 6 -129 62 164 75 -261
-35 41 -99 -13 -52 19 -57 186 202 140
127 -100 198 126 -85 189 -81 80 -13 30
170 -187 97 -241 -44 251 -111 -65 -162 218
61 -87 140 0 -25 -141 -11 59 -149 -147
-156 -78 153 87 55 -136 5 62 52 -143
-70 172 -4 -120 232 73 107 -176 66 54
109 -85 80 -84 78 120 -71 -95 -79 1
-251 120 24 214 75 139 86 -33 416 86
-75 -116 -226 69 -163 -183 46 -115 40 71
186 -248 -70 -129 -190 -33 -133 47 -120 153
21 -137 14 49 -127 16 -83 71 -86 -14
92 142 110 35 110 200 -39 69 47 -53
-74 -128 39 16 -54 20 46 -163 2 36
83 -44 -67 -292 1 23 -24 -71 -240 78
259 210 117 -199 122 87 76 -77 -261 -128
-238 200 -7 211 97 157 100 -51 338 -13
95 104 -139 -115 -15 -107 41 -11 -75 -34
13 -40 55 -81 32 28 -63 54 -165 -45
56 78 63 118 85 154 32 -100 77 40
-63 86 23 81 -32 -23 60 52 49 -67
106 -130 13 43 -225 -202 -12 115 -167 -78
40 -136 -85 -77 -106 19 -51 -64 -80 64
-51 30 -66 47 -41 86 24 -51 33 50
39 81 125 -80 203 187 -85 47 41 -61
30 -40 -16 8 -35 133 -104 99 70 90
21 -190 -87 69 -59 266 -114 -102 195 389
-135 157 -172 23 142 68 130 -271 160 83
-82 286 34 55 98 111 105 53 178 -49
13 43 -100 -106 87 -113 13 -91 -153 -135
106 -49 -191 30 -167 -60 -20 -3 27 106
86 -297 -38 196 -341 27 -48 -12 82 277
99 -328 101 -30 -110 39 -212 123 -141 82
-49 -286 85 -48 -79 107 -65 -116 -57 160
-34 216 -28 279 100 48 4 88 220 -150
54 72 -60 -201 44 15 68 -130 -165 43
-24 -13 -48 25 78 263 -48 -133 153 184
-107 -238 2 41 -71 96 -73 -87 50 147
37 0 52 119 2 176 -101 120 91 54
-148 -102 -297 48 -105 -95 -63 22 221 169
44 47 39 -193 114 -135 -29 80 -218 -180
149 -183 239 -145 41 75 -175 187 -103 71
257 15 -73 -162 -77 -88 -35 81 -224 40
98 -96 -82 -105 -109 82 -59 17 40 255
43 23 -39 -4 -26 -26 43 -56 -77 20
42 226 171 173 49 -25 52 210 66 -216
34 -212 28 69 -197 -144 -57 87 -120 -33
-83 24 -39 -134 -30 -151 165 -174 -126 -34
-220 146 255 199 224 136 73 11 233 -107
171 6 178 -4 -53 67 -71 221 -63 -10
185 55 -25 -26 6 -22 -80 155 -16 0
87 -63 -74 40 -34 84 -84 18 116 162
-71 36 42 85 -64 -66 118 -41 -58 -26
-85 227 54 82 175 174 -11 100 200 -89
-25 2 -207 -137 -70 -87 112 -200 -25 146
17 -43 104 27 71 153 -56 -38 -24 -5
180 40 -194 -199 -140 -232 10 95 -144 -2
-123 64 -95 121 16 -295 112 -19 83 -110
44 -66 56 -71 -39 -144 28 8 -201 -34
113 -159 53 -85 -192 -54 -51 94 -173 19
-131 -60 121 -63 119 5 38 -140 -148 -89
-202 9 -50 121 -25 88 -25 122 348 183
150 54 76 -201 59 75 -31 14 -209 -85
-62 -18 -37 -42 -1 47 47 -116 21 104
-13 99 185 173 139 240 7 -44 132 -66
141 73 204 -113 115 192 21 -109 -200 -131
-105 103 -111 220 29 -52 -35 141 194 -62
-169 90 33 217 24 38 23 81 197 -79
97 266 178 -4 186 -83 60 122 -149 -341
-19 239 71 -131 135 5 133 -52 -153 -168
111 41 -34 81 -35 49 -46 85 62 46
131 168 -63 -94 23 -57 -14 150 -102 -79
14 61 69 -244 140 40 13 -34 -127 -23
-80 50 75 -11 113 -4 -46 99 99 -165
145 -68 67 -145 -115 -127 25 27 -271 -54
265 -124 164 -278 -68 -1 -62 41 -433 -42
54 65 80 -196 73 11 -97 252 -55 -42
-39 97 -44 -115 70 -198 21 70 -199 -232
-164 199 115 102 207 63 84 -8 154 -118
-219 152 -214 289 16 -126 100 -38 326 -44
-120 50 -231 -16 -32 -212 -3 75 33 -96
-40 -96 99 150 -104 2 26 -7 30 6
-36 41 -64 -30 49 -147 -64 164 -74 -130
119 -97 169 122 -9 146 -88 54 9 51
-43 -156 8 145 -151 -174 50 -67 -19 -52
112 -100 40 -195 -9 202 -50 -83 -33 239
89 -15 -41 48 -43 83 -30 -18 22 93
-49 -119 49 8 -114 -61 54 -72 -47 7
-138 -169 -27 -31 -95 -112 -34 48 -9 43
-57 2 -114 22 -26 -276 66 -10 44 -68
-34 301 -86 34 177 -78 106 1 95 -116
-16 -80 -100 91 -70 67 -54 -6 167 164
32 -151 -13 202 -220 -32 61 -138 29 48
-84 8 124 45 142 -133 27 11 -60 -144
-9 -58 -186 274 -162 22 -49 36 297 154
-120 82 -125 54 80 -129 -8 53 93 -113
-63 27 8 204 100 83 -39 31 238 94
179 86 41 -117 -7 0 35 13 -262 -22
72 -235 2 81 -207 -179 -140 198 -130 -91
216 -58 40 -13 -51 97 -44 -52 -172 40
17 -40 17 97 60 14 -46 -23 10 -14
-127 136 -42 171 37 -76 53 52 162 -147
115 -180 -178 -142 -184 -198 -30 -25 -170 125
-60 129 -14 205 -8 -36 142 -71 206 18
-27 -125 22 20 -31 -6 -79 38 70 -22
-74 109 138 -63 144 -15 127 -111 -74 -100
169 -47 -69 -12 -71 24 -52 -26 -155 31
33 -25 -42 9 -140 -176 14 91 -138 -106
-19 57 11 -132 46 83 3 14 16 48
-26 -41 -2 -50 53 55 -34 -60 -38 -4
-104 -82 199 119 -5 -20 -14 65 33 -174
-134 183 -74 -14 80 -132 109 33 47 -43
-170 114 -224 243 -15 -139 98 -70 222 -31
-96 -23 10 0 61 24 -53 33 -8 -57
10 116 -112 200 -89 -100 71 39 144 -38
6 269 -14 42 87 -186 65 186 -20 -243
32 -178 137 56 -73 39 -117 121 -117 -9
74 131 47 -13 40 -50 29 66 -169 -174
89 -176 46 -234 -23 101 -71 -65 -151 183
69 17 -46 -176 -9 -143 -46 158 -62 -27
-1 -137 -159 -52 -130 113 -90 -17 85 227
89 101 150 194 -15 29 -19 199 87 -118
-6 209 -16 -107 185 73 9 18 61 -96
254 30 -83 -152 -43 90 -33 -35 -172 119
-49 258 -18 12 32 -96 159 1 -57 -194
-5 35 184 -197 155 -15 41 -71 -287 -210
-18 -104 34 131 -173 -73 1 27 -95 -140
26 101 -80 -193 119 -29 5 18 -59 90
-266 145 1 218 111 228 125 -206 310 25
20 -235 110 78 -164 -34 -86 119 -16 70
-60 9 -17 21 -32 -69 100 -107 -5 -3
-101 213 -50 209 17 -89 57 176 227 -93
97 335 74 -134 162 20 150 -40 -138 -188
25 -181 101 62 -64 114 -25 -111 -1 112
25 -71 -146 -148 -29 -208 -11 11 -68 89
43 -45 242 41 144 46 -88 88 -84 -146
10 15 26 -16 24 143 24 -141 15 -23
36 44 144 10 108 209 -58 92 115 135
150 -162 203 -78 -98 6 -30 13 -300 -39
28 -223 -31 156 -110 57 -150 53 25 118
-155 172 -224 87 65 -78 51 10 286 10
77 -44 -170 112 -131 16 -91 118 234 188
-66 51 34 70 10 -279 70 78 -113 -240
1 -125 -129 53 -165 -32 33 -127 -16 150
49 -124 24 130 -114 -102 -54 80 18 -56
40 -293 -8 -130 -80 129 -165 -10 -32 252
-261 257 32 178 190 -150 144 27 164 -264
-203 29 -33 229 -72 -246 6 236 90 -179
63 -17 43 -106 127 186 27 -266 -58 86
-145 -210 72 -6 18 254 -63 -172 131 174
-30 94 -142 128 36 41 -39 54 192 42
79 44 78 -227 137 169 -48 -49 -142 -40
94 -129 232 -70 -22 49 -40 30 -239 -37
-63 266 -34 34 241 6 142 -150 91 -44
32 116 31 56 115 -96 23 23 -68 -189
136 -72 60 -118 -62 -181 64 -110 -323 -170
30 196 91 -14 130 122 130 -158 -86 -80
16 -154 43 109 -84 -141 -80 147 37 3
14 66 192 -133 101 -34 79 -67 -276 -249
-272 183 34 59 116 99 192 -164 257 31
-116 120 133 42 129 11 84 -1 80 -81
44 177 -17 8 57 -76 111 -34 50 -65
-213 298 -135 178 128 -100 179 -39 331 -31
-39 -105 -29 75 -93 117 52 -197 106 182
93 -54 -29 -217 99 -68 -61 -58 -202 -67
187 168 47 -171 162 127 -10 5 5 25
128 27 -104 -291 -23 -142 -33 95 -186 -19
17 105 -73 201 -47 -40 65 6 132 8
-6 105 77 -65 172 -33 114 -173 -119 -93
-63 175 -319 -23 46 -63 45 -57 154 60
52 8 -123 56 -60 -2 -69 96 31 45
-48 130 -67 19 -19 -113 44 96 -62 -136
67 -126 146 -108 49 57 -95 0 -205 -100
26 -81 28 -96 75 -34 -61 -40 -122 -87
-211 179 -102 80 215 98 43 -74 322 57
-12 -243 190 27 -68 94 -107 12 -157 -58
50 56 180 -251 186 47 22 -59 -207 -110
-17 -93 -113 71 -138 4 -8 -16 124 188
-76 102 -101 -87 56 -96 54 -4 14 -19
79 89 25 -94 31 305 -84 117 118 202
-229 147 -145 -41 37 -179 178 -125 34 -94
-41 38 172 269 -73 95 58 19 100 -132
22 47 -123 11 -98 -123 65 -36 -72 -74
-113 129 -160 153 -13 -40 196 -265 149 25
134 -299 43 14 -241 92 -71 -54 -66 244
-26 79 220 97 60 173 55 -45 -14 -137
-189 -15 -328 153 -41 -45 -43 -3 375 170
-10 -17 -25 141 48 149 -90 30 261 107
-216 23 -8 -47 189 15 15 -85 111 1
145 -61 34 -100 -61 -93 -20 40 -138 -25
25 -309 -36 -39 -86 181 -193 1 140 330
-88 -140 -126 170 -239 -118 72 -78 81 136
-147 39 -215 155 -56 -191 136 -168 91 -13
133 33 -95 -247 23 6 -46 44 -113 123
52 55 -4 -60 -11 112 -56 128 61 85
-23 71 140 -1 109 95 -56 131 90 -111
28 155 -112 0 -3 -180 145 -117 -122 -167
125 -351 189 -21 -142 181 -116 -69 -153 205
153 217 -81 -87 7 -39 46 98 -82 -10
142 -75 82 -187 19 38 -25 -97 -316 -63
-117 -66 -40 -53 -48 -38 126 -236 0 67
-45 -212 -24 -2 -57 71 -50 -115 4 200
84 -22 -38 3 -41 -52 -63 98 -72 -18
128 -25 -55 -17 -22 -55 -52 76 -23 108
9 60 -212 -79 -11 -75 9 -32 -41 35
-197 -29 -132 225 36 22 -56 14 332 70
91 -23 10 -91 -135 -209 122 -84 -238 -114
-8 105 -86 -44 30 6 14 53 42 85
-76 177 76 39 97 24 168 -142 41 -92
-43 229 -62 92 71 -78 158 -90 31 -107
-198 145 -55 237 110 -33 49 28 246 -64
-48 88 21 150 -88 -123 163 -66 6 -117
-91 -117 95 207 -91 -94 1 61 92 -61
-16 -148 109 41 -61 -79 24 -56 -138 -18
-16 -66 68 -136 38 215 -30 -46 39 262
-224 138 -18 127 149 168 52 -68 287 67
-71 83 -119 43 51 7 -79 161 151 18
19 94 138 -25 160 158 -55 107 107 20
66 -13 339 55 63 180 31 -27 -58 -35
106 127 -37 -228 69 -280 70 24 -245 -232
84 -82 -102 4 -182 -37 56 -148 -83 40
-54 87 195 118 119 140 34 -1 75 -68
-78 282 83 54 217 36 144 -54 71 -96
-4 59 -33 92 -44 -26 85 -77 41 -27
151 -268 29 -241 -90 143 -184 18 -183 162
193 177 -43 -240 131 -7 58 -71 -140 22
-1 -110 269 -10 20 36 3 -19 -165 -108
-107 235 113 229 145 17 123 -9 165 -184
-34 212 -9 -13 151 18 15 55 -26 -189
96 -164 -101 -120 -55 106 -91 -75 38 283
-79 208 -228 58 27 -148 59 45 120 -115
22 -102 -310 111 -282 -133 -2 -31 17 107
-92 -86 -270 100 -157 -264 -32 99 83 55
59 -163 173 -32 -20 329 -138 52 69 246
90 -331 -9 -21 -199 -7 -106 -71 -202 92
-37 -333 -161 -15 -249 63 -74 -143 42 298
-83 55 -17 -48 13 -153 73 11 -35 -92
65 -176 13 65 -248 -30 -93 170 -37 34
148 8 124 -131 68 106 0 -109 -240 -99
-80 145 1 88 177 146 35 -72 156 62
-37 18 -57 47 -102 -70 32 59 38 -1
-14 135 114 127 -37 77 72 79 130 -65
-12 -59 -119 1 -177 -134 18 27 -43 -15
-173 -123 -139 119 -101 -39 45 -146 183 136
-39 -54 141 218 44 180 17 -142 155 28
-67 -36 -5 -175 75 -108 5 -31 -166 -49
5 263 153 -6 231 -9 83 48 -61 -209
53 128 -108 45 -53 -311 18 225 -102 -178
-64 -51 -27 -35 -39 -118 36 0 -29 54
62 -23 112 130 -123 -107 -100 371 16 -98
-54 192 7 -166 162 32 167 -222 -121 -62
69 96 108 -104 129 -149 -74 258 -232 -231
180 -112 -17 -62 -168 -85 1 -49 -264 -36
-22 -133 -88 13 -45 106 -149 93 152 196
136 85 -81 -115 -9 72 2 -21 35 69
-82 45 102 -81 142 -94 58 -28 -152 -109
-31 2 -9 -16 -53 -26 73 -126 -98 -129
-50 39 -40 31 -33 -157 37 49 -13 -142
-11 133 -95 154 -30 -76 103 -42 169 -32
-32 108 -60 64 90 181 15 -98 176 75
-7 51 -94 50 -7 -33 -30 76 190 -15
-56 -24 11 192 -48 5 9 -2 104 -23
77 -175 -26 123 -176 176 -84 -32 58 191
1 -20 37 -121 114 42 -82 70 46 55
50 135 36 -12 -23 -344 128 68 -227 -344
104 -38 231 14 -31 170 10 -28 -29 -15
-53 27 248 45 123 166 24 -35 15 -61
-38 -40 60 182 -28 88 -27 10 71 -16
-78 43 34 123 57 -69 24 13 30 -137
-96 -259 -32 61 -211 71 -114 82 138 187
-120 67 74 10 39 -21 90 -45 -50 -115
-100 -71 -43 -37 -45 35 -10 -52 32 16
-70 28 84 145 77 -120 -2 75 3 -205
-246 -76 -210 192 -32 57 42 -223 373 166
98 46 -95 -290 110 -86 -30 6 -146 37
-48 29 14 -70 41 158 -26 36 57 150
95 -52 -7 -31 -96 217 -25 -44 54 245
-32 10 -36 44 -30 -111 -5 67 -50 -112
-133 -28 -24 7 72 266 -9 -161 181 198
37 -231 97 87 -130 209 -81 -43 8 230
-147 98 -51 61 213 140 -30 -36 229 85
13 154 67 -181 181 -127 19 71 -209 -259
0 -183 -23 -92 -12 9 -31 -141 -48 144
64 16 -126 -79 -2 109 26 -177 -53 138
-81 63 33 -237 184 -51 49 -65 -120 -16
117 -24 113 -70 47 -19 11 -75 -243 -119
115 -173 39 44 -15 51 -146 69 12 125
-115 107 -23 83 58 -101 53 65 168 -49
116 64 110 -162 85 54 -13 19 -116 -95
-92 106 -45 114 95 -40 75 -75 180 -29
-41 104 -9 -87 116 82 89 -151 35 76
94 -12 -145 -70 -46 -168 -101 173 -87 -57
-67 221 -146 -19 -2 -23 197 -177 58 -13
76 134 76 -117 30 -89 127 -46 -158 -124
60 133 83 128 61 -47 -5 170 59 -108
122 -281 98 84 -108 24 -187 120 -75 60
-25 107 -233 -14 32 116 -6 -61 186 183
30 324 -39 108 64 -139 197 -54 -28 -245
-77 -1 105 -137 179 -144 17 -26 -138 -178
8 208 -102 -186 242 -89 59 -91 -52 -106
-37 81 -253 179 -113 -176 28 77 141 11
69 69 115 -137 113 -187 0 117 -216 -236
-26 142 166 -13 166 173 -10 90 133 -18
42 -227 -46 -42 -256 81 -61 17 30 264
-47 -91 -63 -66 -37 -9 40 -165 -4 85
-122 154 115 110 40 -171 100 126 13 -275
46 -70 -8 -91 -57 -44 -23 25 26 44
11 -153 102 54 -110 62 -76 57 -140 -33
104 -238 -88 80 -285 -176 -135 189 -86 -15
7 -35 60 127 -15 132 -102 138 87 55
-206 156 -149 92 25 126 86 -101 261 44
-123 -24 -158 248 -125 -97 105 -145 117 48
-52 176 -210 -104 113 -74 91 -167 4 -95
-105 -18 88 -124 108 217 20 -160 5 80
45 -61 224 110 21 -47 -71 180 1 -145
-191 158 44 52 76 -161 149 -49 -88 -322
13 20 45 -212 13 -97 63 -25 -251 -66
88 -179 -42 -57 -179 -52 -77 61 -72 79
-49 139 12 94 14 -209 56 146 15 -238
112 -45 -46 170 -219 -140 -21 158 6 -37
25 9 18 41 -128 14 31 57 -69 22
276 -7 165 -153 5 -77 -145 305 -317 -165
-71 47 -112 13 1 37 -12 18 170 57
-198 -178 -30 139 -135 24 -51 58 226 147
20 84 -45 -37 -26 -29 32 53 -33 10
-58 -63 -98 120 -124 -144 38 -37 54 -44
172 -252 58 46 -195 -149 -188 272 -138 -28
-23 -77 -93 191 -184 -43 -88 180 123 0
-103 -23 18 63 0 -195 -15 155 -52 -94
4 35 -125 -67 -13 -58 -10 57 65 97
177 -258 58 35 -275 -88 -64 40 -189 -13
151 -222 -45 -142 -65 -12 -96 -80 -215 137
21 131 108 29 167 69 -58 139 0 -125
50 -12 150 -14 69 43 -82 182 -4 45
10 -148 -210 -21 -152 -145 -95 74 14 73
121 55 27 -109 80 -24 -120 190 -130 -153
-66 152 -121 71 53 -127 107 -113 -69 -197
-20 -199 -105 158 -204 -93 -80 88 77 122
-124 328 18 153 147 -59 128 86 146 -201
-39 296 11 131 58 -160 196 -3 -12 -244
-130 -56 -170 216 -64 -131 -33 37 244 -5
-37 -52 59 -66 3 132 -75 87 102 100
-178 320 -219 -4 137 -249 194 -67 114 -171
-167 86 -10 89 112 123 18 -54 241 -17
31 -105 53 26 -119 172 -4 -50 93 209
60 -135 101 -79 -31 190 -58 -86 -115 71
-72 52 -256 118 -86 -6 34 -74 130 88
185 201 -116 -235 108 122 -7 -3 -35 111
91 -115 -105 98 -121 -31 -129 123 75 58
53 -96 39 -133 39 107 -156 129 2 93
0 -280 -86 115 -215 48 -70 -96 17 193
-234 -132 69 67 -27 53 54 -151 112 22
110 -144 -24 -179 -77 189 -90 -55 -46 222
57 -118 -1 122 -246 74 2 35 100 206
250 3 151 -227 -23 152 -55 67 -246 15
85 -7 62 -51 -25 65 -10 45 4 107
-126 63 -113 46 97 -228 4 49 -25 -177
-93 -250 -34 125 -177 106 -137 97 230 227
-206 154 42 272 -20 -37 197 -98 118 -142
15 148 -128 -79 42 -254 33 105 -135 -183
-137 124 39 175 72 -139 56 98 85 -194
-8 234 51 116 127 131 37 45 177 -98
171 -88 -208 -110 -220 -71 -24 -14 -43 147
42 -77 53 -146 15 25 -123 170 -1 61
22 -201 42 129 -66 69 -125 73 112 179
91 250 -7 -227 224 11 -16 120 -65 -73
116 122 87 -145 67 45 105 -116 -227 -39
44 126 16 -36 48 -196 29 139 -111 -186
31 -167 45 64 -121 50 -35 -21 -42 128
52 -32 55 -110 13 -105 98 -202 -284 -145
-37 101 -30 -69 135 -73 88 -147 -56 -107
96 -151 -85 192 -187 112 -126 70 151 162
-23 -11 -51 -44 90 -76 -52 7 6 -86
-69 7 -47 54 25 -99 149 -284 -143 -80
59 -23 17 124 -16 76 -47 8 45 0
34 140 130 35 64 60 153 -147 -63 -60
55 -325 191 -122 -16 221 -185 15 -30 229
-148 153 105 178 142 -132 107 -21 7 -328
-80 -316 -59 -32 -1 66 -210 24 125 235
-29 244 -112 -60 161 -231 138 -39 4 -121
210 -67 -62 -77 -67 -15 -97 59 -95 44
-167 163 -158 50 16 88 59 -37 193 7
15 -58 160 25 -44 -46 18 -6 -196 -219
134 -267 33 -141 -121 77 -143 11 -131 153
-168 119 -177 100 9 -209 58 57 76 -123
-107 139 216 196 139 97 107 -47 115 -114
106 -108 -158 105 -239 -34 22 -71 33 191
81 10 -107 15 -154 -172 18 83 -118 -65
-143 111 -71 390 -57 2 -40 238 329 -49
-57 157 -284 35 -37 16 144 -230 115 101
-130 9 92 166 38 224 -5 -5 267 122
56 -364 -45 148 -297 120 -108 -54 137 335
49 199 96 -196 245 19 0 65 -130 -151
42 21 106 54 -13 -121 -60 242 -50 -188
-15 -36 -76 8 -29 80 -13 -69 84 114
-107 390 -66 -74 303 69 82 -27 94 -217
-128 39 -75 207 106 -10 1 -60 229 -26
-53 168 35 -53 114 16 82 -32 -72 -108
9 124 -132 132 -42 -42 25 26 47 -104
-11 13 73 102 98 241 -38 -69 205 82
-87 67 -163 93 17 109 2 -72 240 95
-45 -56 36 132 -67 26 -51 129 158 66
-74 95 -132 95 1 -24 14 16 43 -50
37 53 -29 9 -109 -360 -1 294 -160 -231
-15 -193 96 28 -203 -39 -33 95 -55 34
98 -25 61 88 -25 95 58 -150 -24 106
-208 78 -32 106 -14 -65 186 -180 87 -48
34 -123 106 105 -36 83 -1 -85 72 110
-11 -101 169 85 2 320 -32 -127 78 99
-47 33 -111 -70 -75 -115 72 -27 -32 -4
23 37 21 148 -12 -63 -57 187 98 -88
-60 -1 -124 38 -70 -111 137 -223 -42 -9
-110 111 79 -116 200 72 103 -195 -103 -91
7 120 -85 61 25 -67 49 -9 73 -66
-151 -2 66 -74 146 51 -50 82 127 65
-44 68 -221 -87 -69 -159 67 -26 -53 12
69 149 -106 -95 -56 -147 22 165 -113 -92
50 -60 115 -20 52 267 -115 53 64 159
-26 -6 -143 88 -16 -10 -64 58 174 70
132 133 47 -265 143 -80 8 55 -207 -124
293 -123 -27 -322 -71 -2 -61 -47 -310 151
81 -23 -184 90 -71 -51 -69 50 107 84
4 147 -58 -3 68 -229 113 -17 30 -121
-139 -188 66 82 -4 45 -78 -10 87 31
-138 81 154 128 193 99 -1 23 207 -83
112 -11 115 78 79 132 -3 -106 26 42
-49 -73 -156 240 -171 54 -12 -33 205 152
88 80 -130 -38 -123 -328 82 59 -241 -214
118 -33 -131 -78 -125 -296 35 15 -178 -92
-87 -277 -86 -23 -170 40 -53 -91 43 263
-83 -90 81 18 79 186 -57 -98 116 26
-91 -61 -13 91 -127 -54 40 -11 -47 -32
-133 152 -37 172 85 -22 -12 169 219 -54
22 96 39 -29 -29 72 44 54 33 43
-109 -189 -127 -100 -30 -40 -37 -125 27 154
214 -138 -89 -4 -199 89 -67 -43 -115 166
81 -95 -2 31 0 165 -63 -103 20 133
38 -81 125 -90 84 169 -91 25 92 134
-21 -64 69 -48 15 35 -109 193 59 81
63 -89 -30 -253 21 55 -93 29 -101 146
-141 29 -95 -31 -10 -158 2 108 -28 -74
-152 47 -132 64 -4 -250 68 20 20 -99
125 -65 -73 -202 -61 8 -79 54 -126 96
-30 -66 43 224 41 90 -62 1 165 70
-64 16 105 -139 117 -107 13 53 -103 -103
-131 -4 270 235 135 287 22 -120 154 -36
-14 -375 68 -28 -208 109 -176 61 -47 152
48 81 -72 -218 55 -55 16 -32 -172 -96
-83 98 -60 271 -31 19 78 -74 160 -85
150 -83 196 -163 10 14 -59 84 -287 -35
91 86 52 -169 117 19 -17 13 -139 -112
-184 135 -42 -51 213 115 18 -46 162 64
95 69 -130 -202 -15 -44 7 8 -66 49
-18 -275 -17 65 -214 -120 37 -165 -75 79
191 -237 118 -134 -94 -62 -67 -73 -417 -99
-114 138 -170 8 53 -170 37 53 138 -111
-27 -26 100 101 37 98 -70 59 65 -88
-109 89 41 -32 50 -204 67 83 -97 -221
34 190 91 -74 173 -27 27 99 -89 -119
57 52 60 203 -40 54 23 27 121 -20
68 -234 -66 -117 -11 49 -225 84 1 125
-121 -94 -59 -72 12 18 -11 -125 23 1
83 -61 90 38 -112 -92 -44 127 -172 -200
-128 84 119 57 138 -79 49 13 -104 -235
-354 59 -128 205 65 29 75 -111 389 28
-132 26 -60 37 59 -142 16 24 75 -86
124 -102 -163 58 -259 -155 39 -49 -121 70
-47 130 -138 191 22 -140 11 82 119 -135
-5 89 -104 52 -67 -73 19 99 35 -15
-189 176 -147 45 10 45 117 -106 142 -53
-59 88 -37 -92 108 126 63 -171 5 48
54 -77 97 10 -68 101 -81 144 100 117
29 15 -203 31 -69 43 16 -117 152 123
170 -13 102 -59 -117 -14 22 28 -245 -94
31 101 -343 32 -109 -143 -17 100 153 77
47 382 13 -195 283 151 89 -22 15 -52
90 -173 206 -63 13 -10 -83 71 -136 17
100 38 -54 -107 -43 -28 19 -30 -164 -55
54 -209 -69 -140 -23 -105 -116 16 -124 107
-202 -151 -113 142 -89 -96 67 -194 120 62
50 173 -56 -10 37 -122 47 106 -40 -67
-129 5 -34 -115 64 72 61 -188 -15 10
-121 62 -13 127 144 216 -37 -36 245 123
-38 -126 -105 -250 38 34 27 -292 -167 122
0 81 185 -8 145 159 -51 140 107 27
-122 130 6 145 -27 -238 34 248 11 -255
48 -95 81 -50 61 -10 -77 29 -26 -9
0 -135 -21 -67 -89 -81 -13 -27 -3 36
47 -61 93 5 -90 135 -90 163 115 80
174 -113 -46 -10 -215 -116 -66 153 -155 47
43 171 -8 9 134 35 48 -24 15 -1
-112 -126 151 173 -59 82 -18 8 111 -15
-52 -30 -261 67 -177 -118 1 21 60 73
-2 19 -130 -52 -13 -70 73 -122 40 109
-9 -231 -126 65 -147 48 -159 63 98 183
-201 181 19 237 73 -27 125 17 311 -44
90 92 161 -13 133 4 -47 181 -64 -60
169 -210 -112 120 -342 -92 -68 90 -26 138
12 -41 -22 148 -137 75 -44 89 80 67
78 -41 -106 -27 -60 155 -29 -86 154 232
102 -163 45 -84 -22 103 -206 155 -85 38
77 -7 83 59 -29 53 -9 47 71 48
86 -120 -15 -142 32 106 -29 -215 -99 79
-14 -134 -84 283 -184 46 47 -181 125 136
63 -41 -243 -125 -194 -247 64 -27 -109 99
-137 17 136 249 25 147 95 -149 147 -19
-140 -7 38 255 -19 -128 -29 177 132 -139
142 1 77 -217 10 -14 -25 65 -259 -16
16 278 -212 50 119 -170 81 -2 18 -153
113 205 128 -176 161 -125 36 128 -296 -268
29 -4 108 39 6 117 -39 81 4 56
-50 112 99 31 182 157 -34 21 63 -95
13 233 11 5 93 -324 100 124 -179 -389
-6 -113 193 109 57 169 -68 -35 68 -14
-29 4 229 247 28 147 28 -5 157 -29
49 -212 48 220 -189 92 -87 64 152 200
195 145 4 16 -129 -111 111 32 -187 -137
87 148 0 93 -36 -152 36 168 -48 -157
-291 83 74 343 34 -22 126 -59 238 -164
-56 57 -120 -87 54 -180 35 -11 -33 -78
74 -251 199 -96 -65 36 -103 62 -122 78
13 -22 43 -30 57 138 17 -133 22 118
-204 86 -91 142 35 -159 64 48 238 -58
-83 165 -76 66 134 192 63 -176 181 20
-105 181 173 202 198 228 52 -57 162 -114
102 50 202 -161 120 89 -56 125 -153 -66
-1 -136 -54 141 -176 106 17 -145 159 145
58 39 44 92 71 -40 -30 48 45 -114
92 64 84 -261 103 5 13 -25 -253 -109
-151 -258 -34 -46 -103 37 -103 -1 53 127
-22 -41 291 -44 175 -66 -11 30 -156 -227
-29 57 -38 -76 141 -36 -85 120 -46 -62
-20 -86 -41 -87 -49 -76 -75 120 16 32
47 185 162 57 72 65 54 104 1 -111
-111 -11 -42 -102 51 129 -31 -37 37 92
91 -42 135 -17 -86 112 -15 68 -39 76
-185 30 50 98 26 -58 83 -18 37 -52
-18 170 89 73 113 4 46 88 169 -74
95 129 117 -56 7 -171 19 205 -225 -284
-3 -206 -50 65 -177 -20 -57 -20 -122 66
106 -119 21 131 -78 -38 -118 144 52 17
-15 114 -126 302 -88 -36 -3 144 239 -10
-97 -47 138 139 -8 4 13 47 67 -27
35 -3 36 61 16 214 -29 -17 179 216
-71 -173 -104 189 -215 83 -36 -2 272 283
-14 207 34 -85 57 -70 118 -10 -135 -242
-122 33 -93 127 -24 -151 81 -57 96 -82
-62 -154 -173 72 -150 -146 -39 1 25 58
-64 -36 -18 -104 107 2 13 -164 -50 -39
187 154 6 -178 146 94 7 -34 -11 51
42 -94 166 75 57 164 -92 11 77 6
1 63 158 -153 163 106 30 -116 -213 -174
105 11 69 -90 -36 -99 109 -143 -280 -152
-49 110 110 48 28 -209 64 123 -83 -337
-189 2 81 172 20 -68 40 33 130 -136
18 -4 -88 69 -108 73 44 -71 155 180
-209 76 -184 100 37 -217 116 -113 104 -89
128 66 -93 -30 -53 93 62 -150 0 86
-196 149 127 304 102 -67 87 71 216 -221
-76 323 11 137 190 -100 129 38 119 -225
156 -8 -26 53 -69 25 -67 82 -31 8
-181 214 -210 159 64 -264 148 -17 210 -95
52 306 139 22 159 21 95 95 9 -191
-68 76 86 28 87 -99 50 21 -18 -196
-23 -47 243 -26 176 121 -18 -60 17 -22
-240 85 47 192 24 -69 128 -13 219 -56
54 -351 81 3 -184 49 -101 -46 -48 170
-46 -99 -117 85 -187 -26 49 -96 34 118
-98 28 -80 -128 133 -49 -15 -63 -37 -95
-52 6 27 174 -69 17 57 -51 87 -60
-137 33 -4 -142 -7 -98 139 -113 -50 -25
14 7 -127 73 -135 -55 54 -56 -40 11
3 -121 -59 132 -153 -68 -53 72 16 25
-87 -60 49 147 -15 -43 -54 107 136 -79
-93 265 55 17 249 207 86 -100 154 -33
53 -30 -17 -124 -10 -33 -82 108 -117 -53
30 180 31 6 112 153 84 -144 1 -79
47 -2 218 -58 44 -40 -70 220 -182 -189
64 -167 -17 -186 -59 176 -73 -74 -42 294
-213 404 -273 35 228 -106 146 -73 230 -192
109 127 5 44 33 -129 15 66 -123 -264
-63 -123 -57 84 -117 248 -60 -68 203 220
128 -6 -25 -101 -24 -124 -40 87 -170 -74
64 271 57 -139 199 -14 2 195 -71 -111
117 43 -134 -227 36 -244 -24 74 -222 -88
-151 122 111 71 151 32 102 -86 59 -116
-122 126 -184 238 -47 3 -27 161 351 34
48 87 214 -59 99 -6 118 -87 -167 -124
-77 202 -207 39 88 -42 48 30 254 95
-161 203 -124 176 56 -41 201 -199 218 -14
-104 236 -181 18 42 -30 160 -170 44 -122
-86 -103 21 122 -6 -11 -45 20 30 27
-67 -63 2 32 93 362 -27 -236 230 272
-171 211 -168 158 127 -70 62 5 229 -65
46 -31 53 -13 83 261 -49 -122 57 130
-297 -23 -10 61 63 -27 46 -66 102 -39
123 -291 186 -51 -162 -77 -77 72 -212 45
114 188 0 -79 34 -137 136 -60 -223 -182
-93 -104 -93 -24 53 99 -135 53 195 194
3 -15 174 208 -11 126 -70 129 95 -108
-41 -262 -229 -10 -258 -64 -39 -65 99 322
-50 -22 -134 -11 -7 -81 -42 67 66 97
-123 263 0 -30 229 -233 144 -2 -40 -249
108 -50 -17 -2 5 193 -124 54 72 181
158 -32 189 -73 18 159 19 -112 -198 6
-57 -79 16 116 -127 -40 48 -60 9 -50
133 -3 24 -139 -13 4 21 -43 -140 56
48 -338 118 21 -91 24 -77 -138 -128 79
-145 -220 -125 117 -134 -114 -28 -55 170 120
-39 -228 -83 10 -210 61 -35 -43 152 313
-38 -4 -220 -42 -112 -146 -28 117 104 84
-44 65 -60 56 34 -48 89 -97 149 61
113 -29 -128 -113 -76 -98 -3 -41 -115 7
-81 117 63 -52 137 37 102 -103 -6 -5
132 -68 208 -172 79 18 -97 113 -182 -98
-262 -191 -91 200 -99 7 14 -145 240 122
-1 102 -36 -19 79 143 17 -70 119 57
-112 25 9 158 56 -236 53 13 3 -211
-125 153 219 202 210 119 3 105 174 -145
-48 60 -282 -25 -89 -162 82 -49 111 146
46 158 79 2 100 101 19 46 106 -52
-35 -137 -87 81 -224 -138 44 -52 -52 1
-48 -151 -55 90 -136 206 33 -231 221 278
-266 62 -141 270 25 -32 90 -92 417 73
-154 -36 -24 73 74 181 12 -193 169 87
115 -194 120 39 -186 -28 -18 13 -134 41
25 -9 106 217 -168 73 16 114 103 17
48 -118 48 -26 -111 -43 -93 156 -143 -41
10 -21 -112 -67 -65 -89 -115 226 57 -7
162 -185 -1 -43 -119 168 -71 -129 -86 163
72 -64 -203 17 -155 9 -115 119 89 121
-7 -30 -239 -162 -45 -198 -100 143 -51 -34
-26 -74 183 38 81 83 -2 -115 -102 -132
198 -191 28 -24 -109 157 -124 -24 -76 157
-11 15 122 -58 31 -78 52 -5 -253 -151
-123 -144 258 164 56 104 -30 -30 42 -66
211 -237 -22 -121 -146 182 -177 12 -129 209
144 -72 101 -89 -81 58 -43 79 -140 90
261 -313 63 -96 -233 -2 -115 17 -266 161
-28 157 91 87 52 -31 -12 240 59 -148
-128 129 -3 -43 32 -89 46 121 29 -123
11 -237 -212 -60 -247 -75 8 -154 6 262
-61 30 -151 38 -62 64 29 -73 143 105
-143 -7 -124 61 -12 -164 79 -141 13 -135
9 73 132 25 123 7 -29 88 -77 -174
51 -152 104 -96 41 223 -58 -132 12 212
-85 180 122 -25 171 -227 54 159 -106 -342
41 -100 43 -24 27 -22 -60 3 -63 10
-66 -269 -67 43 -187 61 -131 53 139 193
168 -86 -19 -19 -170 -92 29 -22 -191 70
-64 20 39 73 191 138 -45 -63 194 58
64 91 115 -5 -37 106 84 -31 35 -18
122 -139 -100 -136 -43 255 -61 -205 23 338
-182 309 -258 87 196 -90 152 -148 256 -53
148 146 90 13 59 -46 35 82 -116 -117
-184 -241 -216 289 -256 -202 -28 2 156 88
185 -221 -25 -163 -93 -64 -203 163 -196 39
96 -181 17 -26 -77 203 -71 -105 -25 263
107 178 121 -14 58 54 57 35 -179 -164
-144 -91 -108 66 -10 48 -27 -74 111 143
-163 29 -85 87 145 -104 9 -61 82 -74
142 -178 62 18 -153 17 -161 198 -73 17
-119 133 -103 -64 123 -14 124 -166 105 78
27 153 -39 208 89 48 -9 63 196 -7
-29 19 -5 66 -11 31 52 -81 130 21
11 130 -102 174 53 17 -20 79 202 36
58 -111 116 74 6 156 -28 -133 -34 23
-99 27 107 -31 88 222 43 -134 85 55
-30 117 23 167 57 83 -41 144 169 -35
-89 -138 75 71 -54 73 -87 116 178 114
-40 16 70 -25 75 77 -31 66 113 66
77 -11 -48 -116 71 -97 -56 44 -66 -3
-94 -58 173 181 -23 -30 -41 153 96 -156
70 191 122 94 172 152 38 -64 -20 -167
185 -40 112 -226 -8 53 -8 -28 -207 33
217 -66 219 -261 -14 43 11 -57 -344 -81
-108 -54 -44 133 -178 -88 22 91 30 -4
53 -115 -92 167 -250 -103 31 21 64 166
30 312 207 -84 280 4 53 126 -81 -304
26 -144 125 193 -61 175 26 -193 100 124
262 98 -35 -72 -75 -37 -1 86 -133 -25
-3 -27 4 16 -62 101 8 -28 141 113
-45 121 -12 -117 54 -10 60 27 8 22
190 -79 110 -321 12 3 -67 34 -356 -34
110 -68 -119 -30 -73 -74 -25 -32 -64 90
-270 77 -92 69 70 -250 25 140 101 -164
89 2 -30 117 -147 77 -89 199 83 40
-54 -31 54 88 -22 -281 64 56 -21 -136
-105 -9 44 82 65 154 -46 13 127 59
-72 237 -13 -17 185 121 125 -139 83 32
10 -308 148 -44 -116 77 -87 -46 -92 97
252 -106 -8 -431 -42 -25 -9 -126 -394 83
44 59 -169 -125 -52 -85 33 12 20 115
68 134 -156 -106 5 51 63 -89 -11 118
-35 -91 -15 91 -165 -59 73 -89 -27 16
55 -118 186 -148 107 -2 -68 30 -105 9
210 118 87 -257 69 36 10 37 -205 -53
163 -81 116 -170 52 248 -126 39 -10 200
215 200 47 -242 160 59 -15 82 -114 -27
72 -14 -20 153 -106 -73 -70 207 37 -9
87 24 14 -252 27 -53 30 -25 -204 -5
4 185 -103 -8 51 -254 79 58 -22 -228
242 -86 104 -108 -60 5 -82 76 -289 -38
-11 73 -19 11 9 -132 15 81 -48 -165
-23 90 -59 126 -40 -21 -39 192 158 -29
-177 184 -114 389 24 -56 90 1 336 -118
31 279 -110 149 4 -218 89 177 73 -170
-20 242 31 67 48 58 132 -24 58 -89
189 58 71 -223 45 159 -4 -66 -162 10
-62 -157 -197 163 -204 -96 -33 -14 111 101
104 -75 189 5 31 238 -167 180 32 72
126 -141 95 -15 34 -70 -154 124 -172 -123
-40 -36 70 -57 102 198 -23 -142 -5 28
116 -40 -35 13 -137 -125 -123 294 -25 -72
37 -52 9 9 -36 153 18 -123 105 187
-212 142 53 -94 218 7 118 -120 43 -52
145 146 238 -210 221 -166 24 87 -385 -382
-84 131 -32 77 -39 -267 171 -52 -137 -290
-79 332 139 55 204 135 118 34 141 -140
-178 -39 48 131 44 87 -9 -6 166 64
-33 69 -121 -269 139 -134 11 -13 -100 19
-51 -352 199 64 -91 141 -105 -66 -35 120
6 -87 134 88 18 233 -31 -118 -8 41
69 -141 -72 -38 -191 -278 -11 95 -188 -23
200 63 15 35 -157 -190 51 124 -162 -145
41 35 -238 -15 -64 48 44 -152 26 206
128 249 -70 -74 63 -100 55 118 -12 -63
-261 20 104 322 -26 108 145 -149 275 4
-149 164 -18 56 85 -144 95 35 98 -179
27 48 21 -59 -3 -31 16 57 -74 -25
-132 145 81 -53 174 -150 107 -6 -45 -184
11 99 35 -85 107 -33 -2 48 -64 -140
147 -23 16 -203 -92 -65 -50 134 -249 -61
-80 -120 79 200 -86 170 -25 -46 197 81
104 -40 2 -176 84 -3 -59 -49 -154 -43
55 -142 -36 -6 -134 -76 -75 72 -71 -3
-150 161 48 361 60 76 26 96 288 -122
-198 48 71 158 -23 -111 180 -116 32 -114
0 -46 -27 18 -6 -51 79 -224 -100 -56
-64 54 102 223 -17 64 -28 186 225 -23
-10 -81 78 -122 89 35 -86 49 28 30
-53 5 228 111 57 57 34 12 8 -103
-27 -33 30 122 -72 -22 -23 119 133 35
98 -191 -157 -181 -137 -99 -70 -62 -270 73
93 -111 -55 -301 -68 -24 -26 -36 -204 145
-117 121 22 -16 48 -13 120 -67 79 -58
125 -307 -23 -5 -196 -144 -99 0 -231 47
-49 76 -190 -90 54 -96 42 -114 -52 -68
-32 11 -2 71 -77 73 34 -22 54 33
55 -51 -92 -161 -16 109 -20 -115 -75 175
-76 -122 78 -163 76 -12 -108 105 -34 15
35 -120 95 55 -109 -79 7 -23 -123 -139
-76 67 25 153 -12 -59 133 -133 40 -132
15 -24 67 9 -95 -12 38 30 -103 10
129 -8 -29 -100 -70 -108 -6 61 -118 -15
17 136 26 19 102 -153 31 76 -90 -223
-192 276 64 26 185 156 186 -146 205 -15
93 -65 161 -55 49 -65 39 -92 -235 -76
72 204 89 57 112 -22 67 35 -59 -187
61 32 -150 -73 -107 -88 -52 151 -31 -16
13 88 8 -103 53 24 59 -63 -98 -23
87 65 -38 -85 85 -155 14 17 -122 -60
-126 151 -9 209 38 -13 187 -204 84 -110
-35 290 -47 -207 228 -88 41 94 -41 -199
38 299 -89 -74 34 -53 78 147 35 -69
-55 -101 63 -49 -6 -27 -29 3 -200 -51
-76 99 -19 -51 160 34 71 -134 101 39
-276 -119 -167 174 -99 59 -28 -24 316 202
187 -202 67 -78 -203 -127 -28 16 -248 -24
203 111 -61 -82 -80 -236 6 208 -168 -104
-25 54 35 -190 76 -21 61 -72 -130 -57
-6 -25 -84 56 -31 73 33 -187 23 22
-53 -15 215 -99 186 141 32 -183 -149 -118
120 -222 -47 177 -333 -76 4 -13 -9 159
82 -90 109 150 -82 76 -48 92 114 144
-64 222 76 20 212 -57 23 110 -40 -254
101 18 117 -115 68 195 17 -101 -36 114
128 -148 178 6 -36 139 14 -167 -117 97
-114 5 -50 224 -86 32 29 44 255 143
-58 74 18 -62 104 218 40 -127 40 141
81 150 110 -93 4 -147 84 94 -315 -273
-128 -17 -3 274 -133 57 39 24 165 57
-39 -94 190 46 20 200 -65 22 17 26
46 -51 89 95 1 92 -1 -78 -26 13
131 36 12 -213 65 114 19 -176 -250 -55
2 -170 82 -10 -139 -69 -3 3 -201 -10
-107 -95 251 64 14 -91 16 84 17 -131
164 -87 56 -90 -66 284 -149 119 75 261
183 41 138 -283 71 97 25 -96 -253 -70
-109 218 -153 133 44 -177 200 -129 117 -60
-150 113 4 -144 204 -49 -2 67 37 -66
45 190 149 -124 160 -33 39 90 -124 -234
98 -4 10 72 -44 124 -7 -48 -61 74
-63 99 70 78 80 161 -45 161 190 103
-124 -24 24 142 14 -61 -10 69 101 -32
-29 -142 101 -1 -22 -38 -16 -3 34 51
44 -286 43 67 -176 3 -132 55 -35 49
-36 -193 52 62 -187 -85 1 20 -113 38
156 125 -51 -252 82 52 -34 38 -134 -13
111 -84 166 -90 75 106 -31 -61 -48 86
22 54 -73 -58 29 -98 85 -102 -24 41
54 -55 184 19 53 104 5 -63 -30 33
53 110 7 -204 179 82 24 -74 -1 97
27 168 72 -132 200 189 104 -215 -13 34
-87 -38 -44 165 -73 64 29 -87 206 49
98 -180 -107 -10 -134 -172 -85 49 -139 31
183 -68 -19 -197 5 288 -135 -27 -68 208
-2 -8 97 4 37 -80 -33 75 -66 -226
-84 81 -146 266 -98 64 107 -153 255 45
-337 187 -33 308 153 108 61 11 486 -15
122 -7 91 -51 57 326 -13 -199 -18 93
69 60 57 157 -85 110 23 32 56 -16
-149 27 93 -73 228 97 25 -158 -10 -65
180 -203 -53 -364 -79 -12 -76 -91 -365 137
91 -6 79 -136 60 113 -81 68 22 24
13 -66 39 160 -201 160 -40 109 147 125
26 -21 35 145 -4 28 67 -191 -35 -60
-175 -37 43 41 52 47 71 -147 108 58
-39 -86 1 20 -43 -210 21 28 -64 -36
72 39 117 -143 -18 -149 80 -20 -301 -278
-9 -160 -205 -93 -66 -144 -83 18 57 180
-88 76 124 -105 69 20 102 -66 -103 -83
55 302 120 -145 277 166 23 47 -8 -135
-155 127 -9 -11 58 -66 70 25 30 -153
-21 -11 -24 -47 44 158 33 -168 123 189
-212 -70 -27 -34 105 20 -45 -12 156 80
139 39 -68 -71 -34 -156 -65 200 -95 -46
65 -144 244 -119 76 68 -162 146 -170 -139
-108 101 21 267 39 120 50 -13 275 59
-6 227 -65 -105 174 54 42 -29 10 -65
39 43 5 2 77 -12 8 -16 -7 21
-59 39 -103 -182 -9 -132 69 -37 -108 0
63 71 -21 162 -8 -129 -13 95 32 -201
-8 -125 -102 142 -99 -50 -60 12 155 78
-35 256 -35 44 95 -109 31 217 51 -132
-90 -43 28 33 -6 142 10 -80 44 100
-52 86 -34 -151 191 68 6 -99 21 7
93 -66 -68 29 -176 -214 13 65 -97 -62
10 -142 -109 -54 -138 -29 -10 -67 -83 157
-65 -150 -229 42 -81 -3 -122 25 210 199
258 -124 122 -6 -106 99 -101 100 -122 128
-128 83 100 198 45 -60 86 6 107 -158
-46 -29 -151 31 -51 153 25 -135 263 338
173 83 56 -72 -88 63 35 33 -128 -46
130 109 -37 -30 34 7 -19 100 -22 68
94 -181 -62 66 -213 65 -21 -71 -9 243
150 54 -103 -78 1 -54 -30 80 -29 123
-85 74 -265 -2 8 -92 -28 51 130 43
315 37 206 -167 7 18 -74 195 -327 -101
1 -185 -13 -26 -40 19 -112 18 -55 84
-5 -201 -52 146 -59 140 -148 22 257 247
20 -24 58 67 44 -84 -67 124 -45 -104
2 -85 -2 -87 -48 -261 -15 117 -178 -69
-12 -36 -63 -122 17 -188 -43 113 -84 -12
135 -277 30 -99 -129 147 -124 -100 -106 125
2 94 78 26 123 -146 64 13 -71 -130
-214 -189 119 165 -97 18 34 -93 69 -20
-21 123 -85 142 36 22 -8 81 166 29
87 -94 -95 62 -203 -140 12 25 -43 61
108 -66 -28 91 -119 35 -47 74 161 173
-87 -104 -116 -102 -18 98 18 -216 18 188
27 56 145 42 171 2 24 -66 -101 -151
-84 -31 63 39 -17 43 -41 140 179 91
-156 98 -53 19 112 77 -38 54 163 -65
156 -207 78 63 -148 168 -80 -30 -70 228
-125 288 3 116 215 106 40 45 229 -150
60 -113 -109 152 -210 28 -9 -22 129 208
35 23 278 -135 130 69 -7 24 -236 -218
142 -159 -42 48 -99 135 -99 -22 63 262
-34 211 -137 180 31 -37 -19 201 195 -47
-37 -171 -118 217 -115 69 -134 74 312 214
-31 -81 74 33 18 -66 23 -61 -59 -21
-146 -177 -16 202 -171 75 24 -116 164 132
-35 100 -59 90 71 -41 77 -82 203 17
96 -254 28 -143 -164 -53 -82 20 -235 87
-50 299 -165 24 71 -349 134 125 -14 -222
-278 225 -15 91 141 -143 156 11 204 -147
23 -76 53 178 -139 50 68 -136 29 0
-76 61 -120 -3 65 -49 0 -13 6 -28
93 83 25 -224 143 105 14 -128 -138 -37
-51 -109 -186 103 -174 -262 6 48 16 34
37 5 25 -124 48 -88 62 -80 -144 8
-176 -155 -275 44 -161 -41 -17 -102 171 180
70 66 164 -29 85 156 -45 76 -100 -80
237 -88 112 -87 1 -10 -112 144 -139 74
-165 90 7 86 155 -212 32 34 -47 -299
-17 213 -72 133 -12 -246 119 109 43 -174
-13 -49 -105 65 -38 61 -16 -93 159 97
63 80 -37 -142 64 -2 3 36 -25 86
126 -122 354 -78 21 49 -121 222 -251 -122
39 -95 276 -4 68 112 -70 55 -122 -81
-11 277 99 -259 311 42 33 72 -56 -123
-60 -152 160 54 -12 102 -58 -17 -110 -45
35 325 -41 -183 178 -29 93 31 -92 -150
137 -149 139 -213 -44 173 -71 -36 -158 108
45 185 -63 22 -59 -235 114 80 -156 -229
-16 160 81 65 83 70 25 62 86 -143
180 -52 -7 -60 -138 28 -77 132 -61 71
-59 154 -57 -163 130 -146 103 -71 -69 -139
78 -131 -16 -272 -34 -102 -89 106 -161 89
293 -158 130 -91 -131 38 -138 172 -205 83
178 -160 52 16 -220 -47 -2 -26 -185 1
-39 23 65 -76 53 3 -10 68 66 -21
-50 89 -163 77 5 30 86 -178 97 43
154 186 37 -286 119 7 89 -72 -221 -64
177 143 16 -189 111 -74 -8 74 -183 -131
74 -35 -125 -72 -77 15 5 -63 11 180
12 13 -121 47 -75 -114 -42 150 77 26
41 84 -192 10 1 -96 46 -64 109 52
18 -250 131 75 -11 85 -85 -96 -11 70
12 -263 -127 -65 -187 -37 -42 -139 -56 149
-101 -91 -36 15 33 25 -167 178 53 -2
38 -84 101 -42 19 274 -109 61 110 255
-44 124 -46 184 -8 117 -56 175 203 -1
-12 -72 -115 -9 -58 -79 -58 64 41 76
144 -182 -4 -1 -163 121 -17 -134 -35 235
134 24 70 75 -128 52 36 4 -84 -66
-160 382 -88 -54 181 -9 187 -68 119 -153
-91 -109 -101 -45 61 183 -67 -148 131 234
-5 -343 -63 -65 -176 81 -76 -135 17 355
-60 -122 -65 -11 -52 31 7 -130 96 153
-17 64 56 -164 70 93 -23 68 -42 -1
37 27 -125 -47 42 -96 -36 34 -32 11
59 88 -226 -120 -75 -337 64 67 -84 -63
-98 196 155 210 113 111 83 7 105 -191
-2 80 -165 -25 -62 -128 59 -43 -119 -114
77 58 119 85 50 101 66 -95 -1 28
-222 127 -17 275 46 -1 30 122 289 -33
-81 -129 166 197 -19 16 -23 28 128 -12
-195 166 92 160 80 -60 178 -92 58 -205
-10 -11 5 -96 -24 -117 29 2 -88 -105
-56 -30 173 21 74 286 8 -130 92 81
-161 92 65 -125 166 4 131 -217 -127 -157
-234 40 -149 314 -48 -199 65 29 230 -83
-109 94 -178 180 -36 -121 90 -78 153 -76
38 4 133 208 -16 65 -30 99 93 -45
-86 17 -156 102 -40 31 13 -82 216 24
-41 -163 53 14 -146 -60 30 -42 -86 46
-35 -59 41 -22 -16 -40 -90 211 98 54
4 118 99 176 -13 -8 84 -3 3 -211
146 1 -55 -120 -105 -107 92 -120 -232 -7
-126 17 -180 60 -5 -63 97 -219 109 11
-29 -21 238 -22 126 -61 64 -71 -175 -155
127 -25 18 -187 51 130 -11 -131 -110 109
191 -58 -131 -98 -165 -93 5 -16 -129 122
-65 -119 -38 96 -135 -80 -91 184 100 9
-222 25 -170 65 -11 -53 17 2 147 24
0 92 85 -75 108 122 -45 112 35 2
132 -181 -23 -157 -60 129 -77 -69 -2 332
190 -156 -21 -84 -74 344 -198 23 22 279
189 -48 -3 -130 -86 225 -103 61 28 207
-11 212 171 -61 176 -92 96 32 -228 -337
-24 -102 131 -103 164 108 -105 -1 39 46
33 -83 14 166 -177 -82 -30 125 13 -48
-42 223 36 -118 233 5 74 -56 -36 -169
22 178 60 3 58 119 7 125 184 -20
107 30 -105 -130 -112 46 56 -115 -72 50
136 51 33 -23 -87 -46 -33 203 -82 -31
17 44 64 -236 111 -4 -17 27 -180 -91
-37 -176 -56 -183 -56 42 -42 -113 -130 121
-43 -27 131 136 14 211 40 -135 81 72
70 -78 -82 68 -65 11 -103 123 121 190
-77 -93 42 10 9 82 -4 -81 -7 101
39 -42 355 -39 126 243 -16 -19 19 24
-23 218 -104 21 63 9 127 -102 99 -15
13 223 -116 -103 -9 -96 68 128 11 -47
84 -363 155 128 -165 255 -170 -13 2 246
-85 52 -136 79 -37 -2 22 32 189 144
-189 39 39 167 115 -56 46 -38 145 -107
-29 -84 67 45 -31 -55 36 -47 -26 29
-55 234 118 -10 160 -25 71 102 -8 -197
-108 179 -71 68 133 92 45 13 310 147
-116 58 -203 207 -64 -281 56 31 97 -154
-5 96 -180 120 21 -95 58 -97 -8 -32
-293 94 52 245 85 -36 88 10 287 -104
124 -121 5 142 -271 -75 -75 206 -55 -19
-137 -90 -22 -35 30 95 -71 14 84 125
-98 246 205 86 197 123 116 -9 80 -153
-60 -64 -29 32 29 -107 -106 151 -48 -74
162 -202 -24 -136 -103 4 -166 98 -135 81
-78 68 -47 -26 56 -43 -6 60 131 -56
-29 92 18 -104 101 -131 9 109 -119 -103
39 93 -111 -11 -8 -44 25 10 45 4
31 66 -171 6 -35 -71 7 -2 21 -16
-12 131 187 206 85 81 -34 218 176 -122
-86 242 -27 136 40 -65 194 -131 -49 -228
-110 63 27 -15 191 110 -52 28 121 21
36 -22 166 -23 -38 -77 82 -32 -201 -118
139 27 45 -37 35 189 -25 -32 29 161
-34 -48 -16 180 -129 -112 -19 127 58 -65
-156 29 117 93 58 141 49 -106 36 -130
-126 85 -105 1 66 -15 37 -34 156 16
123 -224 335 -76 -24 150 -69 -37 -239 -34
57 -175 167 52 -64 238 2 -182 42 173
-186 20 -134 -33 -18 -241 86 -29 -15 -92
-94 -41 -15 -8 35 -66 -27 27 -26 -41
83 -268 48 -46 -202 28 -53 -28 -69 193
79 -237 152 -67 -104 95 -90 -12 -189 35
-80 -83 -1 91 -109 -79 19 39 23 46
77 -306 -149 110 -319 -6 -89 -46 18 204
25 -93 34 -144 30 -38 7 -81 -159 83
-5 -67 211 -17 108 17 -38 59 -29 1
-14 -33 63 23 26 -84 -6 9 -84 -138
79 50 8 -94 10 228 -35 19 31 188
67 203 228 -81 204 121 56 27 -27 -112
-8 -260 50 97 -111 -152 -97 81 -34 -5
85 116 159 -59 96 98 86 -64 -76 7
-69 22 67 210 27 12 75 -72 158 25
-42 195 160 -16 134 -71 59 121 -44 -290
49 18 154 -31 87 44 54 -90 -25 -24
18 -253 191 53 -26 64 -144 46 -72 -61
125 -138 130 -105 -78 200 -78 10 -4 151
-3 17 164 156 -21 38 100 -76 9 -38
40 -13 22 107 -102 159 -27 69 144 170
108 -138 -92 2 -108 71 -153 98 36 143
118 108 20 -72 51 100 126 -233 -111 38
-20 120 149 7 123 -136 40 81 -149 -328
-48 25 -99 139 -107 8 60 -80 49 -19
242 15 -57 -34 -155 -34 -13 88 -140 75
156 34 129 7 0 168 38 -87 -84 53
83 -29 -3 -178 40 -113 29 -86 -228 -26
-81 192 -48 -64 46 -95 120 -30 -41 -192
191 -141 17 -417 -7 -33 -83 -6 -357 76
-2 -145 -21 -5 -21 30 -129 98 54 142
-41 147 6 -7 147 224 14 -62 117 70
288 -83 70 0 -160 133 -26 -25 -133 141
-163 11 74 200 -9 -49 121 -105 83 -84
-91 -145 -192 71 -132 -119 62 -220 17 81
-39 16 -11 -201 94 20 27 -88 -85 54
-88 7 -91 118 -14 -57 100 -202 19 -45
-155 108 -113 194 -9 -225 155 -64 145 -65
106 -260 -153 -98 -157 216 -68 -250 25 394
246 40 193 -94 -84 -9 30 73 -313 -161
38 -112 120 -10 -29 -132 39 -102 -234 -192
-47 -3 -174 43 -112 17 28 -49 133 149
-3 -188 -120 -77 -105 -88 -83 16 -24 122
-155 66 -140 10 50 -81 -75 180 144 -62
276 -229 -31 -22 -215 184 -166 42 -45 271
-62 48 64 80 -78 -119 108 9 -111 -158
-47 97 -113 -97 52 -52 6 36 0 -23
27 -213 -177 -26 -143 29 -161 76 143 252
166 -21 -179 -11 -127 6 -62 29 43 110
93 66 -15 -185 63 -235 2 100 -164 -159
-20 -214 78 135 -173 19 14 -82 -10 111
144 244 81 -136 209 5 88 -40 -88 -86
72 -60 17 -54 -122 -54 -81 197 -17 -30
0 -189 36 137 -221 -42 -20 31 11 32
98 -197 -211 -18 -251 87 -84 -68 24 245
-14 -87 -12 51 -38 121 10 -129 53 185
69 58 87 8 81 214 -8 -79 3 6
92 40 -16 -277 127 -66 33 -128 -214 -58
64 -96 178 -28 32 2 5 -93 -237 -122
30 -44 -87 126 -87 1 -71 94 99 72
106 139 -133 -119 31 -120 25 70 -58 41
-177 35 -74 225 -22 -196 105 -52 123 -116
-94 113 -97 128 -1 100 -43 137 280 43
-61 21 33 -53 5 -3 70 -86 -60 -64
-45 110 -53 23 45 73 -40 141 170 71
50 219 51 50 173 55 9 84 75 -84
-10 -82 89 86 53 231 -101 -12 91 82
45 7 96 -162 50 78 -6 -24 -128 -43
43 -9 111 -265 107 -17 -10 -1 -214 -50
-26 -80 30 -14 -94 -136 -38 182 -28 11
-95 -63 83 42 92 -4 8 -106 -26 -91
13 268 45 1 106 -23 137 -5 -80 -138
150 -50 -110 -175 -129 18 -18 6 -59 220
-81 155 113 -15 259 316 -13 -76 168 7
165 -26 241 -220 37 -50 -36 121 -377 -167
-197 8 -56 79 -26 -182 46 29 8 -180
-66 71 -9 10 144 77 21 -91 24 25
221 -107 137 -327 16 39 -19 -93 -354 37
-99 -125 -46 215 -135 -63 22 -69 34 -9
-208 -50 10 226 14 -68 -30 86 192 -59
-120 -222 -116 180 -222 -122 -49 43 95 80
183 -195 -47 -279 -92 42 -116 -52 -340 72
-75 78 71 152 101 -99 56 -12 44 -189
-173 159 -18 29 119 -215 101 16 7 -269
-24 -215 119 -53 -74 123 -15 -121 36 156
-21 -50 -369 51 -204 -28 -20 -51 166 215
169 -25 -29 17 -167 79 -59 125 9 129
78 -119 58 -238 52 68 -124 45 -108 53
-34 -130 42 -75 -104 129 -33 17 60 216
32 64 -100 -137 -16 -53 9 56 -14 62
-137 -215 -50 20 -86 -129 -7 -99 12 8
-79 142 65 2 118 62 88 -63 22 -53
-46 81 -185 -121 -44 -225 53 40 -104 -87
-18 59 106 -14 171 135 -88 106 66 -21
-45 221 -27 -76 188 1 -14 124 57 -124
69 -342 22 -97 -232 -28 -37 -97 -101 225
-54 179 5 112 141 100 8 38 169 -54
63 120 -116 -33 -34 -69 114 -80 -25 72
117 167 11 -3 -25 4 82 33 -49 -23
75 -343 -21 117 -197 293 -144 -115 170 413
-65 189 68 30 216 -183 59 24 -128 -382
-64 197 -23 133 71 -181 69 143 99 -144
68 -49 -42 -170 44 -38 -126 121 -112 -15
-87 223 -300 -34 82 -160 48 -1 90 -118
-79 179 1 102 41 -1 154 -97 64 -59
-265 51 75 246 39 -89 95 -34 79 -252
-77 -245 91 138 -132 -5 2 -105 -39 54
-140 43 -31 269 -27 -176 65 37 154 -143
-130 -58 -139 48 -90 -2 39 -92 177 144
69 -152 53 -78 -1 22 -87 28 -6 141
254 21 10 -266 -28 5 15 -54 -280 18
-126 34 72 123 49 166 59 -110 146 53
-1 23 -137 140 -18 61 -37 -15 196 67
-37 153 -209 174 -91 -73 62 15 104 -82
72 -152 94 121 -78 179 -121 59 88 109
8 109 -130 84 -72 -41 35 55 84 5
140 -36 107 -146 69 224 -141 86 -28 74
-121 -143 -37 84 -146 56 32 -72 172 245
-79 -178 44 101 -145 -20 -5 -17 4 48
29 -73 -26 149 -28 21 -124 138 71 46
87 32 7 -37 32 -97 21 -10 -154 -74
34 -252 161 186 -180 112 -151 149 29 22
117 6 40 -160 53 -90 -82 159 -131 -76
-64 28 45 48 120 -75 -47 72 20 -195
-42 17 7 -99 -43 -129 53 33 -203 -100
-97 21 -74 63 35 260 36 -211 225 192
148 32 103 -19 63 135 -13 -20 5 85
32 -13 -222 64 -150 -65 42 -98 53 79
-127 -29 46 58 -1 -29 -13 88 51 -12
-275 24 24 202 60 -29 45 0 238 -78
-2 -62 93 -162 86 -92 -23 4 -191 -99
19 8 119 49 -16 -121 26 87 -133 -154
-131 9 -150 -31 42 10 51 -156 47 117
-99 152 -47 -7 80 -17 42 19 119 -127
114 -116 -134 -187 -98 -69 -20 -97 -253 87
35 -124 -111 35 -211 -55 -60 118 68 152
-78 -99 -184 57 -128 76 17 -151 199 232
6 -21 -71 100 -70 -3 11 -28 110 74
-189 -24 101 168 87 189 51 -184 187 26
58 -224 -75 -142 -225 -101 -12 -56 -116 114
-31 252 -108 1 172 79 45 -28 214 -10
3 129 11 -213 143 108 70 -162 -131 -49
77 -142 119 43 -204 102 -53 128 47 143
-65 52 -114 23 -46 77 -4 33 141 105
7 -109 -131 42 -136 134 -9 -127 175 257
91 -147 5 -97 -84 -70 -98 104 -122 35
156 24 97 -184 -12 -141 15 67 -266 -188
-12 42 -25 78 -11 37 -47 156 255 111
-149 -194 -122 12 -129 145 -48 -103 148 265
-120 -104 -7 35 -78 60 -67 76 97 55
-102 10 -171 -23 -61 -168 22 83 153 111
200 90 -60 -274 75 -99 30 -68 -268 -64
5 142 -49 74 -22 -113 69 78 96 -73
-124 193 159 -24 270 -141 106 -24 -163 -339
61 -201 -123 29 -173 127 -78 -65 186 325
46 -78 285 -43 -8 99 -33 83 -166 -76
-137 202 -102 -41 188 -63 61 7 138 -17
-33 13 124 218 55 149 -86 123 124 -53
-31 -192 248 9 4 134 -79 -20 -119 -88
-16 184 61 -53 195 -1 109 -135 -103 -166
9 80 76 -28 -11 -121 60 74 -202 -180
-165 -9 11 -48 114 65 -58 30 115 -25
-158 144 -66 135 65 -230 100 29 -5 -204
-46 273 19 -162 157 -126 103 69 -106 -247
96 0 -23 12 -81 216 -4 -90 89 123
2 313 1 61 84 -154 114 139 4 -242
-4 125 -53 -128 180 -97 81 -113 2 -11
29 60 -19 122 -13 65 -15 60 73 43
-17 -157 5 -47 -140 49 -65 13 -34 4
-222 23 -184 35 9 -90 84 -136 71 23
-173 103 97 67 217 -150 41 44 -14 -223
-197 1 -19 35 121 46 -42 16 189 6
150 -250 134 -23 -84 10 -168 141 -164 70
-51 35 272 61 94 -85 33 118 -14 -218
79 -100 -221 -113 -218 -139 33 -81 -120 124
161 -46 140 -205 89 -115 -97 153 -293 -132
-81 96 74 114 44 55 53 -4 58 -100
-114 123 -108 150 49 -194 41 50 14 -217
195 -159 -54 -106 -44 239 -216 72 81 266
-99 11 -209 154 -116 -40 47 -27 249 176
-33 158 -50 -150 40 76 99 -61 -17 85
-73 -92 -25 182 -31 -50 11 -94 42 -23
24 -129 -186 44 -254 -29 -57 38 -12 78
-63 -25 333 53 157 -24 -64 216 -43 -156
-145 19 3 -97 119 84 41 -144 54 21
-102 -25 45 121 -130 -88 92 19 -30 -7
-40 83 168 -85 267 122 -14 -61 -31 -134
-199 128 -72 192 86 -114 53 29 169 -153
-115 175 -63 195 58 -150 136 -83 60 -236
-48 154 12 147 121 11 71 -49 65 -77
-20 159 142 44 138 27 21 98 90 -163
-173 66 -23 122 30 187 46 -99 185 50
-89 220 62 49 180 -85 88 17 37 -259
-202 22 131 115 127 45 20 -1 216 -86
135 32 175 -166 135 163 -49 -27 -193 -103
16 72 -147 -77 35 -12 67 -126 94 142
-64 -183 33 210 -239 -1 -16 47 42 60
-20 -29 -34 -56 -75 -222 75 -14 -108 -69
-169 -117 62 42 57 73 -37 -51 169 47
-56 -176 56 125 -42 -28 -73 19 69 -15
-104 -212 -144 178 -225 -184 15 -67 36 47
62 107 7 168 -109 -84 117 -13 -8 -118
75 162 -186 28 30 -120 47 -10 43 -37
-72 169 -102 95 98 58 -29 94 143 -34
18 -64 -101 -177 108 29 -53 -125 -20 117
-141 152 33 94 146 -151 88 -6 -57 -263
59 220 70 -150 161 163 94 -125 -138 -67
75 -35 -59 -108 47 -42 -91 72 -48 44
-20 47 200 -103 155 -11 43 -8 -39 -103
55 195 -7 -150 177 276 62 -179 53 119
-61 -32 -23 74 -6 -71 89 -154 50 31
33 39 154 -168 110 -90 37 2 -187 -182
118 31 -53 -165 -54 -292 73 14 -277 -137
119 -26 -66 -240 -68 -170 -30 97 -210 -43
-128 -227 -91 -19 -88 83 -32 -154 101 259
-67 223 -19 6 137 140 -32 186 257 59
91 -109 105 -35 -64 -113 -93 170 -202 -145
205 -97 96 52 -82 134 -18 -134 -132 -17
-63 85 -43 -125 69 -46 -16 76 -5 -112
-180 102 -128 149 1 85 7 38 237 41
-25 99 -48 0 134 -127 32 0 -35 -56
-30 132 73 45 126 -122 80 15 46 -142
191 -122 140 -94 -152 -33 -46 103 -261 -44
-58 72 -4 -45 61 -89 37 -24 -79 -214
-110 65 -202 45 15 -90 3 14 82 6
7 -242 -73 -105 -143 -59 -4 -144 -104 191
-32 292 -50 123 115 -140 212 -120 33 -155
104 -27 55 -269 83 49 38 -192 -230 21
108 -80 180 38 -9 291 -137 87 -37 43
37 -135 173 31 -61 165 -47 22 -41 138
159 134 -26 -163 67 -122 -16 144 -157 -69
-36 262 35 -114 135 -44 124 2 -75 -184
8 85 -161 -58 41 -69 75 -164 -83 -34
54 275 -221 30 -25 -216 43 220 60 -101
-11 107 -80 -229 59 -168 130 -129 -133 -85
-92 182 -272 168 -2 -215 55 70 156 -75
-90 248 -129 -19 125 33 83 -48 101 -56
-7 -146 73 -18 -97 -22 26 -61 -1 83
-245 151 -12 137 150 -177 46 77 107 -307
-73 1 69 158 -47 -12 92 -56 61 11
-206 -15 -82 154 -15 77 -30 19 270 40
87 265 -142 -81 52 -103 89 32 10 -84
-18 143 -52 -105 151 -42 -7 55 -6 -73
-124 52 -136 171 12 -127 80 -111 67 -83
211 -39 165 34 -10 72 -33 41 -77 54
94 -189 -15 -115 -128 142 -49 -76 17 318
-143 -6 214 199 16 29 58 37 157 -61
52 -98 127 -61 54 -28 -87 107 -73 9
-108 -31 85 242 5 182 1 -42 230 95
88 102 -42 -103 -70 -261 47 150 -194 -193
184 -40 58 -52 -122 -172 70 -58 -292 -166
35 17 -140 -40 -65 -127 45 -56 3 -16
-62 114 25 -102 163 113 71 -118 63 96
93 -106 -153 -285 -65 -105 -29 -51 -209 137
-247 186 -59 -58 249 -93 124 -158 14 -191
-78 196 107 235 74 72 106 17 194 -73
-194 17 109 -22 111 72 69 -95 124 -1
96 170 91 -243 129 -77 -8 177 -224 -173
-184 64 -82 157 -31 92 64 -66 171 47
84 37 39 -123 121 221 -56 -71 -16 48
25 -201 -51 33 -133 -90 -81 2 -54 -27
31 -301 -72 8 -100 6 -184 52 52 212
-51 67 39 -48 139 27 -1 20 79 21
-155 -7 -88 27 11 -10 -88 176 213 59
-114 209 -122 -59 114 -224 123 -1 95 -129
-64 304 90 -37 229 -6 120 -10 -35 -249
66 33 64 -36 51 20 44 -79 -79 -17
133 113 94 -1 73 -80 2 145 -71 -68
-65 192 -136 76 3 32 52 71 231 80
52 150 15 154 -25 -129 143 -28 65 -103
66 -94 250 -244 92 39 5 -98 -338 -121
53 -234 0 38 -182 -180 -23 -11 -113 10
241 -34 -104 -33 -96 50 -83 14 -87 67
253 38 164 -81 -16 103 -24 56 -237 -59
129 -31 97 -12 17 -19 -38 30 -84 -85
-26 58 259 -75 173 186 38 -76 -57 -69
-2 -250 -115 40 -97 125 -124 -78 170 299
-62 185 -137 -60 2 30 92 -28 22 36
-247 149 -14 45 158 -187 58 79 57 -242
4 130 -109 121 44 -91 93 -114 96 -93
116 140 2 -237 201 8 -17 -9 -78 -75
-44 -84 -270 -169 -38 -11 5 -201 -60 201
-28 193 245 28 260 81 51 15 -18 -210
-98 -149 -125 153 -75 73 -78 -18 260 229
-131 -55 -39 -155 118 -75 -25 -47 -24 -17
123 75 -25 -138 89 -15 -23 19 -97 -13
-32 213 86 -80 172 20 127 -111 -179 -195
-86 -51 107 174 -5 -234 39 78 42 -149
-31 109 -15 89 69 59 30 -18 114 -6
4 -87 -180 -47 -33 17 -98 13 120 168
163 -143 0 -151 -24 24 -134 49 -170 68
111 133 -21 -79 194 56 9 -116 -25 -57
-105 259 -276 -36 39 -186 61 140 176 -17
-16 130 -173 17 9 -50 57 8 208 143
134 -103 86 -148 60 -8 -45 -37 -135 81
73 131 99 -16 133 147 -85 186 81 -2
-34 -149 -41 216 -159 152 8 -154 137 186
78 145 -164 122 -65 -129 27 120 79 5
-47 -103 136 64 52 -5 -86 88 -41 -87
-69 -107 -227 43 -122 -149 -53 66 160 149
52 73 -37 168 -62 -118 -14 182 84 -57
-50 144 -153 -102 116 -18 83 -118 79 98
98 22 65 -121 51 98 76 -193 -87 60
-83 71 174 164 131 76 54 -28 141 -49
8 -124 62 -96 -14 124 9 -160 -95 133
165 -16 6 -156 -121 -42 8 34 -185 -14
63 -107 -124 53 -96 -134 -58 43 -48 60
-121 -201 -16 -36 -50 58 -8 -145 112 200
134 -2 27 -173 6 -18 -61 81 -157 -65
35 51 143 -101 0 154 64 -67 -10 -8
-233 -34 116 46 56 33 93 -131 34 -28
3 14 -99 -80 31 -268 42 -42 -149 -169
42 -66 170 -46 16 -29 -84 181 -107 -79
9 22 73 81 17 213 37 -127 105 85
-73 167 -47 142 4 -151 163 -69 18 -144
-22 147 -23 -266 107 10 91 -111 -172 -88
-153 266 -157 -24 110 -269 119 89 84 -172
131 -84 73 -116 -7 -132 -19 -11 -228 -128
52 -121 149 -42 51 156 -130 77 -13 77
171 53 -30 -93 35 -34 -63 128 -52 54
126 -146 126 26 23 28 -100 -6 -99 -60
-23 -151 50 218 -112 -34 -54 55 72 -15
-111 47 58 271 22 27 48 10 215 8
-39 162 -12 -67 61 88 56 -11 21 -34
39 36 -114 -61 -111 -28 92 -114 -17 45
58 -39 -267 -100 -174 -64 33 -130 -45 92
70 -54 -56 -210 28 -201 -60 79 -159 -69
-24 15 -89 -49 76 24 33 -170 -35 41
110 -199 51 -131 -133 -54 -145 201 -84 69
56 -65 110 58 -105 -14 18 11 -107 -69
-113 -60 -30 124 25 -131 1 -13 113 -43
-164 -30 -42 240 -55 -115 109 -148 123 -88
-145 304 -116 -38 150 48 158 -125 118 -64
115 28 25 12 40 57 -17 22 30 127
78 126 -167 42 -6 31 -42 87 45 42
54 -129 246 -106 63 16 -49 -5 -246 -131
-203 15 -151 253 -111 81 104 -151 304 158
-152 107 54 257 20 -79 119 -23 146 -153
31 190 58 -57 78 -59 90 33 -169 -155
-106 -2 -82 228 -99 -84 -1 99 126 -18
48 111 167 -47 151 195 24 -39 36 12
-29 157 -98 -89 -1 -13 117 -88 37 -25
-186 239 5 14 269 -20 109 -101 86 -194
-98 46 143 97 83 -10 94 -84 5 -119
131 -5 -97 -109 -42 -70 5 -29 -113 73
66 -309 -140 38 -303 -119 -129 92 -5 150
206 45 137 -67 63 50 -46 106 -93 16
-72 -34 -244 216 -111 -48 -49 46 240 124
131 -318 -50 -22 -178 -60 -218 142 -64 90
9 -135 121 -151 20 293 -96 -75 -47 100
-170 56 -104 215 -30 -163 40 96 207 -32
136 -106 150 -302 42 177 -87 -42 -278 10
-42 96 74 44 76 100 -55 158 147 -59
-11 -27 -75 63 16 95 -53 -26 122 115
-30 -60 6 41 -45 139 -4 -103 118 49
-39 -77 -78 -20 -53 142 51 -207 112 276
91 -39 3 -142 31 -29 -16 -73 -172 -57
72 169 47 -21 200 -8 46 -93 -134 -215
-16 -113 207 -150 110 84 -85 23 -129 -69
183 76 -126 -10 -145 -281 40 135 -122 -88
-225 301 -117 260 109 -200 196 -52 189 -257
-1 248 -1 168 65 -92 76 136 107 -132
-95 25 213 215 44 -48 3 163 161 -162
-86 135 -39 260 0 -140 71 64 175 -169
65 -212 129 -21 -125 46 -87 54 -190 38
65 171 143 58 195 145 28 -5 130 -8
-53 -204 114 127 -163 15 -41 17 -15 -53
-190 122 -126 127 51 132 63 -122 306 29
12 -132 -204 -52 -252 -208 44 -45 -110 90
-39 -118 227 -82 52 163 -26 -22 -63 108
-83 -88 -49 21 2 150 -38 -91 180 180
-12 160 43 129 173 3 -8 65 36 -152
-50 -25 -75 121 -43 32 10 -62 11 65
50 -140 5 62 -170 -195 1 58 -38 -27
26 -168 -6 233 -230 134 -30 -42 158 151
-7 83 209 3 73 36 84 -38 -155 -178
92 149 167 46 187 51 23 0 -25 -164
57 -69 -10 35 21 108 -104 -4 113 18
-146 122 98 216 115 -18 45 104 226 -38
97 45 -113 -206 -13 -213 -36 171 -144 -14
-46 135 119 68 82 31 118 -85 -69 -136
0 -181 308 -60 33 178 -27 -77 -104 40
-104 53 -42 -140 160 -97 84 -188 -87 -108
-6 111 85 41 77 -47 71 -2 -41 -128
92 -189 188 -115 -70 50 -24 -34 -222 76
-141 220 77 0 264 -136 74 28 -42 -310
89 -100 51 -111 58 267 -21 -236 2 219
51 -128 147 -68 24 141 -73 -40 -58 11
-76 -159 -44 -4 -48 -33 -20 -85 -33 85
306 39 73 -302 25 160 1 -84 -216 122
-102 5 -137 139 -20 -79 -28 53 89 -16
-14 76 17 62 97 -83 -27 120 -25 -90
-79 157 95 -179 196 107 41 -19 -14 -70
-73 -67 119 144 -55 187 10 -75 100 15
337 8 55 -119 -92 28 -23 28 -305 -12
-127 -199 59 123 -85 272 -67 -88 214 207
5 148 -52 -40 -19 -22 91 -18 -14 -61
105 -110 2 -119 -47 -79 -128 129 -254 -112
102 151 -118 -163 45 -131 70 -27 -138 -49
44 29 67 -98 161 65 -26 -30 36 43
73 157 61 -278 115 -155 48 73 -326 -244
200 -179 18 -154 -74 -2 -100 3 -208 97
31 102 -54 14 83 142 57 -183 56 53
-78 -70 -165 -65 -72 -94 -36 41 72 97
-4 -54 10 -26 71 1 -42 -52 -64 -41
97 -86 12 -54 -137 214 -49 -38 24 120
94 -78 160 4 -3 114 -84 101 -37 59
52 -19 194 -71 87 -28 -3 -8 -286 -206
125 -49 9 -125 25 -97 -68 51 -142 -85
43 46 78 24 62 171 -72 76 69 -9
-15 56 -49 -34 50 104 27 -78 91 128
8 -146 192 12 39 49 -65 -1 -87 -52
-55 70 -119 58 -57 143 14 -17 212 132
7 -34 83 -23 87 272 -102 50 183 238
-96 89 86 140 106 155 -19 43 216 -48
-211 -28 -28 179 -43 144 -2 1 347 136
26 73 270 123 81 152 18 49 17 -108
-66 -17 108 93 -73 -159 118 -63 -132 -222
-79 162 135 10 235 134 3 39 106 -65
-17 146 -403 87 -151 -112 76 -36 131 103
-198 181 86 229 165 -7 92 23 236 -109
-6 108 -225 29 -103 -164 22 134 89 32
-11 -75 2 -64 -11 -70 -71 86 -86 -63
-158 189 34 236 71 -42 76 70 193 -214
-165 196 -81 78 182 191 57 -114 320 72
-138 130 41 22 116 112 91 -123 95 -68
85 -145 -46 21 -109 84 -6 -159 -85 173
-53 10 -259 60 -122 -201 47 -18 38 30
219 -66 149 -46 -41 99 -13 -78 -259 -43
-10 -1 -3 -68 33 -75 -13 30 -33 -68
40 21 43 -144 103 -62 -46 73 -147 -89
1 58 8 -208 126 85 -43 18 -66 4
-125 0 10 289 -74 54 105 -140 163 15
78 -83 68 -235 -9 -59 -122 211 -116 -19
15 157 69 -270 224 -9 4 31 -137 -153
-24 -15 -18 170 -78 134 -33 37 205 94
3 -48 22 -72 50 -20 -75 83 23 11
-37 33 55 -76 75 124 31 -85 -58 51
84 6 66 9 -54 112 42 -87 -46 14
-334 217 -140 346 113 -215 143 -18 299 -222
-22 -32 81 51 39 130 -78 64 93 7
-44 216 113 -77 272 52 68 -38 -4 -117
-156 24 92 95 60 -40 68 -13 50 -49
82 -133 12 35 -62 -5 -159 192 46 55
94 -133 -26 -2 -171 203 -105 55 127 225
72 -67 -84 -208 0 -53 -33 -66 -186 17
-100 -184 -101 -64 2 22 -66 -116 82 151
22 -239 70 -85 -75 34 -49 -65 -30 186
-126 -230 5 161 -148 -15 -37 -15 108 114
-54 -10 174 -123 99 -29 12 20 -144 -130
-18 -33 39 122 16 99 -113 170 174 98
-69 -135 146 18 30 214 -85 -40 -53 9
-25 121 -83 -26 53 50 -4 18 43 -49
-14 245 141 -30 254 -58 69 68 -75 -206
74 -105 -31 150 -120 115 -108 75 123 114
105 -18 250 80 8 28 -12 89 -50 -109
65 119 5 94 -46 -10 41 29 -109 -183
7 -73 -7 -97 -22 74 -79 61 55 104
-43 2 -24 99 16 140 39 -122 189 196
-132 -5 -42 341 -104 57 82 -113 207 32
-123 64 -43 31 52 -147 50 45 125 -37
-4 29 -104 140 -65 15 -85 163 153 -3
60 107 -261 45 -108 -39 75 -118 -44 21
49 35 237 -185 187 102 -12 -6 -143 -85
4 145 43 110 8 109 -23 198 150 31
-163 191 -190 220 16 -138 146 -63 188 -32
141 61 -52 -46 -105 -56 2 109 -69 -3
159 71 -16 -53 0 3 -32 71 -57 -39
25 -13 -19 11 -48 100 -76 143 192 172
-99 -19 -115 -7 -79 -284 -17 169 -52 -140
-36 -39 334 222 80 263 -16 -11 139 -30
-96 151 -231 -47 28 -109 78 -18 123 74
-36 -62 -12 11 -15 -112 -66 122 -15 -62
-3 55 -85 -49 -29 30 44 -36 21 107
49 -124 181 120 -106 174 -11 -51 21 26
-24 177 70 -83 153 103 137 -161 9 14
69 -103 42 -85 58 -65 -89 16 -120 -89
-94 -156 -10 6 -71 110 -30 -106 67 96
36 59 -87 -98 44 127 55 -146 86 242
149 150 116 -97 188 -65 -18 85 -201 -229
-52 190 -76 -180 50 -297 76 155 -141 -227
79 -194 3 -4 -109 173 -56 -126 -2 224
-4 325 76 -28 228 1 45 150 -22 -199
52 88 -43 -146 50 110 84 -190 -40 75
152 -52 -23 11 -226 73 -20 71 13 122
11 -163 -50 -13 -146 -187 -88 170 -43 10
30 133 -67 20 -71 -176 96 73 -121 -82
81 -70 -72 -49 -84 20 -119 159 97 125
15 7 83 -41 -31 -211 26 121 -206 -200
-18 -3 49 -178 153 -72 -20 -18 -91 -91
-50 132 -33 -10 -31 -85 115 5 -7 -55
55 41 -115 184 -132 -32 122 -193 -10 -29
10 48 -255 -172 -75 -200 51 -23 -66 36
115 -117 -14 -18 -148 -149 -40 87 -157 -22
-252 24 -27 104 44 64 104 -201 110 -36
-52 19 -22 260 -45 79 4 -4 286 22
-70 -83 15 21 -38 56 -32 -31 -10 -34
38 -35 56 128 -12 17 6 -23 75 38
-203 -33 -76 -39 74 -47 -50 55 101 17
-118 -25 -110 92 -95 -159 90 -117 -50 -122
-209 97 27 77 132 -82 68 -3 150 -122
-11 -324 -96 104 -278 -117 -81 8 -58 128
88 -16 108 55 -55 66 25 -29 -74 -14
-216 -55 69 183 11 -57 11 30 171 -95
-113 283 -71 116 144 -161 51 140 30 -311
-186 -308 -12 254 -177 -63 -154 166 212 80
80 174 -69 -30 123 79 58 -123 36 5
-74 -243 -209 121 -217 45 -43 -143 89 258
86 -273 -131 126 -262 -100 -99 18 -41 120
-51 -59 102 113 -56 -55 -64 204 119 -71
91 27 193 -70 48 191 30 -51 -91 63
-9 92 -129 59 -11 -273 64 29 -76 -175
-53 -90 -264 -64 -143 -206 2 10 67 162
-35 116 -19 24 160 62 55 -127 109 15
20 -126 17 160 -125 -39 -24 28 54 56
302 -136 261 -128 -83 318 -156 131 -149 156
-152 -43 -50 147 -97 88 0 -20 127 24
-62 136 55 227 149 50 42 -30 207 -76
-83 58 -178 268 -69 -18 36 -13 313 96
-83 306 -230 102 85 -34 91 1 240 -64
127 225 165 -250 238 64 -13 127 -77 -150
-164 29 70 20 66 -92 30 35 -32 -197
128 -88 -76 -135 -1 176 -31 -214 -68 189
-38 -86 290 58 1 40 83 -113 -126 -124
45 41 -140 -52 6 -87 24 -40 1 64
134 -358 65 18 -359 -124 -84 89 -219 54
36 -196 136 -132 50 121 -58 -154 -115 52
-4 -104 -112 30 -115 53 43 -208 37 140
203 92 -175 -83 -51 21 6 -62 -106 40
103 67 126 -66 4 119 82 -97 -83 4
66 -61 78 24 34 16 -88 77 -110 -43
99 314 84 -148 212 -88 58 138 -110 -248
-23 24 -75 10 27 -256 23 31 -76 -167
205 -40 97 -15 -97 -139 3 59 -215 -154
-21 -222 -67 48 -166 -67 -72 20 23 104
231 22 251 -70 -35 122 -45 167 -184 -32
99 180 171 83 80 -15 -6 245 1 -136
-55 18 90 212 -60 139 10 20 133 -49
63 -144 139 -64 -53 131 -74 -7 -172 -8
-157 28 -216 73 22 -23 -25 7 278 100
83 -84 -49 29 -130 -148 16 -15 -120 -22
-75 -5 -31 -86 137 -5 -35 -46 -53 -26
1 191 8 80 67 -50 40 71 -89 -239
82 -39 22 -56 -20 226 -66 -1 52 197
40 -82 -10 159 -87 43 -70 51 86 28
261 -96 195 -20 -125 143 -79 108 -129 55
187 28 109 -37 17 36 -32 31 -211 -130
-47 -40 -18 -39 -29 -105 -4 19 -202 -107
6 -146 -58 126 -173 -76 -27 -7 6 -14
38 -54 -80 235 -181 2 -63 143 136 84
-1 264 -104 50 20 -170 77 171 -13 -132
101 -27 -152 -276 -6 -188 -57 84 -139 44
54 88 -148 -124 -72 -69 82 -43 -105 78
-48 -131 227 164 13 -32 -85 181 72 -53
31 49 -2 -86 -7 50 79 -106 -12 72
-147 -99 -148 237 -140 -72 28 -72 166 67
72 -214 134 -152 -14 -66 -132 149 -122 69
-26 -145 59 169 -124 -88 -45 95 93 -36
-45 -12 84 99 116 271 7 -196 132 110
35 152 -14 -240 121 27 111 -152 -117 -2
35 79 18 33 39 -12 -61 173 6 -86
38 -79 -7 -6 -42 -162 -83 140 -95 -133
-19 -268 -48 -34 -181 53 -68 -83 16 162
-40 248 10 -2 168 -158 73 55 -145 -348
10 -306 -89 274 -296 121 -68 -93 199 303
36 -227 6 134 -167 231 -119 -3 173 281
-107 -37 -27 -42 -39 27 70 -140 18 44
61 -214 142 100 -161 75 -80 68 -72 79
43 -26 -70 42 -137 124 19 -79 64 121
70 -105 240 -48 0 162 -12 -42 -116 58
-21 -7 -252 -19 -115 -127 56 -69 72 167
-12 98 -67 -29 119 15 -2 4 98 65
106 -74 -4 -111 -54 -32 53 -137 -205 109
-123 175 75 145 163 48 76 9 253 -19
102 -43 56 -141 102 136 -79 -63 -83 12
13 263 -11 -146 160 141 104 -101 13 -19
-48 50 124 23 104 -141 20 83 -7 -202
110 -71 -15 69 -35 -101 -135 172 -81 -124
85 22 13 9 -25 117 39 -109 41 70
-28 -30 119 31 -8 102 12 -44 -42 -49
-152 -172 -164 39 -69 94 -6 -210 153 253
-61 108 93 -113 141 -47 42 32 -146 -137
-111 32 -145 106 83 88 39 -193 216 138
160 -73 71 -221 -48 135 -101 105 -124 136
167 211 -126 -270 86 132 25 -39 -91 119
141 14 161 49 38 157 -43 12 -106 -64
-78 104 109 203 110 145 99 -129 154 38
-60 208 -156 137 53 -143 45 97 117 -113
114 -111 100 -129 -17 172 -57 -36 -132 169
-20 -441 -33 36 -279 -13 -121 -48 -51 226
201 -40 -14 -379 39 -50 -84 49 -295 6
-61 -40 -3 -48 -19 214 -39 -33 102 147
88 320 -82 -10 61 -181 137 70 1 -170
-13 232 56 -243 258 -9 83 -49 -112 -135
-6 44 -199 31 -33 104 -28 -9 223 218
18 -95 250 -68 24 -13 7 -14 -266 -159
87 -83 34 73 -73 132 -6 -82 -19 162
146 -97 25 -264 7 -67 -19 -90 -365 -41
-15 91 -158 45 -32 -62 -55 205 177 66
-102 145 -139 -87 63 -67 51 9 43 -30
-153 155 -161 66 106 33 27 -23 268 17
-159 119 -39 51 140 24 2 40 124 -35
129 -222 1 -116 -112 -120 -38 -71 -244 49
177 -8 -33 71 -178 -48 -46 164 -48 1
164 152 102 -104 104 100 -51 163 5 -30
266 106 -139 -31 -158 -142 43 76 -163 7
136 95 84 -281 32 -76 13 102 -275 -148
56 55 -38 115 85 76 -80 51 75 -8
-261 263 -42 189 194 104 72 4 400 -81
180 -128 73 -150 -5 146 -181 125 -102 98
-23 -8 -100 40 74 126 -66 -25 220 203
-54 99 122 -22 177 108 94 -203 -107 -123
-171 31 124 179 156 120 -78 115 206 -77
0 -87 -130 -38 -56 234 -27 -152 163 357
92 20 36 -200 -9 0 -3 -1 -266 -118
112 -110 -76 -100 -199 -107 18 -22 -206 61
201 -234 162 71 -196 225 -144 71 -89 122
154 -211 56 -265 -55 -7 -43 -116 -335 89
-205 -1 -61 67 -35 -235 73 41 -21 -92
-145 -5 40 207 38 -70 -61 169 109 -121
112 -3 51 -117 -1 171 -4 -103 -104 29
-161 127 16 -72 134 -48 17 84 67 -147
79 132 -244 18 -115 -231 40 110 -44 -48
-46 284 -103 201 65 -201 127 59 97 -221
133 -166 342 -13 -125 -1 -32 102 -268 -176
69 -56 201 39 54 87 -74 96 -33 -14
72 -67 34 38 -20 180 -20 -85 24 207
39 43 -55 -60 -11 -85 3 71 75 19
9 -159 31 87 -155 -37 6 -58 -122 -9
91 38 -33 -231 1 10 113 -217 -154 51
-66 96 -194 193 -114 30 42 -8 210 40
-195 -199 2 44 6 68 -72 -48 112 141
-224 4 -179 113 16 9 17 -76 224 92
-95 61 -96 109 -34 -90 23 44 87 -100
-9 235 91 -70 177 229 88 -95 60 -17
177 -62 -34 -126 -123 32 -61 57 -118 80
-168 66 43 177 -51 -113 138 -46 -4 -189
-50 29 170 -56 124 59 19 -3 -24 -51
22 -16 289 103 45 155 -16 73 44 -28
58 33 130 -83 4 -94 30 94 -142 -107
-110 81 -357 195 -73 -120 35 -7 298 167
56 215 -14 52 68 -10 168 -171 -38 -102
86 147 88 -70 72 -80 23 152 -89 -104
-80 -43 74 -20 58 129 -44 -20 45 -7
-124 51 112 67 99 -178 41 70 -44 -258
122 49 117 -206 126 170 -24 -6 -10 126
-120 -96 -28 -79 -8 -49 16 -82 3 29
144 -106 -6 -26 -162 -82 -38 86 -106 56
49 -26 80 -112 1 -47 -10 9 -288 -160
-122 -31 73 10 159 162 23 -213 60 40
-106 137 -195 118 47 72 75 -145 262 88
217 -117 168 -58 -66 28 10 -128 -310 -101
-181 32 22 42 133 29 13 1 237 75
80 233 -198 -128 12 20 98 -46 24 122
-33 -334 23 -85 -123 183 -87 -161 7 287
-97 86 2 97 65 -83 -2 117 92 -117
-1 6 -33 -25 -4 -118 -19 54 -135 -146
-123 -113 -77 -58 -2 -143 -2 -57 -19 -1
-69 -37 -122 42 43 45 -31 -83 173 121
11 56 32 -132 46 141 17 -60 -110 22
105 -24 120 55 -104 -70 -49 190 -149 -173
115 -23 237 -212 82 193 -78 84 -157 16
78 32 102 -100 33 176 25 -70 -78 86
4 -40 9 -63 62 314 -5 -241 59 182
26 225 101 -178 191 -10 75 -3 -164 -227
94 80 72 37 8 -14 103 -94 -89 -48
-3 -38 63 102 26 183 -38 -47 25 81
15 -16 -117 -84 56 78 -86 -8 -16 99
-62 -103 -31 62 11 -173 1 -42 -67 -31
32 68 25 -80 -41 -103 80 27 -100 -59
-32 -148 107 -23 -75 4 22 -68 -55 48
-47 49 214 95 164 151 -35 47 38 -92
23 -84 208 -71 126 11 -150 183 -127 -152
122 -13 161 -57 -72 -92 37 29 -321 -236
-132 133 -80 -84 192 13 1 -7 80 -23
-80 -120 -48 99 -198 122 -33 29 139 161
-65 7 64 -36 125 -54 44 -63 37 6
234 -66 101 29 -97 122 -73 55 -74 40
-146 -84 -101 25 -29 -1 -66 29 60 28
-132 -177 68 26 -79 179 -33 -52 109 206
293 -77 -26 -23 -233 -152 -35 128 -226 -11
218 -74 167 26 -36 168 -160 226 0 117
-7 -161 142 -38 -72 200 -62 8 -8 170
-119 52 119 2 129 191 67 -156 3 20
112 92 158 11 135 46 -109 200 -120 -224
77 -95 113 -117 89 158 -119 10 -78 44
-181 8 59 23 25 -131 115 -89 -89 -154
-188 -3 41 184 45 -12 20 -11 87 -97
39 -68 46 -224 82 -48 -76 43 -184 -47
69 -102 -110 18 -217 -265 76 -59 -178 -49
-99 86 -164 -77 80 -23 34 -52 91 105
-98 -58 134 29 17 227 -7 -51 111 116
106 -339 -13 78 -311 -145 -104 80 -136 66
-99 -84 -207 225 -154 -166 -29 86 221 94
-29 -101 -122 137 -172 -4 -55 82 185 151
-1 133 -45 79 -59 -26 26 125 3 -80
-51 133 29 209 -11 -27 117 -11 171 -42
-99 95 -89 -129 73 -165 107 -102 -47 -116
46 -94 127 -13 36 126 -30 -100 -64 2
-88 108 -87 219 19 -51 27 28 231 -99
78 -148 15 -42 -58 79 -80 -34 -127 77
10 127 -75 -100 82 16 58 -87 8 -7
-122 -143 -109 53 -66 94 -38 -85 174 231
-106 -118 -164 -184 2 -29 -13 -135 -68 162
12 -99 20 -64 8 139 48 -246 33 201
9 108 69 -69 58 104 109 -155 -29 -39
-146 -96 15 107 -29 -5 -24 6 188 -8
-43 -96 11 5 67 110 -29 -153 54 70
11 -190 -144 85 -189 -113 -76 80 124 192
-46 152 -26 -37 103 -191 64 36 -130 -239
-3 34 -90 -114 -38 -43 10 26 -39 12
37 -145 -13 75 -72 -1 -134 125 25 50
-47 -57 -63 40 33 189 -80 -22 258 239
-67 170 -53 -14 125 31 96 -123 68 -47
-21 251 -143 16 101 -108 95 -11 84 -115
-203 70 -115 -71 139 -125 66 -88 66 -36
88 183 170 -127 175 -86 73 40 -224 -230
219 -4 -166 -181 -111 -58 -58 97 -75 170
9 95 -71 158 10 -141 36 23 37 -151
71 -41 1 -94 -30 -227 -42 165 -103 -73
14 94 -128 45 15 35 68 -151 2 18
-159 -22 -26 -123 116 -33 80 -200 11 44
113 -207 95 -68 -201 -13 -49 64 -169 91
131 58 165 -282 127 179 25 -104 -197 11
-205 -36 -53 36 -11 128 26 -138 137 28
-31 -168 -102 -46 -42 -40 -134 83 78 121
94 63 281 29 15 80 94 -23 -129 -103
51 -52 242 -48 86 27 -39 25 -238 -191
136 87 -235 -129 -74 -27 43 -85 -8 110
-139 18 -54 256 -8 -7 -85 198 254 -21
-29 101 53 122 31 -38 -11 187 66 -59
-116 201 -60 -57 182 -33 20 32 79 -190
-4 261 0 -67 65 -186 129 75 -188 -269
48 -6 -35 -145 51 -65 -76 96 -60 -34
-37 4 -8 162 -70 42 -17 62 17 -18
-30 234 -196 47 83 -184 74 12 15 -182
197 -182 99 -304 -55 -49 -67 15 -365 73
12 -16 86 47 12 14 37 -69 -105 -44
-101 -49 -217 43 -107 -197 -43 103 85 -19
184 3 8 -137 10 -29 43 -142 -248 -35
58 -223 -5 6 -161 -8 -82 -9 -101 43
136 292 33 -244 145 141 111 -74 -175 -28
-107 -51 194 104 85 238 2 -95 135 62
-35 -162 49 -59 36 -26 -49 -65 -35 27
39 -221 8 -8 -95 69 -90 -47 -82 129
-65 -98 109 -161 100 192 -93 -26 -43 45
-58 -188 53 187 -109 -140 12 -50 33 -46
-82 314 -233 -16 79 -190 221 -133 92 -68
-54 -45 138 -131 96 61 -21 -2 -92 -1
-141 -55 62 -32 57 115 25 -142 83 14
-189 144 -169 129 41 -99 69 20 235 -8
-20 306 -19 83 21 -14 173 -34 -20 -212
-3 70 -34 -223 135 114 19 -116 -76 93
201 -131 127 -219 -64 28 -76 56 -230 34
80 -121 7 55 -59 -205 -77 93 -117 -171
132 -132 -74 -11 -118 -48 -109 70 -113 20
31 264 -7 30 199 59 35 35 139 -68
47 -63 85 -64 -46 7 -41 71 -142 -34
96 60 150 -80 72 1 46 -6 -169 -60
165 173 -107 -57 19 -8 82 -114 -83 -64
27 -37 -32 7 -10 -170 -43 69 -53 -158
-85 -172 96 203 -62 5 -114 149 147 7
-130 20 -93 147 49 -279 52 -23 22 -191
55 81 9 52 37 37 50 -39 98 69
-20 -142 -13 -56 -125 107 -69 50 81 203
169 -269 86 -6 -228 -107 -71 55 -204 21
-76 -36 -97 111 -147 54 96 -124 177 238
199 -5 3 -154 -11 100 0 -95 -101 112
-43 90 157 63 31 -180 25 207 -70 -283
-86 -110 -241 -2 -179 -130 26 -41 125 217
-81 -204 -97 -17 -110 3 -13 -156 -26 134
-95 -49 85 7 71 25 -12 -11 86 6
176 -23 59 -142 29 107 -114 112 18 76
171 -267 107 -68 -104 292 -90 -143 6 359
-108 -188 -49 192 -230 -47 8 -11 61 112
15 116 -105 193 -90 -20 78 -33 74 -55
-233 53 -23 275 0 145 130 -209 299 68
-62 238 -141 53 62 -186 126 43 140 -36
-76 -10 48 -6 -32 -73 46 16 -43 -64
96 102 -14 15 15 108 21 -42 -80 1
-43 52 -2 95 -48 -257 12 185 -23 -247
4 -116 52 -17 -2 204 -10 -154 148 227
132 -310 265 -59 -137 90 -180 173 -207 38
37 84 -95 48 -34 -195 91 -79 -102 -217
68 23 -160 -59 -50 89 8 -103 47 152
-89 4 82 133 89 -49 -48 97 72 -163
168 283 59 -69 141 21 11 148 -145 -179
204 -316 -27 -68 -221 -50 -131 6 -230 130
61 3 256 -109 54 -13 -55 197 -184 -187
-33 232 -45 12 82 -191 130 28 9 -179
2 -64 17 11 -48 -10 -12 38 98 110
-99 -10 -50 5 68 -44 -58 79 96 7
111 -19 -107 -57 -77 40 -131 183 52 98
4 -189 18 5 -30 214 -58 -154 92 263
-182 82 -186 135 -6 77 -18 71 359 158
-151 2 0 157 97 80 -2 -52 265 71
18 140 -45 66 52 -45 -53 185 -30 -145
162 -229 -68 -225 -124 -4 -88 -98 -270 96
-8 -257 -9 -43 -118 34 -58 -96 -20 169
98 -203 136 -79 -1 370 -123 -134 24 211
138 -49 -86 -112 33 108 -88 -56 -23 144
164 -114 92 78 -175 -54 -51 135 -62 -6
-35 125 152 213 -31 107 105 11 137 -57
-99 54 -64 47 54 -136 21 40 21 -75
63 -128 -21 67 -155 58 -107 129 42 118
-31 159 -65 21 20 -174 70 83 16 -150
189 168 18 -166 148 88 -1 6 -7 35
-158 160 18 -111 223 -70 40 10 -33 -194
162 -4 49 -86 -73 -61 -31 139 -155 -6
54 47 -1 -118 103 -19 -27 47 -39 43
-127 47 78 -187 103 -66 151 -189 -124 -83
250 -369 92 -207 -205 164 -224 69 -243 205
64 32 174 38 32 179 -26 84 53 74
67 -16 -107 -148 -74 -1 -49 55 -108 57
63 -3 36 58 -72 143 3 4 66 145
98 0 68 -68 -67 -137 84 -71 -280 -196
339 -121 157 -161 -122 70 -45 10 -365 76
16 -172 172 -26 -69 302 -70 -9 67 281
108 38 -13 -32 -109 33 -6 104 -56 67
95 38 32 147 -83 -45 -25 155 21 -77
-151 -66 77 128 73 83 39 -158 83 36
12 -176 -212 -113 -27 -38 -136 2 65 230
20 117 -51 -170 118 -12 -3 -9 -183 -117
-31 -11 -289 -82 18 -59 -70 7 113 188
166 91 71 -80 97 -91 50 -18 -176 -59
-59 -142 -199 157 -178 -4 -24 -67 180 192
-34 89 -32 -1 -3 -21 66 -35 -16 -72
-54 137 119 -87 226 61 39 -48 -54 -124
100 123 130 -15 116 38 -27 147 -51 -49
91 -160 -96 -121 -190 -65 -57 31 -76 101
20 -33 135 -1 30 -50 -14 27 -178 -184
154 -58 197 -258 -1 19 -29 50 -319 -76
256 -161 206 -91 -111 106 -52 2 -265 73
26 -247 126 86 -115 -17 -15 -69 17 108
-63 -261 -57 90 -174 -97 -13 -104 24 96
12 11 -21 6 34 46 -63 96 121 96
-1 -178 -58 -205 -78 -136 -26 -41 -174 60
69 16 -53 34 -64 -168 10 87 -76 -41
-33 146 -140 89 -54 44 38 42 160 34
192 9 210 -264 91 4 43 -99 -362 -143
-137 52 213 242 65 202 55 -21 188 6
-112 78 -11 185 -48 29 120 -109 107 -47
-61 -41 269 134 -16 89 74 -62 -23 -111
-24 92 -10 90 -3 -25 35 67 61 -13
-158 184 69 235 33 -167 87 154 93 -309
245 -66 -112 -144 -49 88 -101 -33 -160 141
155 98 123 -180 -6 -76 53 55 -341 -205
63 -2 -49 -99 -89 -78 93 -126 -150 -12
90 72 -11 -66 -109 -54 63 18 -176 -105
-44 -308 100 119 -113 -5 -106 4 6 46
-260 69 50 77 161 57 46 -42 244 -18
-70 117 33 2 41 -233 37 163 -51 -281
-21 168 -152 65 3 -271 105 24 -11 -169
176 -27 176 -96 -31 63 -3 11 -171 -45
-92 72 -84 113 -92 17 63 16 182 54
15 -110 197 -297 98 114 -41 -46 -191 38
-188 -12 -88 87 19 -60 65 -123 154 0
-73 21 48 55 73 -199 3 89 -51 -212
-58 209 -25 -6 41 -31 87 87 109 -29
-114 -105 -92 127 -74 94 -98 67 178 140
-68 -45 -54 190 -5 4 -14 -12 285 122
-52 169 103 18 182 183 137 -194 102 82
140 -105 -139 -7 -179 110 -88 38 79 266
-141 -65 26 31 -11 -43 92 -151 -16 21
-55 221 -137 -70 119 -203 52 70 -60 -223
-17 -9 -62 -36 -73 -172 12 44 -253 -163
165 -190 52 -29 -49 137 -181 112 7 216
94 165 -81 47 47 -92 51 -5 54 -124
83 -197 234 -109 -26 10 -95 88 -203 -36
-134 -24 8 88 1 -79 103 -153 43 -60
257 -12 84 -168 -57 61 -1 -29 -267 15
100 -229 63 -188 -103 91 -127 20 -249 85
-161 152 -126 287 9 -61 144 -133 176 -85
-11 99 -118 16 58 105 84 -239 11 28
66 -86 -107 -33 -162 1 -91 108 -22 50
-4 111 4 137 41 -21 26 58 118 -50
258 34 87 -78 -46 132 -8 -20 -218 0
-30 -79 -110 74 -136 119 -34 -25 189 177
-29 85 -102 42 38 -1 46 -105 71 -61
-47 172 -259 13 -64 -23 56 23 139 69
177 -128 -242 -239 -207 -164 -20 -57 -215 112
68 -157 163 43 -42 17 -34 -25 -143 -21
-130 -4 14 14 89 178 15 -147 100 71
-234 264 -122 191 126 -85 131 -34 262 -176
-45 188 -46 26 125 1 14 81 144 -52
147 99 151 -172 128 67 -13 59 -160 -56
35 18 -146 -30 -67 131 -46 16 144 179
-52 96 -99 -70 138 37 26 -75 115 117
219 -113 144 -106 -50 -66 -155 270 -199 -37
-85 33 186 117 144 81 -41 62 72 -177
-5 -131 185 142 -84 -43 -11 55 -12 -91
24 19 137 -15 154 -182 16 -11 -208 -291
37 18 152 -63 98 192 -62 60 -28 42
-54 -4 -207 63 -135 -100 11 54 124 129
-95 -10 -121 -86 -24 -15 -31 21 -2 -4
-37 -80 77 -7 -69 -189 15 92 -111 -101
1 1 -3 -34 7 -92 73 -121 -176 -91
-3 -296 117 35 -129 182 -141 52 80 256
55 202 -47 35 112 -52 48 33 78 -71
75 -2 -144 -206 -46 -124 -7 -3 -113 -10
-4 10 -48 -52 21 228 17 -180 90 148
134 -106 85 48 -130 46 -12 -61 -150 -80
149 -71 74 -98 -38 310 -106 12 -36 204
46 -93 -95 92 -199 -7 -55 96 69 109
56 148 91 -55 173 227 -46 52 72 23
-151 7 -25 26 12 -2 106 -180 110 -11
124 64 -221 22 -131 26 1 -29 -46 65
7 -17 94 -32 -4 21 19 -36 -156 -100
250 -103 20 -142 -126 -103 -67 101 -202 9
47 69 28 -44 -81 -151 6 207 -184 -146
-84 347 -179 -13 83 -115 220 -96 116 -61
-13 261 -216 -20 107 -26 104 -122 97 -70
-3 -70 63 -113 7 191 8 -130 16 172
9 -42 173 50 78 125 -1 -91 -58 -46
-89 60 155 204 25 169 94 -87 160 31
141 -74 -33 165 -66 46 -95 42 71 48
143 -43 65 -177 -3 113 -71 50 -55 102
-6 84 39 106 98 119 25 -92 80 -50
-96 86 -66 88 13 28 -12 127 249 99
-202 190 40 156 172 37 95 -58 162 -157
-94 -21 60 50 -31 -103 27 68 43 -79
-107 -267 -118 176 -257 -43 -43 -60 67 91
78 -71 56 -19 -28 147 8 -136 -67 111
3 43 209 -36 130 -63 -1 72 -158 -253
-86 -219 16 62 -156 -70 -86 128 18 76
-260 80 -213 17 60 -62 147 -255 157 27
-31 -65 51 -145 8 -60 -101 224 -21 32
-159 -181 112 241 -201 -56 36 27 57 -6
161 -68 218 -16 40 77 -146 226 -61 -8
-170 -126 -188 123 -115 13 17 -150 191 161
-4 -170 22 100 -71 60 -87 -14 -42 25
66 -148 228 -74 -35 35 -61 97 -171 19
107 100 112 75 76 77 48 -32 33 5
-87 -23 -210 -38 -105 -157 -35 133 99 80
-43 -49 147 -81 147 -82 -57 81 -136 -120
